{
"type": "FeatureCollection",
"name": "landcover_with_cn",
"crs": { "type": "name", "properties": { "name": "urn:ogc:def:crs:OGC:1.3:CRS84" } },
"features": [
{ "type": "Feature", "properties": { "cn": 98, "tags": { "leisure": "nature_reserve", "name": "Durgam Cheruvu", "name:fa": "دریاچه درگم چرووو", "name:ml": "ദുർഗ്ഗം ചെരുവ്", "name:te": "దుర్గం చెరువు", "natural": "water", "tourism": "attraction", "water": "lake", "wikidata": "Q5316410", "wikimedia_commons": "Category:Durgam Cheruvu", "wikipedia": "en:Durgam Cheruvu" } }, "geometry": { "type": "Polygon", "coordinates": [ [ [ 78.3883521, 17.4265219 ], [ 78.3877351, 17.4267765 ], [ 78.3873285, 17.427073 ], [ 78.3869215, 17.4274405 ], [ 78.3861691, 17.4280771 ], [ 78.3860001, 17.4281872 ], [ 78.3859464, 17.4283356 ], [ 78.3860162, 17.4286581 ], [ 78.3861154, 17.4287681 ], [ 78.3862576, 17.4287834 ], [ 78.3865392, 17.4287169 ], [ 78.3868101, 17.4286376 ], [ 78.3869496, 17.4286325 ], [ 78.3870649, 17.428699 ], [ 78.3871186, 17.4287374 ], [ 78.3872111, 17.4287502 ], [ 78.38725, 17.4287924 ], [ 78.3872285, 17.4288346 ], [ 78.3871588, 17.4288756 ], [ 78.3871374, 17.4289549 ], [ 78.3872004, 17.429056 ], [ 78.3873989, 17.4291404 ], [ 78.3874525, 17.4292095 ], [ 78.3874834, 17.4293055 ], [ 78.3876598, 17.4299127 ], [ 78.3877704, 17.4301628 ], [ 78.3879313, 17.430434 ], [ 78.3879662, 17.4304673 ], [ 78.3880708, 17.4304494 ], [ 78.388229, 17.4303957 ], [ 78.3883578, 17.4304136 ], [ 78.3884731, 17.4304724 ], [ 78.3886662, 17.4307053 ], [ 78.3888304, 17.4310124 ], [ 78.3889161, 17.4311432 ], [ 78.3891517, 17.4313284 ], [ 78.3892134, 17.4314001 ], [ 78.3892442, 17.4315204 ], [ 78.3892362, 17.4316278 ], [ 78.3892013, 17.4317366 ], [ 78.389153, 17.4318313 ], [ 78.3891276, 17.4319388 ], [ 78.3890051, 17.4320219 ], [ 78.3889997, 17.4320682 ], [ 78.3890304, 17.4321047 ], [ 78.3890126, 17.432126 ], [ 78.3889479, 17.4324561 ], [ 78.3887185, 17.4328418 ], [ 78.3887317, 17.4328953 ], [ 78.3887816, 17.432933 ], [ 78.3888064, 17.4329521 ], [ 78.3888301, 17.4329662 ], [ 78.3889483, 17.4329828 ], [ 78.3890573, 17.4330328 ], [ 78.3890773, 17.4330781 ], [ 78.3890652, 17.4331786 ], [ 78.3891289, 17.4332592 ], [ 78.3891245, 17.4332833 ], [ 78.3891469, 17.4333159 ], [ 78.3891873, 17.4333627 ], [ 78.3891832, 17.4334808 ], [ 78.3892061, 17.4334998 ], [ 78.3891765, 17.4335432 ], [ 78.3891134, 17.4335339 ], [ 78.3890762, 17.4335523 ], [ 78.3890635, 17.4335954 ], [ 78.3890858, 17.4336423 ], [ 78.3891384, 17.43366 ], [ 78.3891738, 17.43364 ], [ 78.3891884, 17.4337071 ], [ 78.3891719, 17.433746 ], [ 78.3891811, 17.4338133 ], [ 78.3891967, 17.4338129 ], [ 78.3892398, 17.4338371 ], [ 78.3892509, 17.433877 ], [ 78.3892416, 17.4338768 ], [ 78.3892329, 17.4339139 ], [ 78.3892722, 17.4339643 ], [ 78.3892462, 17.4340582 ], [ 78.3892622, 17.4341098 ], [ 78.3892505, 17.4341225 ], [ 78.3892559, 17.4341409 ], [ 78.3892796, 17.4341729 ], [ 78.3893563, 17.4341592 ], [ 78.389424, 17.4341959 ], [ 78.3894658, 17.4342671 ], [ 78.3894875, 17.4344894 ], [ 78.3895138, 17.4347425 ], [ 78.3895038, 17.4348156 ], [ 78.3895212, 17.4348941 ], [ 78.3894867, 17.434954 ], [ 78.3894846, 17.4350265 ], [ 78.3894068, 17.4350525 ], [ 78.3893706, 17.4351248 ], [ 78.3892943, 17.4350978 ], [ 78.3892495, 17.4351251 ], [ 78.3892132, 17.435117 ], [ 78.389112, 17.4351688 ], [ 78.3890017, 17.4351294 ], [ 78.388931, 17.43518 ], [ 78.3887947, 17.4352613 ], [ 78.3888133, 17.4355583 ], [ 78.3890223, 17.4357295 ], [ 78.3890919, 17.435838 ], [ 78.38911, 17.4359516 ], [ 78.3891981, 17.4360442 ], [ 78.3892501, 17.4359948 ], [ 78.3894038, 17.4360284 ], [ 78.3896613, 17.4359983 ], [ 78.390407, 17.4358924 ], [ 78.3905424, 17.4358444 ], [ 78.3906017, 17.4358253 ], [ 78.3906671, 17.4358041 ], [ 78.3907738, 17.4358073 ], [ 78.3908831, 17.4358252 ], [ 78.3909789, 17.4358598 ], [ 78.3913296, 17.4359449 ], [ 78.391502, 17.4359756 ], [ 78.3915355, 17.4359756 ], [ 78.3915737, 17.4359704 ], [ 78.3916086, 17.4359506 ], [ 78.3916294, 17.4359321 ], [ 78.3916401, 17.435895 ], [ 78.3916113, 17.4347959 ], [ 78.3916133, 17.4347549 ], [ 78.3916052, 17.4347121 ], [ 78.3915838, 17.4346833 ], [ 78.3913162, 17.4345451 ], [ 78.3912794, 17.4344907 ], [ 78.3912539, 17.4344216 ], [ 78.3912277, 17.4342297 ], [ 78.3912519, 17.433945 ], [ 78.3912773, 17.4338887 ], [ 78.3913122, 17.4338593 ], [ 78.3914208, 17.4338427 ], [ 78.3914933, 17.4338414 ], [ 78.3915543, 17.4338164 ], [ 78.3916917, 17.4337249 ], [ 78.3917722, 17.4336686 ], [ 78.3918037, 17.4336181 ], [ 78.3918198, 17.4335695 ], [ 78.3918171, 17.4335247 ], [ 78.3917937, 17.4334057 ], [ 78.3917219, 17.4332848 ], [ 78.3916824, 17.4332138 ], [ 78.3916763, 17.433162 ], [ 78.391677, 17.4331127 ], [ 78.3917018, 17.4330551 ], [ 78.3918205, 17.432924 ], [ 78.3918527, 17.4328459 ], [ 78.3918694, 17.4327967 ], [ 78.3918768, 17.4327532 ], [ 78.3918768, 17.4327225 ], [ 78.3918641, 17.4327052 ], [ 78.3918487, 17.4327033 ], [ 78.3918165, 17.4327199 ], [ 78.3917736, 17.4327365 ], [ 78.3917434, 17.432732 ], [ 78.3917105, 17.4327116 ], [ 78.3916864, 17.4326585 ], [ 78.3916663, 17.4325971 ], [ 78.3916482, 17.4325491 ], [ 78.3915979, 17.4324582 ], [ 78.3915496, 17.4324032 ], [ 78.3914436, 17.4323226 ], [ 78.3913323, 17.4322829 ], [ 78.3912559, 17.4322817 ], [ 78.391154, 17.4322919 ], [ 78.3910252, 17.43232 ], [ 78.3908857, 17.4323213 ], [ 78.3907315, 17.4322753 ], [ 78.3906698, 17.432219 ], [ 78.3906524, 17.4321268 ], [ 78.3906497, 17.4319976 ], [ 78.3906604, 17.4318441 ], [ 78.3907127, 17.4317161 ], [ 78.390808, 17.4316669 ], [ 78.3908334, 17.4315798 ], [ 78.3908381, 17.4315044 ], [ 78.3908301, 17.4314513 ], [ 78.3908153, 17.4314135 ], [ 78.3906135, 17.4310981 ], [ 78.39058, 17.4309663 ], [ 78.3905438, 17.4307616 ], [ 78.3905411, 17.4303163 ], [ 78.3905572, 17.4301321 ], [ 78.3906215, 17.4299299 ], [ 78.3908951, 17.4295435 ], [ 78.3910748, 17.4293388 ], [ 78.3912934, 17.429207 ], [ 78.3914624, 17.429088 ], [ 78.391563, 17.4289779 ], [ 78.3916368, 17.4289357 ], [ 78.391728, 17.4289204 ], [ 78.3922986, 17.4287946 ], [ 78.3927378, 17.4286555 ], [ 78.3931482, 17.4284648 ], [ 78.3933775, 17.4283766 ], [ 78.3936498, 17.428319 ], [ 78.3938643, 17.4282652 ], [ 78.3939663, 17.4281667 ], [ 78.3940333, 17.4280784 ], [ 78.3940467, 17.4279697 ], [ 78.3940038, 17.4278084 ], [ 78.3938831, 17.4275065 ], [ 78.3937812, 17.4272813 ], [ 78.3937034, 17.4271239 ], [ 78.393631, 17.4270868 ], [ 78.3935103, 17.4270791 ], [ 78.3934043, 17.4270893 ], [ 78.3932877, 17.4271482 ], [ 78.3928759, 17.4272019 ], [ 78.3927432, 17.4271955 ], [ 78.3923542, 17.4271584 ], [ 78.3921853, 17.4270612 ], [ 78.3920458, 17.4269563 ], [ 78.3919787, 17.4267413 ], [ 78.3919653, 17.4266748 ], [ 78.3918849, 17.4266441 ], [ 78.3917829, 17.4267004 ], [ 78.3916086, 17.4267592 ], [ 78.391335, 17.426749 ], [ 78.3912116, 17.4266876 ], [ 78.3910534, 17.4266505 ], [ 78.3909541, 17.4266492 ], [ 78.3908857, 17.4267016 ], [ 78.3908764, 17.4267567 ], [ 78.3909434, 17.4268078 ], [ 78.3909944, 17.4268488 ], [ 78.390993, 17.4268808 ], [ 78.3909803, 17.4268993 ], [ 78.3909427, 17.4268968 ], [ 78.3908857, 17.4268788 ], [ 78.3908509, 17.426891 ], [ 78.3908361, 17.4269294 ], [ 78.3908267, 17.4269633 ], [ 78.3908522, 17.4271712 ], [ 78.3908978, 17.4272761 ], [ 78.3909555, 17.4273069 ], [ 78.3910346, 17.4273081 ], [ 78.3910896, 17.4273593 ], [ 78.3911392, 17.4274246 ], [ 78.3911405, 17.427518 ], [ 78.3911245, 17.4275845 ], [ 78.3910775, 17.4276843 ], [ 78.390981, 17.4277457 ], [ 78.3908764, 17.427715 ], [ 78.390808, 17.4277112 ], [ 78.3907463, 17.4277355 ], [ 78.3907329, 17.4277688 ], [ 78.390757, 17.4278136 ], [ 78.3908522, 17.4278801 ], [ 78.3910252, 17.4280093 ], [ 78.391099, 17.428081 ], [ 78.3911365, 17.4281015 ], [ 78.3912063, 17.4280848 ], [ 78.39128, 17.4280951 ], [ 78.3913524, 17.428145 ], [ 78.39139, 17.4282345 ], [ 78.3913659, 17.4282678 ], [ 78.3912639, 17.4283036 ], [ 78.3911768, 17.4283267 ], [ 78.3910185, 17.428383 ], [ 78.3909407, 17.428365 ], [ 78.3908978, 17.4283561 ], [ 78.3908562, 17.4283842 ], [ 78.3908468, 17.4284252 ], [ 78.3908026, 17.4284456 ], [ 78.3906658, 17.4284316 ], [ 78.3905853, 17.4283945 ], [ 78.3905236, 17.4282588 ], [ 78.3904687, 17.4281616 ], [ 78.3903822, 17.4280949 ], [ 78.3903252, 17.4280835 ], [ 78.3902608, 17.4281015 ], [ 78.3902326, 17.4281245 ], [ 78.3901575, 17.4281194 ], [ 78.3901079, 17.4280938 ], [ 78.3900824, 17.4280618 ], [ 78.3900972, 17.4280042 ], [ 78.3901052, 17.4279287 ], [ 78.3901267, 17.4278878 ], [ 78.3901897, 17.4278801 ], [ 78.3902407, 17.4278929 ], [ 78.3902554, 17.4278891 ], [ 78.3902601, 17.427875 ], [ 78.3902313, 17.4278359 ], [ 78.3902145, 17.4277841 ], [ 78.3902353, 17.4277521 ], [ 78.390291, 17.427747 ], [ 78.3903915, 17.4277771 ], [ 78.3905008, 17.4277944 ], [ 78.3906028, 17.4277784 ], [ 78.390637, 17.4277387 ], [ 78.390647, 17.4276626 ], [ 78.3906738, 17.4275909 ], [ 78.3907248, 17.4275628 ], [ 78.3907999, 17.4275551 ], [ 78.3908334, 17.4275167 ], [ 78.3908321, 17.427445 ], [ 78.3908281, 17.4273862 ], [ 78.3907972, 17.4272979 ], [ 78.3907221, 17.4272454 ], [ 78.3904767, 17.4271482 ], [ 78.3904231, 17.4270881 ], [ 78.3903855, 17.4270126 ], [ 78.3903466, 17.4269985 ], [ 78.3902568, 17.4270036 ], [ 78.3901615, 17.4270049 ], [ 78.3901119, 17.427019 ], [ 78.3901066, 17.4270535 ], [ 78.3901334, 17.4270842 ], [ 78.3901441, 17.4271149 ], [ 78.390132, 17.4271418 ], [ 78.3900905, 17.4271469 ], [ 78.3900234, 17.4271252 ], [ 78.3899711, 17.4270996 ], [ 78.3899711, 17.4270535 ], [ 78.3899952, 17.4270279 ], [ 78.3900341, 17.4270343 ], [ 78.3900553, 17.4270414 ], [ 78.3900734, 17.4270417 ], [ 78.3900801, 17.4270308 ], [ 78.390073, 17.4270113 ], [ 78.3900502, 17.4269819 ], [ 78.3900234, 17.4269486 ], [ 78.390002, 17.4269243 ], [ 78.3900033, 17.4268693 ], [ 78.3899436, 17.4267694 ], [ 78.389947, 17.4267192 ], [ 78.3899842, 17.4266856 ], [ 78.3900244, 17.4266741 ], [ 78.3900824, 17.4266773 ], [ 78.3901659, 17.4266924 ], [ 78.3902055, 17.4266911 ], [ 78.3902822, 17.4267208 ], [ 78.3903292, 17.4267221 ], [ 78.3903553, 17.4267099 ], [ 78.390358, 17.4266716 ], [ 78.3903386, 17.4266165 ], [ 78.3902896, 17.426559 ], [ 78.3902594, 17.4265417 ], [ 78.3902467, 17.426511 ], [ 78.3902615, 17.4264604 ], [ 78.3902816, 17.4263945 ], [ 78.3902789, 17.4263606 ], [ 78.3902654, 17.4263138 ], [ 78.3899656, 17.4260642 ], [ 78.3890989, 17.426189 ], [ 78.3888318, 17.4262306 ], [ 78.3883521, 17.4265219 ] ] ] } },
{ "type": "Feature", "properties": { "cn": 65, "tags": { "alt_name": "KBR Park", "boundary": "national_park", "leisure": "nature_reserve", "name": "Kasu Brahmananda Reddy National Park", "name:etymology:wikidata": "Q3764086", "name:fa": "پارک ملی کاسو برهماندا ردی", "name:ml": "കാസു ബ്രഹ്മാനന്ദ റെഡ്ഡി നാഷണൽ പാർക്ക്", "name:te": "కాసు బ్రహ్మానంద రెడ్డి నేషనల్ పార్క్", "protect_class": "2", "tourism": "attraction", "wikidata": "Q969593", "wikimedia_commons": "Category:Kasu Brahmananda Reddy National Park", "wikipedia": "en:Kasu Brahmananda Reddy National Park" } }, "geometry": { "type": "Polygon", "coordinates": [ [ [ 78.417362, 17.4261577 ], [ 78.4180817, 17.425926 ], [ 78.4186592, 17.42574 ], [ 78.4193394, 17.4255028 ], [ 78.4197447, 17.4253337 ], [ 78.4227668, 17.4242215 ], [ 78.4251199, 17.4233556 ], [ 78.4264073, 17.4228638 ], [ 78.4269803, 17.4226486 ], [ 78.4277233, 17.4221408 ], [ 78.4284808, 17.4214305 ], [ 78.4288897, 17.4205807 ], [ 78.4288717, 17.4198006 ], [ 78.4289278, 17.4196035 ], [ 78.4291613, 17.4191463 ], [ 78.4291453, 17.4185771 ], [ 78.4291445, 17.4184138 ], [ 78.4291766, 17.4182421 ], [ 78.4292121, 17.418086 ], [ 78.4291815, 17.4180017 ], [ 78.4289352, 17.4175324 ], [ 78.428886, 17.4175016 ], [ 78.4279653, 17.417718 ], [ 78.4278494, 17.4177154 ], [ 78.4277335, 17.4176697 ], [ 78.4271603, 17.4173115 ], [ 78.4264461, 17.4168676 ], [ 78.4260817, 17.416529 ], [ 78.4258252, 17.4161939 ], [ 78.4257313, 17.4159937 ], [ 78.4253785, 17.4149792 ], [ 78.4252168, 17.4148043 ], [ 78.4249583, 17.4146629 ], [ 78.4241748, 17.4143198 ], [ 78.423987, 17.4143103 ], [ 78.4237455, 17.4143477 ], [ 78.423307, 17.414433 ], [ 78.4228638, 17.4145689 ], [ 78.4225766, 17.4147012 ], [ 78.4218872, 17.4150258 ], [ 78.4217866, 17.4151313 ], [ 78.4216619, 17.4152747 ], [ 78.4210407, 17.4163463 ], [ 78.4209543, 17.4164345 ], [ 78.4208144, 17.4164826 ], [ 78.4206358, 17.4164873 ], [ 78.4204307, 17.4164616 ], [ 78.4197676, 17.4161481 ], [ 78.4195985, 17.4161133 ], [ 78.4194315, 17.4161214 ], [ 78.4191322, 17.4161896 ], [ 78.4188452, 17.4162747 ], [ 78.4185936, 17.4163711 ], [ 78.418338, 17.4165091 ], [ 78.4181335, 17.4167433 ], [ 78.4179411, 17.4169179 ], [ 78.4176654, 17.4170347 ], [ 78.4171582, 17.4170984 ], [ 78.4165905, 17.4172288 ], [ 78.4153432, 17.4175349 ], [ 78.4141379, 17.4178714 ], [ 78.4136542, 17.4181806 ], [ 78.4130633, 17.4185868 ], [ 78.4128305, 17.4188268 ], [ 78.4127631, 17.41897 ], [ 78.4125942, 17.4194916 ], [ 78.4125069, 17.4197409 ], [ 78.4123532, 17.4200027 ], [ 78.4116193, 17.4206863 ], [ 78.4112534, 17.4210052 ], [ 78.4110416, 17.4212511 ], [ 78.4110017, 17.4214024 ], [ 78.4109965, 17.4215933 ], [ 78.4114244, 17.4228412 ], [ 78.4115556, 17.4229863 ], [ 78.4117416, 17.4230946 ], [ 78.4130586, 17.4235154 ], [ 78.4140527, 17.4247046 ], [ 78.4144447, 17.4248767 ], [ 78.417362, 17.4261577 ] ] ] } },
{ "type": "Feature", "properties": { "cn": 98, "tags": { "name": "Mullakathuva Cheruvu", "natural": "water", "water": "lake" } }, "geometry": { "type": "Polygon", "coordinates": [ [ [ 78.3866103, 17.4668431 ], [ 78.3866183, 17.4669288 ], [ 78.3866411, 17.4670094 ], [ 78.3866921, 17.4670477 ], [ 78.3867417, 17.4670477 ], [ 78.3868892, 17.4669799 ], [ 78.3869617, 17.4669799 ], [ 78.3870663, 17.467017 ], [ 78.3873278, 17.4671872 ], [ 78.387482, 17.4672985 ], [ 78.3875182, 17.4673701 ], [ 78.3875062, 17.4674469 ], [ 78.387474, 17.4674942 ], [ 78.3873881, 17.4675479 ], [ 78.3873264, 17.467562 ], [ 78.3872285, 17.4675428 ], [ 78.3871347, 17.467539 ], [ 78.387073, 17.4675607 ], [ 78.3869818, 17.467626 ], [ 78.3869617, 17.4677155 ], [ 78.386963, 17.467791 ], [ 78.3869804, 17.46791 ], [ 78.3870046, 17.4679906 ], [ 78.387077, 17.4680405 ], [ 78.3871494, 17.4680609 ], [ 78.3872513, 17.4680251 ], [ 78.3872829, 17.4680174 ], [ 78.3873177, 17.4680277 ], [ 78.3873291, 17.4680468 ], [ 78.3873452, 17.4681709 ], [ 78.3873425, 17.468208 ], [ 78.387313, 17.4682311 ], [ 78.387246, 17.4682579 ], [ 78.3870783, 17.4683065 ], [ 78.386963, 17.4683424 ], [ 78.3868986, 17.4683833 ], [ 78.3868597, 17.4684485 ], [ 78.3868316, 17.4685304 ], [ 78.3868128, 17.4686404 ], [ 78.3868074, 17.4687031 ], [ 78.3868155, 17.4687568 ], [ 78.3869281, 17.4688681 ], [ 78.3870153, 17.4689551 ], [ 78.3871119, 17.46906 ], [ 78.3872299, 17.4692007 ], [ 78.3872715, 17.4692276 ], [ 78.3873144, 17.4692174 ], [ 78.3873667, 17.4691854 ], [ 78.3874512, 17.4690306 ], [ 78.3874834, 17.4689641 ], [ 78.3875035, 17.4688912 ], [ 78.3875196, 17.468831 ], [ 78.3875732, 17.468762 ], [ 78.3877435, 17.4686775 ], [ 78.3879152, 17.4686289 ], [ 78.3881137, 17.4685931 ], [ 78.3882129, 17.4685637 ], [ 78.388394, 17.4685253 ], [ 78.388461, 17.4685304 ], [ 78.3885334, 17.4685726 ], [ 78.3886662, 17.4686289 ], [ 78.3887923, 17.4686315 ], [ 78.388913, 17.4685893 ], [ 78.3890283, 17.4685394 ], [ 78.3893622, 17.4684114 ], [ 78.3894803, 17.4683628 ], [ 78.3895192, 17.4683129 ], [ 78.3895272, 17.4682912 ], [ 78.3895218, 17.4682375 ], [ 78.3893689, 17.4681031 ], [ 78.3893247, 17.4680405 ], [ 78.3893193, 17.4679714 ], [ 78.3893542, 17.4678818 ], [ 78.3894293, 17.4677526 ], [ 78.3894803, 17.4676848 ], [ 78.3894937, 17.4676375 ], [ 78.3894709, 17.4675927 ], [ 78.3893622, 17.4674917 ], [ 78.3891262, 17.4673202 ], [ 78.3890605, 17.4672639 ], [ 78.3889331, 17.4671207 ], [ 78.3888231, 17.4669735 ], [ 78.388744, 17.466774 ], [ 78.3887427, 17.4666678 ], [ 78.388752, 17.4665603 ], [ 78.3887802, 17.4663314 ], [ 78.3888084, 17.4662111 ], [ 78.3888969, 17.465968 ], [ 78.3889586, 17.465858 ], [ 78.3890578, 17.4657032 ], [ 78.3890685, 17.4656418 ], [ 78.3890645, 17.4655932 ], [ 78.3890444, 17.4655472 ], [ 78.3890364, 17.4654845 ], [ 78.3890377, 17.4654244 ], [ 78.389035, 17.4653297 ], [ 78.3889747, 17.4651826 ], [ 78.3889438, 17.4651493 ], [ 78.3888942, 17.4651327 ], [ 78.3888365, 17.4651429 ], [ 78.3888084, 17.4651992 ], [ 78.3887976, 17.4652555 ], [ 78.3888218, 17.4653233 ], [ 78.3888486, 17.4653911 ], [ 78.3888419, 17.4654794 ], [ 78.3888003, 17.4655305 ], [ 78.3887561, 17.4655689 ], [ 78.3886984, 17.4656098 ], [ 78.3886394, 17.4657352 ], [ 78.3886273, 17.4658107 ], [ 78.3885656, 17.4659182 ], [ 78.3884382, 17.4660397 ], [ 78.3883792, 17.4660563 ], [ 78.3883242, 17.4660563 ], [ 78.3882464, 17.4660115 ], [ 78.388174, 17.4659015 ], [ 78.3880949, 17.4658388 ], [ 78.3880252, 17.465844 ], [ 78.387989, 17.465867 ], [ 78.3879487, 17.4659258 ], [ 78.3879702, 17.4660218 ], [ 78.3880118, 17.4661356 ], [ 78.3880158, 17.4662341 ], [ 78.3879246, 17.4663416 ], [ 78.3878186, 17.4663979 ], [ 78.3876711, 17.4664273 ], [ 78.3873962, 17.4664938 ], [ 78.3872956, 17.46649 ], [ 78.3872379, 17.4664785 ], [ 78.3871521, 17.4664401 ], [ 78.3870582, 17.4664107 ], [ 78.3869657, 17.4664158 ], [ 78.386845, 17.4664542 ], [ 78.3867913, 17.4664938 ], [ 78.3867377, 17.4665719 ], [ 78.3866881, 17.4666678 ], [ 78.3866103, 17.4668431 ] ] ] } },
{ "type": "Feature", "properties": { "cn": 65, "tags": { "access": "yes", "alt_name": "Kotla Vijayabhaskara Reddy Botanical Garden", "garden:type": "botanical", "leisure": "garden", "name": "Botanical Gardens", "wikidata": "Q6434103", "wikimedia_commons": "Category:Kotla Vijayabhaskara Reddy Botanical Garden", "wikipedia": "en:Hyderabad Botanical Garden" } }, "geometry": { "type": "Polygon", "coordinates": [ [ [ 78.3571265, 17.4587742 ], [ 78.3553261, 17.4596887 ], [ 78.353941, 17.4582505 ], [ 78.3514575, 17.4552571 ], [ 78.3502922, 17.4542168 ], [ 78.3505083, 17.4535011 ], [ 78.3511209, 17.4522888 ], [ 78.3525419, 17.4515026 ], [ 78.3541812, 17.450821 ], [ 78.3554597, 17.4504127 ], [ 78.3555702, 17.4506149 ], [ 78.3565513, 17.4509834 ], [ 78.3591375, 17.4509248 ], [ 78.3601753, 17.4513873 ], [ 78.3622528, 17.4524736 ], [ 78.3632793, 17.4531013 ], [ 78.3634278, 17.453234 ], [ 78.3634832, 17.4533846 ], [ 78.3635205, 17.4544696 ], [ 78.3635795, 17.4550734 ], [ 78.3636719, 17.4553854 ], [ 78.3636761, 17.455438 ], [ 78.3636571, 17.4554905 ], [ 78.3632308, 17.4557003 ], [ 78.3628525, 17.4558425 ], [ 78.3620077, 17.4561481 ], [ 78.3571265, 17.4587742 ] ] ] } },
{ "type": "Feature", "properties": { "cn": 65, "tags": { "barrier": "fence", "leisure": "park", "name": "Shilparamam" } }, "geometry": { "type": "Polygon", "coordinates": [ [ [ 78.3776557, 17.4532635 ], [ 78.3771149, 17.4532553 ], [ 78.3767716, 17.4531734 ], [ 78.3765914, 17.4529524 ], [ 78.3765914, 17.4523874 ], [ 78.37666, 17.4515359 ], [ 78.3767545, 17.4502831 ], [ 78.3770119, 17.4497345 ], [ 78.3774287, 17.4499495 ], [ 78.3779732, 17.4499474 ], [ 78.3782552, 17.4502027 ], [ 78.3781579, 17.4505277 ], [ 78.378055, 17.450692 ], [ 78.3782136, 17.4513967 ], [ 78.3784733, 17.4517716 ], [ 78.3789708, 17.4519031 ], [ 78.3798338, 17.452572 ], [ 78.3795042, 17.4528007 ], [ 78.379366, 17.4528883 ], [ 78.3792264, 17.4529769 ], [ 78.3785912, 17.4531243 ], [ 78.3776557, 17.4532635 ] ] ] } },
{ "type": "Feature", "properties": { "cn": 98, "tags": { "created_by": "Potlatch 0.10f", "natural": "water" } }, "geometry": { "type": "Polygon", "coordinates": [ [ [ 78.3771922, 17.4525757 ], [ 78.3773639, 17.4524611 ], [ 78.3775098, 17.4524365 ], [ 78.3776042, 17.4525594 ], [ 78.3775613, 17.4528869 ], [ 78.3773982, 17.4530424 ], [ 78.3771664, 17.4530424 ], [ 78.3769347, 17.4530424 ], [ 78.3767974, 17.4530097 ], [ 78.3767115, 17.4528214 ], [ 78.376763, 17.4526494 ], [ 78.3769433, 17.4526003 ], [ 78.3771922, 17.4525757 ] ] ] } },
{ "type": "Feature", "properties": { "cn": 98, "tags": { "created_by": "Potlatch 0.10f", "natural": "water" } }, "geometry": { "type": "Polygon", "coordinates": [ [ [ 78.3770892, 17.4518142 ], [ 78.3771407, 17.4519207 ], [ 78.3770806, 17.4520026 ], [ 78.3769433, 17.4519944 ], [ 78.3769261, 17.4520599 ], [ 78.3767373, 17.4520599 ], [ 78.3767373, 17.4518634 ], [ 78.3768832, 17.4513393 ], [ 78.3770119, 17.4510446 ], [ 78.3771149, 17.4510773 ], [ 78.3772179, 17.4513475 ], [ 78.3770978, 17.4516177 ], [ 78.3770892, 17.4518142 ] ] ] } },
{ "type": "Feature", "properties": { "cn": 98, "tags": { "name": "IDPL Tank", "natural": "water", "water": "lake" } }, "geometry": { "type": "Polygon", "coordinates": [ [ [ 78.4093541, 17.4786542 ], [ 78.4094279, 17.4786081 ], [ 78.4094446, 17.4785838 ], [ 78.4094574, 17.4785461 ], [ 78.4094701, 17.4785192 ], [ 78.4094922, 17.4784968 ], [ 78.4095553, 17.4784731 ], [ 78.4096706, 17.4784648 ], [ 78.4097993, 17.4784495 ], [ 78.4099428, 17.4784162 ], [ 78.4100582, 17.4783561 ], [ 78.4101306, 17.4783152 ], [ 78.4102419, 17.4782921 ], [ 78.4103505, 17.4782806 ], [ 78.4104846, 17.4782742 ], [ 78.4106389, 17.478255 ], [ 78.4108186, 17.4782384 ], [ 78.4108883, 17.4782256 ], [ 78.4109359, 17.4782007 ], [ 78.4110144, 17.4781322 ], [ 78.4110841, 17.4780836 ], [ 78.4111532, 17.47806 ], [ 78.4112417, 17.4780465 ], [ 78.4113577, 17.4780344 ], [ 78.4114107, 17.4780203 ], [ 78.4115059, 17.4779749 ], [ 78.4115602, 17.4779333 ], [ 78.4115897, 17.4778866 ], [ 78.4116018, 17.4778304 ], [ 78.4115944, 17.4777798 ], [ 78.4115884, 17.4777229 ], [ 78.4115991, 17.477698 ], [ 78.4116152, 17.4776621 ], [ 78.4116541, 17.4775931 ], [ 78.4116695, 17.4775553 ], [ 78.4116963, 17.4775253 ], [ 78.4117305, 17.4775074 ], [ 78.4117607, 17.477501 ], [ 78.4118023, 17.4774971 ], [ 78.4118418, 17.4774754 ], [ 78.41187, 17.4774504 ], [ 78.4119055, 17.4774274 ], [ 78.4119612, 17.4773974 ], [ 78.4120155, 17.4773826 ], [ 78.4120564, 17.4773814 ], [ 78.4120966, 17.4773788 ], [ 78.4121315, 17.4773526 ], [ 78.4121637, 17.4773046 ], [ 78.4121939, 17.4772605 ], [ 78.4122194, 17.4772266 ], [ 78.4122576, 17.4772074 ], [ 78.4123032, 17.4771856 ], [ 78.4124775, 17.477137 ], [ 78.412554, 17.4771383 ], [ 78.4126277, 17.4771601 ], [ 78.4129415, 17.4773878 ], [ 78.4129764, 17.4774006 ], [ 78.4130274, 17.4773954 ], [ 78.413085, 17.4773673 ], [ 78.4136134, 17.4767469 ], [ 78.4136604, 17.4767277 ], [ 78.4137328, 17.4767264 ], [ 78.4137797, 17.4767392 ], [ 78.4138602, 17.4767801 ], [ 78.4139715, 17.4768492 ], [ 78.4140734, 17.4769541 ], [ 78.4141432, 17.4770923 ], [ 78.4141552, 17.4771204 ], [ 78.4141727, 17.477265 ], [ 78.4141915, 17.4773801 ], [ 78.414229, 17.4774927 ], [ 78.4142733, 17.4775617 ], [ 78.4143765, 17.4777664 ], [ 78.4144771, 17.4779634 ], [ 78.4145562, 17.4781118 ], [ 78.4146193, 17.4782243 ], [ 78.4146528, 17.4782915 ], [ 78.4146803, 17.4783382 ], [ 78.4147266, 17.4784047 ], [ 78.4147728, 17.4784744 ], [ 78.4147903, 17.4785141 ], [ 78.4147936, 17.4785371 ], [ 78.4147822, 17.4785665 ], [ 78.4147567, 17.4785991 ], [ 78.4146635, 17.4786567 ], [ 78.4146193, 17.4786791 ], [ 78.4145951, 17.4786983 ], [ 78.4145851, 17.4787335 ], [ 78.4145837, 17.4787661 ], [ 78.4145945, 17.4787878 ], [ 78.4147929, 17.4791198 ], [ 78.4148137, 17.4791409 ], [ 78.414854, 17.4791562 ], [ 78.4148774, 17.4791537 ], [ 78.4149197, 17.4791351 ], [ 78.4149438, 17.4791236 ], [ 78.4149941, 17.4791217 ], [ 78.4150444, 17.4791198 ], [ 78.4150726, 17.4791102 ], [ 78.4151296, 17.4790897 ], [ 78.4151664, 17.4790891 ], [ 78.4151866, 17.4790968 ], [ 78.4152167, 17.4791172 ], [ 78.4152442, 17.479146 ], [ 78.4153026, 17.4792215 ], [ 78.4153663, 17.4792861 ], [ 78.4154052, 17.4793168 ], [ 78.4154776, 17.4793571 ], [ 78.4155238, 17.4793769 ], [ 78.415603, 17.4794006 ], [ 78.4156606, 17.47943 ], [ 78.4157217, 17.4794645 ], [ 78.4157525, 17.4794907 ], [ 78.4158189, 17.4795573 ], [ 78.415896, 17.4796225 ], [ 78.4159584, 17.4796826 ], [ 78.4159999, 17.479712 ], [ 78.4160234, 17.4797453 ], [ 78.4160435, 17.4797913 ], [ 78.4160566, 17.4798313 ], [ 78.4160663, 17.4798643 ], [ 78.4160744, 17.4798799 ], [ 78.4160871, 17.4798847 ], [ 78.4161025, 17.4798857 ], [ 78.416121, 17.4798809 ], [ 78.4161495, 17.4798617 ], [ 78.4161589, 17.4798579 ], [ 78.4161796, 17.4798511 ], [ 78.4162065, 17.4798508 ], [ 78.4162239, 17.4798521 ], [ 78.416242, 17.4798611 ], [ 78.4162507, 17.4798739 ], [ 78.4162527, 17.4798873 ], [ 78.4162487, 17.4799026 ], [ 78.4161924, 17.4799615 ], [ 78.4161139, 17.4800555 ], [ 78.4158926, 17.4803136 ], [ 78.4158816, 17.4803203 ], [ 78.4158675, 17.4803212 ], [ 78.4158534, 17.4803171 ], [ 78.415831, 17.4803005 ], [ 78.4157901, 17.4802723 ], [ 78.4157485, 17.4802602 ], [ 78.4157129, 17.4802678 ], [ 78.4156781, 17.4802889 ], [ 78.4156311, 17.4802934 ], [ 78.4155896, 17.4802883 ], [ 78.415552, 17.4802717 ], [ 78.4155138, 17.4802429 ], [ 78.4154883, 17.4802237 ], [ 78.4154528, 17.4802154 ], [ 78.4154145, 17.4802224 ], [ 78.4153703, 17.4802365 ], [ 78.4153207, 17.4802544 ], [ 78.4152576, 17.4802717 ], [ 78.415198, 17.4802883 ], [ 78.415155, 17.4803005 ], [ 78.4151088, 17.4803049 ], [ 78.4150638, 17.4802902 ], [ 78.4150216, 17.4802518 ], [ 78.414978, 17.4801936 ], [ 78.4149512, 17.4801572 ], [ 78.4149197, 17.4801118 ], [ 78.4148734, 17.4800555 ], [ 78.4148426, 17.4800248 ], [ 78.4148204, 17.4799986 ], [ 78.4147983, 17.4799871 ], [ 78.4147675, 17.4799743 ], [ 78.4147346, 17.4799743 ], [ 78.4145274, 17.4800529 ], [ 78.4144758, 17.4800625 ], [ 78.4144033, 17.4800632 ], [ 78.4143557, 17.4800715 ], [ 78.4142981, 17.4800894 ], [ 78.4142565, 17.4801079 ], [ 78.4141874, 17.4801265 ], [ 78.4140842, 17.4801418 ], [ 78.4139856, 17.4801623 ], [ 78.4139159, 17.4801917 ], [ 78.4138666, 17.4802039 ], [ 78.4138361, 17.4802125 ], [ 78.4137935, 17.4802112 ], [ 78.4137707, 17.4802032 ], [ 78.4137345, 17.4801879 ], [ 78.4136999, 17.4801671 ], [ 78.4136735, 17.4801428 ], [ 78.4136389, 17.4801169 ], [ 78.4135927, 17.48009 ], [ 78.4135531, 17.4800849 ], [ 78.4135377, 17.4800856 ], [ 78.4135216, 17.480091 ], [ 78.4135075, 17.4801015 ], [ 78.4134961, 17.4801182 ], [ 78.413476, 17.4801489 ], [ 78.4134451, 17.4801706 ], [ 78.4133935, 17.4801866 ], [ 78.4133285, 17.4801885 ], [ 78.4132708, 17.480186 ], [ 78.413193, 17.4801847 ], [ 78.4131072, 17.4801943 ], [ 78.413014, 17.480209 ], [ 78.4129596, 17.4802205 ], [ 78.4129281, 17.480216 ], [ 78.4128859, 17.4801847 ], [ 78.4128611, 17.4801521 ], [ 78.4128289, 17.4801073 ], [ 78.4127638, 17.4800555 ], [ 78.4127109, 17.4800216 ], [ 78.4126559, 17.4799947 ], [ 78.412619, 17.4799829 ], [ 78.4125778, 17.4799768 ], [ 78.4125533, 17.4799759 ], [ 78.4125352, 17.4799768 ], [ 78.4125231, 17.4799827 ], [ 78.4125213, 17.4799893 ], [ 78.4125213, 17.4799947 ], [ 78.4125221, 17.4800037 ], [ 78.4125258, 17.480013 ], [ 78.4125285, 17.4800224 ], [ 78.4125283, 17.4800282 ], [ 78.4125255, 17.4800314 ], [ 78.4125203, 17.4800329 ], [ 78.4125092, 17.4800341 ], [ 78.4124981, 17.4800341 ], [ 78.4124819, 17.4800328 ], [ 78.4124628, 17.4800382 ], [ 78.4124269, 17.4800475 ], [ 78.4123823, 17.48006 ], [ 78.4123387, 17.4800932 ], [ 78.4123038, 17.4801546 ], [ 78.4122737, 17.4801988 ], [ 78.4122241, 17.4802416 ], [ 78.4121597, 17.4802838 ], [ 78.412094, 17.4803228 ], [ 78.4120283, 17.4803395 ], [ 78.4119672, 17.4803484 ], [ 78.411878, 17.4803689 ], [ 78.4118177, 17.4803836 ], [ 78.4116997, 17.4804073 ], [ 78.411648, 17.4804162 ], [ 78.4116192, 17.4804213 ], [ 78.4115984, 17.4804085 ], [ 78.4115797, 17.4803702 ], [ 78.4115434, 17.4803401 ], [ 78.4115139, 17.4803337 ], [ 78.411471, 17.4803401 ], [ 78.4114288, 17.4803555 ], [ 78.4113798, 17.4803769 ], [ 78.4113456, 17.4803842 ], [ 78.4113282, 17.4803798 ], [ 78.4113124, 17.480366 ], [ 78.4113004, 17.4803446 ], [ 78.4112863, 17.4803171 ], [ 78.4112692, 17.4803062 ], [ 78.4112531, 17.4803065 ], [ 78.4112253, 17.4803123 ], [ 78.4111723, 17.4803187 ], [ 78.4110948, 17.4803312 ], [ 78.4110583, 17.4803395 ], [ 78.4110291, 17.4803395 ], [ 78.4109815, 17.4803363 ], [ 78.4109488, 17.4803273 ], [ 78.4109408, 17.4803222 ], [ 78.4109319, 17.4803156 ], [ 78.4109277, 17.4803016 ], [ 78.4109284, 17.4802904 ], [ 78.4109347, 17.480273 ], [ 78.4109401, 17.4802645 ], [ 78.4109517, 17.4802555 ], [ 78.4109649, 17.4802509 ], [ 78.4110045, 17.4802493 ], [ 78.4110145, 17.4802469 ], [ 78.4110192, 17.4802427 ], [ 78.4110221, 17.4802387 ], [ 78.4110218, 17.4802243 ], [ 78.411013, 17.4802039 ], [ 78.4109936, 17.4801713 ], [ 78.4109661, 17.4801457 ], [ 78.4109366, 17.4801316 ], [ 78.4108883, 17.4801271 ], [ 78.4108628, 17.4801227 ], [ 78.4107911, 17.4801246 ], [ 78.4107146, 17.4801252 ], [ 78.4106114, 17.4801182 ], [ 78.4104967, 17.4801137 ], [ 78.4104424, 17.4801073 ], [ 78.4104069, 17.4800881 ], [ 78.4103888, 17.4800561 ], [ 78.410378, 17.4800107 ], [ 78.4103619, 17.4799634 ], [ 78.410317, 17.4799333 ], [ 78.4102473, 17.4799199 ], [ 78.4101789, 17.4799193 ], [ 78.4101192, 17.4799193 ], [ 78.4100313, 17.4799385 ], [ 78.4099469, 17.479966 ], [ 78.4098007, 17.4800235 ], [ 78.40969, 17.480074 ], [ 78.4095351, 17.480131 ], [ 78.4094533, 17.4801278 ], [ 78.4093923, 17.4801118 ], [ 78.409346, 17.4800843 ], [ 78.4093232, 17.4800587 ], [ 78.4093152, 17.4800293 ], [ 78.4093353, 17.4799999 ], [ 78.4093916, 17.4799461 ], [ 78.4096009, 17.4798419 ], [ 78.4096263, 17.4798163 ], [ 78.4096444, 17.4797888 ], [ 78.4096511, 17.4797626 ], [ 78.4096444, 17.4797235 ], [ 78.4096089, 17.4796833 ], [ 78.4095522, 17.4796548 ], [ 78.4095274, 17.4796462 ], [ 78.4095197, 17.4796314 ], [ 78.4095207, 17.4796222 ], [ 78.4095241, 17.4796135 ], [ 78.4095378, 17.4795956 ], [ 78.4095975, 17.479563 ], [ 78.4096639, 17.4795003 ], [ 78.4096927, 17.4794709 ], [ 78.4097041, 17.4794261 ], [ 78.4097061, 17.4793948 ], [ 78.409684, 17.47935 ], [ 78.4096639, 17.479336 ], [ 78.4096049, 17.4793264 ], [ 78.4095452, 17.4793443 ], [ 78.4094848, 17.479359 ], [ 78.4094587, 17.4793385 ], [ 78.409456, 17.4793053 ], [ 78.4094667, 17.4792656 ], [ 78.4094641, 17.4792016 ], [ 78.4094574, 17.4791582 ], [ 78.4094493, 17.4791185 ], [ 78.4094574, 17.4790667 ], [ 78.409454, 17.479005 ], [ 78.4094466, 17.4789266 ], [ 78.4094144, 17.4788627 ], [ 78.4093474, 17.4787789 ], [ 78.4093246, 17.4787379 ], [ 78.4093266, 17.4787098 ], [ 78.40933, 17.4786842 ], [ 78.4093541, 17.4786542 ] ] ] } },
{ "type": "Feature", "properties": { "cn": 92, "tags": { "landuse": "commercial", "name": "The V Ascendas IT Park", "website": "https://thev.in/" } }, "geometry": { "type": "Polygon", "coordinates": [ [ [ 78.3822084, 17.4358968 ], [ 78.382779, 17.4365914 ], [ 78.383324, 17.4360497 ], [ 78.3844875, 17.4353856 ], [ 78.3850178, 17.4367887 ], [ 78.3859332, 17.4362608 ], [ 78.3866505, 17.4359053 ], [ 78.3857408, 17.4332911 ], [ 78.3854281, 17.4335401 ], [ 78.3852098, 17.4336986 ], [ 78.3839265, 17.4346285 ], [ 78.3822084, 17.4358968 ] ] ] } },
{ "type": "Feature", "properties": { "cn": 92, "tags": { "leisure": "stadium", "name": "Kotla Vijayabhaskara Reddy Indoor Stadium", "name:etymology:wikidata": "Q3763961" } }, "geometry": { "type": "Polygon", "coordinates": [ [ [ 78.4250831, 17.434645 ], [ 78.424954, 17.4338094 ], [ 78.4259142, 17.4334153 ], [ 78.4261074, 17.434224 ], [ 78.4269195, 17.4342396 ], [ 78.4274647, 17.4358289 ], [ 78.4255598, 17.4359178 ], [ 78.4250831, 17.434645 ] ] ] } },
{ "type": "Feature", "properties": { "cn": 92, "tags": { "landuse": "commercial", "name": "Cyber Gateway", "name:te": "సైబర్ గేట్వే" } }, "geometry": { "type": "Polygon", "coordinates": [ [ [ 78.3745917, 17.4478392 ], [ 78.3775087, 17.4469892 ], [ 78.3771097, 17.4459705 ], [ 78.3749013, 17.4466258 ], [ 78.374688, 17.4466891 ], [ 78.3745917, 17.4478392 ] ] ] } },
{ "type": "Feature", "properties": { "cn": 82, "tags": { "landuse": "religious", "name": "Peddamma Gudi", "website": "https://www.peddammagudi.org/" } }, "geometry": { "type": "Polygon", "coordinates": [ [ [ 78.4059968, 17.4303356 ], [ 78.4051907, 17.4307858 ], [ 78.4050653, 17.4308785 ], [ 78.405564, 17.431843 ], [ 78.4052754, 17.4319002 ], [ 78.4050904, 17.4320253 ], [ 78.4049115, 17.4318449 ], [ 78.4050076, 17.4317801 ], [ 78.4046088, 17.4310734 ], [ 78.4046969, 17.4310265 ], [ 78.4041677, 17.4301792 ], [ 78.4053775, 17.4293226 ], [ 78.4059968, 17.4303356 ] ] ] } },
{ "type": "Feature", "properties": { "cn": 92, "tags": { "landuse": "commercial", "name": "Deccan Park, Tata Consultancy Services" } }, "geometry": { "type": "Polygon", "coordinates": [ [ [ 78.3784102, 17.4420384 ], [ 78.3787427, 17.4436158 ], [ 78.3788207, 17.4443411 ], [ 78.3788148, 17.4450339 ], [ 78.3774591, 17.4449968 ], [ 78.3773941, 17.444052 ], [ 78.3774228, 17.4419967 ], [ 78.3784102, 17.4420384 ] ] ] } },
{ "type": "Feature", "properties": { "cn": 92, "tags": { "landuse": "commercial" } }, "geometry": { "type": "Polygon", "coordinates": [ [ [ 78.3796629, 17.4502651 ], [ 78.3797277, 17.4503437 ], [ 78.3809084, 17.451103 ], [ 78.3810748, 17.4510962 ], [ 78.3812525, 17.4510623 ], [ 78.3813669, 17.4510088 ], [ 78.3819687, 17.4502092 ], [ 78.3809655, 17.4496489 ], [ 78.3796629, 17.4502651 ] ] ] } },
{ "type": "Feature", "properties": { "cn": 92, "tags": { "landuse": "commercial", "name": "Broadridge" } }, "geometry": { "type": "Polygon", "coordinates": [ [ [ 78.3809763, 17.4496387 ], [ 78.3817116, 17.4500446 ], [ 78.3819821, 17.4501939 ], [ 78.3829691, 17.4489759 ], [ 78.3827143, 17.448761 ], [ 78.3818507, 17.449242 ], [ 78.3809763, 17.4496387 ] ] ] } },
{ "type": "Feature", "properties": { "cn": 82, "tags": { "created_by": "Merkaartor 0.12", "landuse": "residential", "name": "My Home Navadweepa" } }, "geometry": { "type": "Polygon", "coordinates": [ [ [ 78.381745, 17.4484649 ], [ 78.3837185, 17.4480176 ], [ 78.3831771, 17.4464117 ], [ 78.3813184, 17.4468638 ], [ 78.381745, 17.4484649 ] ] ] } },
{ "type": "Feature", "properties": { "cn": 65, "tags": { "leisure": "park" } }, "geometry": { "type": "Polygon", "coordinates": [ [ [ 78.4394265, 17.4428592 ], [ 78.439943, 17.4430139 ], [ 78.4402522, 17.4425078 ], [ 78.4394265, 17.4428592 ] ] ] } },
{ "type": "Feature", "properties": { "cn": 92, "tags": { "barrier": "wall", "landuse": "commercial", "name": "Infosys", "source": "Yahoo" } }, "geometry": { "type": "Polygon", "coordinates": [ [ [ 78.3469155, 17.4355967 ], [ 78.3469993, 17.4357482 ], [ 78.3480313, 17.4376132 ], [ 78.3496085, 17.4368353 ], [ 78.3496755, 17.4369454 ], [ 78.3543032, 17.4345304 ], [ 78.3530466, 17.4323136 ], [ 78.3469155, 17.4355967 ] ] ] } },
{ "type": "Feature", "properties": { "cn": 82, "tags": { "landuse": "residential", "name": "Nectar Gardens" } }, "geometry": { "type": "Polygon", "coordinates": [ [ [ 78.3890102, 17.4371389 ], [ 78.3889391, 17.43644 ], [ 78.3889499, 17.4363856 ], [ 78.388978, 17.4363338 ], [ 78.3891049, 17.4361966 ], [ 78.389119, 17.4361894 ], [ 78.3891436, 17.4361862 ], [ 78.3905558, 17.435973 ], [ 78.3906202, 17.4373983 ], [ 78.3906189, 17.4378206 ], [ 78.3900905, 17.4374713 ], [ 78.3898872, 17.4374784 ], [ 78.3896526, 17.437312 ], [ 78.3892402, 17.4373255 ], [ 78.3892204, 17.4371265 ], [ 78.3890102, 17.4371389 ] ] ] } },
{ "type": "Feature", "properties": { "cn": 98, "tags": { "leisure": "marina", "seamark:harbour:category": "marina", "seamark:type": "harbour" } }, "geometry": { "type": "Polygon", "coordinates": [ [ [ 78.3888963, 17.4324403 ], [ 78.3889756, 17.4324535 ], [ 78.3890754, 17.4322858 ], [ 78.3890905, 17.4320173 ], [ 78.3890897, 17.4317044 ], [ 78.3890343, 17.4316868 ], [ 78.3890395, 17.4320144 ], [ 78.3890369, 17.4322588 ], [ 78.3888963, 17.4324403 ] ] ] } },
{ "type": "Feature", "properties": { "cn": 98, "tags": { "natural": "wetland", "wetland": "marsh" } }, "geometry": { "type": "Polygon", "coordinates": [ [ [ 78.3872996, 17.4197937 ], [ 78.3870027, 17.4196521 ], [ 78.3865148, 17.4199152 ], [ 78.3865466, 17.420411 ], [ 78.38643, 17.4208461 ], [ 78.3868754, 17.4216051 ], [ 78.3870769, 17.4223842 ], [ 78.3875117, 17.4232646 ], [ 78.3878511, 17.4240944 ], [ 78.3886484, 17.4257339 ], [ 78.3889945, 17.4256375 ], [ 78.3894984, 17.4255128 ], [ 78.3892487, 17.4245578 ], [ 78.3888137, 17.4238463 ], [ 78.388793, 17.4229569 ], [ 78.3880059, 17.4225616 ], [ 78.3880102, 17.4224449 ], [ 78.3880102, 17.4219694 ], [ 78.3881955, 17.4217147 ], [ 78.3882753, 17.4216051 ], [ 78.3887526, 17.4211193 ], [ 78.3882753, 17.4210485 ], [ 78.3877769, 17.4208056 ], [ 78.387586, 17.4204312 ], [ 78.3872996, 17.4197937 ] ] ] } },
{ "type": "Feature", "properties": { "cn": 82, "tags": { "landuse": "residential", "name": "Smitha complex" } }, "geometry": { "type": "Polygon", "coordinates": [ [ [ 78.3901315, 17.4385356 ], [ 78.3901034, 17.438274 ], [ 78.3906301, 17.4381797 ], [ 78.3907451, 17.4385325 ], [ 78.3902392, 17.4386341 ], [ 78.3901805, 17.4386072 ], [ 78.3901603, 17.4385848 ], [ 78.3901315, 17.4385356 ] ] ] } },
{ "type": "Feature", "properties": { "cn": 82, "tags": { "landuse": "residential", "name": "Fortune Towers" } }, "geometry": { "type": "Polygon", "coordinates": [ [ [ 78.3896917, 17.4390849 ], [ 78.3898365, 17.4390408 ], [ 78.3897858, 17.4388678 ], [ 78.3900687, 17.4387735 ], [ 78.3901703, 17.4387699 ], [ 78.3902407, 17.4387815 ], [ 78.3903003, 17.4388147 ], [ 78.3903245, 17.4388384 ], [ 78.3904257, 17.4391621 ], [ 78.3905612, 17.439505 ], [ 78.3906276, 17.4396592 ], [ 78.3906571, 17.4396848 ], [ 78.3906913, 17.4396982 ], [ 78.3907657, 17.4397103 ], [ 78.39082, 17.4397423 ], [ 78.3908408, 17.4397871 ], [ 78.3910013, 17.4405533 ], [ 78.390518, 17.4406414 ], [ 78.3903784, 17.4402377 ], [ 78.3902613, 17.4398989 ], [ 78.3900003, 17.4399794 ], [ 78.3899346, 17.4398101 ], [ 78.3896917, 17.4390849 ] ] ] } },
{ "type": "Feature", "properties": { "cn": 92, "tags": { "landuse": "commercial", "name": "Maximus Towers" } }, "geometry": { "type": "Polygon", "coordinates": [ [ [ 78.3788381, 17.4450112 ], [ 78.3788332, 17.4442471 ], [ 78.3790531, 17.4441218 ], [ 78.3802414, 17.4439094 ], [ 78.3804157, 17.4436766 ], [ 78.3804556, 17.4436326 ], [ 78.3806532, 17.4438119 ], [ 78.3807209, 17.4439935 ], [ 78.3807819, 17.4441642 ], [ 78.3807928, 17.4444227 ], [ 78.3807919, 17.4449855 ], [ 78.3788381, 17.4450112 ] ] ] } },
{ "type": "Feature", "properties": { "cn": 92, "tags": { "landuse": "commercial", "name": "HSBC" } }, "geometry": { "type": "Polygon", "coordinates": [ [ [ 78.367606, 17.4568082 ], [ 78.3673059, 17.4561857 ], [ 78.3685359, 17.4556473 ], [ 78.3688361, 17.4563488 ], [ 78.367606, 17.4568082 ] ] ] } },
{ "type": "Feature", "properties": { "cn": 82, "tags": { "landuse": "residential", "name": "Jayabheri Silicon County", "name:te": "జయభేరి సిలికాన్ కౌంటీ" } }, "geometry": { "type": "Polygon", "coordinates": [ [ [ 78.3714829, 17.4612413 ], [ 78.3713284, 17.4609269 ], [ 78.3700613, 17.4583489 ], [ 78.3708698, 17.4581719 ], [ 78.3720998, 17.4609036 ], [ 78.3720565, 17.4609273 ], [ 78.3714829, 17.4612413 ] ] ] } },
{ "type": "Feature", "properties": { "cn": 98, "tags": { "name": "Timmidkunta Lake", "natural": "water", "water": "lake" } }, "geometry": { "type": "Polygon", "coordinates": [ [ [ 78.3810139, 17.4588276 ], [ 78.3810722, 17.4587138 ], [ 78.3811621, 17.4585308 ], [ 78.3812258, 17.4583524 ], [ 78.3813143, 17.4581183 ], [ 78.3814128, 17.4579391 ], [ 78.3814953, 17.4577927 ], [ 78.3816361, 17.457602 ], [ 78.3817743, 17.4574594 ], [ 78.3818661, 17.4573858 ], [ 78.3819761, 17.4573359 ], [ 78.3820908, 17.4572937 ], [ 78.3821511, 17.4572739 ], [ 78.382184, 17.4572413 ], [ 78.3821967, 17.457208 ], [ 78.3821961, 17.457146 ], [ 78.3821739, 17.4570526 ], [ 78.3819667, 17.4568638 ], [ 78.381077, 17.4560533 ], [ 78.3805878, 17.4556075 ], [ 78.3801985, 17.4553792 ], [ 78.3800496, 17.4552692 ], [ 78.3798498, 17.455186 ], [ 78.3797479, 17.4551655 ], [ 78.3796647, 17.4551898 ], [ 78.379603, 17.4552321 ], [ 78.3795454, 17.4553024 ], [ 78.3795319, 17.455351 ], [ 78.379538, 17.4553907 ], [ 78.379591, 17.4554547 ], [ 78.3796828, 17.4555161 ], [ 78.3797821, 17.4555992 ], [ 78.3798585, 17.4556913 ], [ 78.3799423, 17.4557892 ], [ 78.3800751, 17.4559101 ], [ 78.380175, 17.4560061 ], [ 78.3802199, 17.4560585 ], [ 78.3802541, 17.4560892 ], [ 78.3802796, 17.4561378 ], [ 78.3803058, 17.4561941 ], [ 78.3803038, 17.4562421 ], [ 78.380283, 17.4562837 ], [ 78.3802105, 17.4563272 ], [ 78.3800778, 17.4563726 ], [ 78.3799014, 17.4564212 ], [ 78.3797901, 17.4564775 ], [ 78.3797405, 17.4565459 ], [ 78.3797137, 17.4566138 ], [ 78.3796795, 17.4567583 ], [ 78.3796359, 17.4569432 ], [ 78.3796265, 17.4570986 ], [ 78.379648, 17.4571536 ], [ 78.3796728, 17.4571767 ], [ 78.3796929, 17.4572054 ], [ 78.3796976, 17.4572515 ], [ 78.3796902, 17.4574261 ], [ 78.3796882, 17.4575944 ], [ 78.3796714, 17.4576596 ], [ 78.3796654, 17.4577012 ], [ 78.3796553, 17.4577722 ], [ 78.3796433, 17.4578592 ], [ 78.3796285, 17.4579622 ], [ 78.3796506, 17.4580907 ], [ 78.3796909, 17.4582334 ], [ 78.379707, 17.4583025 ], [ 78.3797573, 17.4584035 ], [ 78.3797928, 17.4584541 ], [ 78.379823, 17.4584739 ], [ 78.3798518, 17.4584816 ], [ 78.3798961, 17.4584912 ], [ 78.3799417, 17.4584995 ], [ 78.3799946, 17.4585276 ], [ 78.3800691, 17.4585871 ], [ 78.380124, 17.45866 ], [ 78.3802166, 17.4587464 ], [ 78.3802937, 17.4588097 ], [ 78.3803413, 17.4588558 ], [ 78.3803802, 17.458921 ], [ 78.3803996, 17.4590087 ], [ 78.3804137, 17.4590713 ], [ 78.3804506, 17.4591078 ], [ 78.3804915, 17.4591244 ], [ 78.3805425, 17.4591174 ], [ 78.380578, 17.4590854 ], [ 78.3806038, 17.4590669 ], [ 78.3806286, 17.4590643 ], [ 78.3806575, 17.4590867 ], [ 78.3806833, 17.4591078 ], [ 78.3807285, 17.459118 ], [ 78.3808114, 17.4591225 ], [ 78.3808791, 17.4591238 ], [ 78.3809455, 17.4591011 ], [ 78.3809847, 17.4590713 ], [ 78.3810155, 17.4590378 ], [ 78.3810233, 17.4589991 ], [ 78.3810092, 17.4589568 ], [ 78.3810052, 17.4589159 ], [ 78.3810072, 17.458867 ], [ 78.3810139, 17.4588276 ] ] ] } },
{ "type": "Feature", "properties": { "cn": 98, "tags": { "leisure": "swimming_pool" } }, "geometry": { "type": "Polygon", "coordinates": [ [ [ 78.3721957, 17.4724487 ], [ 78.3722335, 17.4724718 ], [ 78.372265, 17.4724572 ], [ 78.3723131, 17.4724597 ], [ 78.3723394, 17.4724679 ], [ 78.3723976, 17.4725033 ], [ 78.3724287, 17.4725259 ], [ 78.3724602, 17.4725465 ], [ 78.3724827, 17.4725568 ], [ 78.3724944, 17.4725534 ], [ 78.3725169, 17.4725405 ], [ 78.3725285, 17.472513 ], [ 78.372524, 17.4724813 ], [ 78.3725007, 17.4724581 ], [ 78.3724647, 17.4724418 ], [ 78.3724323, 17.4723989 ], [ 78.3724206, 17.4723646 ], [ 78.3724224, 17.472332 ], [ 78.3724026, 17.4722916 ], [ 78.3723693, 17.4722762 ], [ 78.3723288, 17.4722685 ], [ 78.3723018, 17.4722959 ], [ 78.3722865, 17.4723345 ], [ 78.3722659, 17.4723637 ], [ 78.3722407, 17.472386 ], [ 78.3722128, 17.4723937 ], [ 78.372193, 17.4724246 ], [ 78.3721957, 17.4724487 ] ] ] } },
{ "type": "Feature", "properties": { "cn": 98, "tags": { "name": "Kotla Cheruvu", "natural": "water" } }, "geometry": { "type": "Polygon", "coordinates": [ [ [ 78.3709485, 17.4698938 ], [ 78.3712738, 17.469788 ], [ 78.3716436, 17.4699009 ], [ 78.3720576, 17.4701971 ], [ 78.372664, 17.4708884 ], [ 78.3731594, 17.4715443 ], [ 78.3731401, 17.4717016 ], [ 78.3730328, 17.4719603 ], [ 78.3728846, 17.471974 ], [ 78.3725885, 17.4715824 ], [ 78.3723501, 17.4714604 ], [ 78.3721155, 17.4714158 ], [ 78.3718146, 17.4714197 ], [ 78.3714622, 17.4716099 ], [ 78.3712554, 17.471612 ], [ 78.3710006, 17.4718192 ], [ 78.3707797, 17.4716548 ], [ 78.3706976, 17.4714206 ], [ 78.3706492, 17.4713171 ], [ 78.3706546, 17.4711417 ], [ 78.3706535, 17.4709421 ], [ 78.3705992, 17.4707742 ], [ 78.3707562, 17.4701266 ], [ 78.3709485, 17.4698938 ] ] ] } },
{ "type": "Feature", "properties": { "cn": 65, "tags": { "leisure": "golf_course", "name": "Golf" } }, "geometry": { "type": "Polygon", "coordinates": [ [ [ 78.371755, 17.4736712 ], [ 78.3699167, 17.47368 ], [ 78.3700076, 17.4746153 ], [ 78.3721013, 17.4747417 ], [ 78.3721029, 17.4737912 ], [ 78.3717571, 17.4737965 ], [ 78.371755, 17.4736712 ] ] ] } },
{ "type": "Feature", "properties": { "cn": 65, "tags": { "leisure": "golf_course", "name": "Boulder Hills" } }, "geometry": { "type": "Polygon", "coordinates": [ [ [ 78.34229, 17.4282323 ], [ 78.3456225, 17.4269673 ], [ 78.3454518, 17.4266575 ], [ 78.3460352, 17.4265315 ], [ 78.3459923, 17.4261348 ], [ 78.3462219, 17.426094 ], [ 78.3463504, 17.4259917 ], [ 78.3470804, 17.4254424 ], [ 78.3479742, 17.4247698 ], [ 78.3479088, 17.4238153 ], [ 78.3478802, 17.4233975 ], [ 78.3486557, 17.4231457 ], [ 78.3507451, 17.4230485 ], [ 78.3512923, 17.4229973 ], [ 78.352112, 17.4228681 ], [ 78.3525301, 17.4228125 ], [ 78.352789, 17.4226825 ], [ 78.3532906, 17.4223575 ], [ 78.3547604, 17.4212468 ], [ 78.3559111, 17.4202807 ], [ 78.3559687, 17.4202679 ], [ 78.3560318, 17.4202731 ], [ 78.356076, 17.4202859 ], [ 78.3561203, 17.4202999 ], [ 78.3561699, 17.4203242 ], [ 78.3562155, 17.4203588 ], [ 78.3562933, 17.4204842 ], [ 78.3563603, 17.4206877 ], [ 78.3567991, 17.4220711 ], [ 78.3568177, 17.4221297 ], [ 78.3571878, 17.4234554 ], [ 78.3575043, 17.4247273 ], [ 78.3576894, 17.425495 ], [ 78.358022, 17.4267567 ], [ 78.358427, 17.4283228 ], [ 78.3589031, 17.4301372 ], [ 78.3591914, 17.4312043 ], [ 78.3596152, 17.4325197 ], [ 78.3598325, 17.4331082 ], [ 78.3592665, 17.4334153 ], [ 78.3587301, 17.4338043 ], [ 78.3577645, 17.4343992 ], [ 78.3570443, 17.434691 ], [ 78.3565588, 17.4350096 ], [ 78.3554739, 17.4357836 ], [ 78.3551319, 17.4359826 ], [ 78.3550206, 17.4355853 ], [ 78.3549133, 17.4350863 ], [ 78.354696, 17.4345233 ], [ 78.354629, 17.4344146 ], [ 78.3544238, 17.4345579 ], [ 78.3530444, 17.4322891 ], [ 78.3468437, 17.4355697 ], [ 78.3449681, 17.4324186 ], [ 78.34229, 17.4282323 ] ] ] } },
{ "type": "Feature", "properties": { "cn": 65, "tags": { "access": "restricted", "leisure": "garden", "surface": "grass" } }, "geometry": { "type": "Polygon", "coordinates": [ [ [ 78.3712334, 17.4722908 ], [ 78.3714557, 17.4721718 ], [ 78.3717299, 17.4722231 ], [ 78.3718318, 17.4720814 ], [ 78.3721022, 17.4721825 ], [ 78.3719652, 17.4724586 ], [ 78.3718782, 17.4724668 ], [ 78.3718875, 17.4726541 ], [ 78.372104, 17.4726463 ], [ 78.3720707, 17.4727226 ], [ 78.3719044, 17.472789 ], [ 78.3717928, 17.4728869 ], [ 78.371779, 17.4729271 ], [ 78.3717242, 17.4728916 ], [ 78.3716235, 17.472682 ], [ 78.3715724, 17.4726203 ], [ 78.3715783, 17.4725845 ], [ 78.3715799, 17.4725387 ], [ 78.3715723, 17.4724874 ], [ 78.3715497, 17.4724662 ], [ 78.3715206, 17.472439 ], [ 78.3714577, 17.4724325 ], [ 78.3714117, 17.4724456 ], [ 78.3713953, 17.4724563 ], [ 78.3712334, 17.4722908 ] ] ] } },
{ "type": "Feature", "properties": { "cn": 65, "tags": { "leisure": "park", "name": "Krishnakanth Park", "name:etymology:wikidata": "Q983744", "name:te": "కృష్ణకాంత్ పార్కు", "opening_hours": "Mo-Su 08:00-22:00", "operator": "Greater Hyderabad Municipal Corporation", "operator:short": "GHMC", "operator:type": "government", "operator:wikidata": "Q5259597" } }, "geometry": { "type": "Polygon", "coordinates": [ [ [ 78.4315791, 17.4377502 ], [ 78.4315898, 17.4392753 ], [ 78.4318165, 17.4411994 ], [ 78.4316191, 17.4412599 ], [ 78.4316371, 17.4416343 ], [ 78.4305115, 17.4416088 ], [ 78.4304426, 17.4414201 ], [ 78.4303452, 17.4411533 ], [ 78.4302701, 17.441051 ], [ 78.4300877, 17.4410407 ], [ 78.4297283, 17.4411124 ], [ 78.4293367, 17.4410919 ], [ 78.4292509, 17.4410407 ], [ 78.4292187, 17.440836 ], [ 78.4291543, 17.4406723 ], [ 78.4289934, 17.440529 ], [ 78.4288474, 17.4400453 ], [ 78.4291329, 17.4394954 ], [ 78.4292616, 17.4394289 ], [ 78.4295513, 17.4394238 ], [ 78.4300448, 17.4390706 ], [ 78.4301253, 17.4388403 ], [ 78.4308602, 17.4381545 ], [ 78.4315791, 17.4377502 ] ] ] } },
{ "type": "Feature", "properties": { "cn": 98, "tags": { "natural": "water" } }, "geometry": { "type": "Polygon", "coordinates": [ [ [ 78.4312221, 17.4406981 ], [ 78.4312999, 17.4407761 ], [ 78.431371, 17.4407812 ], [ 78.4315212, 17.4407429 ], [ 78.4315588, 17.440716 ], [ 78.4315802, 17.4406482 ], [ 78.4315695, 17.440565 ], [ 78.4315145, 17.4403155 ], [ 78.4314367, 17.4400967 ], [ 78.4312932, 17.4398101 ], [ 78.4311806, 17.4396425 ], [ 78.4310557, 17.439475 ], [ 78.4310021, 17.4394494 ], [ 78.430927, 17.4394647 ], [ 78.430673, 17.4395965 ], [ 78.43063, 17.4396649 ], [ 78.4306341, 17.439727 ], [ 78.4308091, 17.4400213 ], [ 78.4310666, 17.4404268 ], [ 78.4312221, 17.4406981 ] ] ] } },
{ "type": "Feature", "properties": { "cn": 98, "tags": { "natural": "water" } }, "geometry": { "type": "Polygon", "coordinates": [ [ [ 78.4303498, 17.4408254 ], [ 78.4303363, 17.4408663 ], [ 78.4303471, 17.4409009 ], [ 78.4303779, 17.4409175 ], [ 78.4304503, 17.4409271 ], [ 78.4305878, 17.4409079 ], [ 78.4306549, 17.4408798 ], [ 78.4307702, 17.440826 ], [ 78.43086, 17.4407787 ], [ 78.4308989, 17.4407441 ], [ 78.4309392, 17.4406994 ], [ 78.4309512, 17.4406469 ], [ 78.4309244, 17.4405765 ], [ 78.4308225, 17.4404371 ], [ 78.4307662, 17.4403846 ], [ 78.4307072, 17.4403846 ], [ 78.4306777, 17.4404256 ], [ 78.4306105, 17.4405625 ], [ 78.4305139, 17.4406495 ], [ 78.4304168, 17.4407467 ], [ 78.4303498, 17.4408254 ] ] ] } },
{ "type": "Feature", "properties": { "cn": 98, "tags": { "natural": "water" } }, "geometry": { "type": "Polygon", "coordinates": [ [ [ 78.4297281, 17.4408247 ], [ 78.4298153, 17.4408503 ], [ 78.4300205, 17.4408593 ], [ 78.4300862, 17.4408094 ], [ 78.4303074, 17.4406111 ], [ 78.4304148, 17.4405407 ], [ 78.4305154, 17.4403923 ], [ 78.4306146, 17.44024 ], [ 78.4306267, 17.440162 ], [ 78.4305958, 17.4400481 ], [ 78.4305435, 17.4399662 ], [ 78.4304175, 17.4398652 ], [ 78.4303357, 17.4398472 ], [ 78.4302646, 17.4398639 ], [ 78.4300123, 17.4400328 ], [ 78.4297711, 17.4402887 ], [ 78.4297, 17.440391 ], [ 78.4296289, 17.4405215 ], [ 78.4296074, 17.440725 ], [ 78.4296504, 17.4407825 ], [ 78.4297281, 17.4408247 ] ] ] } },
{ "type": "Feature", "properties": { "cn": 65, "tags": { "leisure": "pitch", "sport": "basketball" } }, "geometry": { "type": "Polygon", "coordinates": [ [ [ 78.3751828, 17.450112 ], [ 78.3753893, 17.4498945 ], [ 78.3755261, 17.4500301 ], [ 78.3753142, 17.4502374 ], [ 78.3751828, 17.450112 ] ] ] } },
{ "type": "Feature", "properties": { "cn": 65, "tags": { "leisure": "pitch", "name": "Cricket Nets" } }, "geometry": { "type": "Polygon", "coordinates": [ [ [ 78.3751345, 17.4499994 ], [ 78.375282, 17.449828 ], [ 78.3753437, 17.4498894 ], [ 78.3751881, 17.4500736 ], [ 78.3751345, 17.4499994 ] ] ] } },
{ "type": "Feature", "properties": { "cn": 92, "tags": { "landuse": "commercial", "name": "Capital Park" } }, "geometry": { "type": "Polygon", "coordinates": [ [ [ 78.3868062, 17.4473772 ], [ 78.386834, 17.4473464 ], [ 78.3867447, 17.4460941 ], [ 78.386019, 17.4461386 ], [ 78.3860721, 17.4474096 ], [ 78.3868062, 17.4473772 ] ] ] } },
{ "type": "Feature", "properties": { "cn": 92, "tags": { "landuse": "commercial", "name": "Maruthi", "shop": "car_repair" } }, "geometry": { "type": "Polygon", "coordinates": [ [ [ 78.3900635, 17.441153 ], [ 78.3899434, 17.4407949 ], [ 78.3902724, 17.4406851 ], [ 78.3903382, 17.4409975 ], [ 78.3903503, 17.4410503 ], [ 78.3903182, 17.4410618 ], [ 78.3901768, 17.4411124 ], [ 78.3900635, 17.441153 ] ] ] } },
{ "type": "Feature", "properties": { "cn": 82, "tags": { "landuse": "residential", "name": "Vasantha Enclave" } }, "geometry": { "type": "Polygon", "coordinates": [ [ [ 78.3926142, 17.440202 ], [ 78.3930278, 17.440127 ], [ 78.3934069, 17.4400661 ], [ 78.3932929, 17.4396798 ], [ 78.3938167, 17.4395542 ], [ 78.3937041, 17.4392913 ], [ 78.3935431, 17.4390335 ], [ 78.3933178, 17.4385186 ], [ 78.3923501, 17.4387778 ], [ 78.3925473, 17.4397901 ], [ 78.3926142, 17.440202 ] ] ] } },
{ "type": "Feature", "properties": { "cn": 82, "tags": { "landuse": "residential", "name": "Kalyani Residency" } }, "geometry": { "type": "Polygon", "coordinates": [ [ [ 78.3933583, 17.4397332 ], [ 78.393425, 17.4399605 ], [ 78.3939025, 17.4397891 ], [ 78.393825, 17.4395746 ], [ 78.3933583, 17.4397332 ] ] ] } },
{ "type": "Feature", "properties": { "cn": 65, "tags": { "leisure": "track", "sport": "multi" } }, "geometry": { "type": "Polygon", "coordinates": [ [ [ 78.4210332, 17.4383184 ], [ 78.4211363, 17.4382734 ], [ 78.4212852, 17.4382378 ], [ 78.421563, 17.4381764 ], [ 78.4217248, 17.4381381 ], [ 78.4219926, 17.4380808 ], [ 78.4220684, 17.4381067 ], [ 78.4221126, 17.4381327 ], [ 78.4221506, 17.4381618 ], [ 78.4221924, 17.4381949 ], [ 78.4222238, 17.4382262 ], [ 78.4222652, 17.4382795 ], [ 78.4222992, 17.4383346 ], [ 78.4223221, 17.4383853 ], [ 78.4223274, 17.4384312 ], [ 78.4223186, 17.4385109 ], [ 78.4222886, 17.4385871 ], [ 78.422246, 17.4386697 ], [ 78.4221588, 17.4387305 ], [ 78.4220943, 17.4387602 ], [ 78.4219592, 17.4388082 ], [ 78.4218511, 17.4388403 ], [ 78.4217849, 17.4388539 ], [ 78.4216775, 17.4388881 ], [ 78.4214484, 17.4389359 ], [ 78.4212748, 17.4389649 ], [ 78.4211442, 17.4389632 ], [ 78.4211084, 17.4389564 ], [ 78.4210475, 17.4389274 ], [ 78.4210091, 17.4388978 ], [ 78.4209704, 17.4388459 ], [ 78.4209217, 17.4387926 ], [ 78.4208759, 17.4387202 ], [ 78.4208659, 17.4386137 ], [ 78.4208745, 17.4385126 ], [ 78.4208845, 17.4384689 ], [ 78.4209317, 17.4384101 ], [ 78.4210048, 17.4383473 ], [ 78.4210332, 17.4383184 ] ] ] } },
{ "type": "Feature", "properties": { "cn": 98, "tags": { "name": "Kamuni Cheruvu", "natural": "water" } }, "geometry": { "type": "Polygon", "coordinates": [ [ [ 78.4032866, 17.4629484 ], [ 78.4032884, 17.4628733 ], [ 78.4032794, 17.4628067 ], [ 78.4032508, 17.4627213 ], [ 78.4032132, 17.4626496 ], [ 78.4031523, 17.4626018 ], [ 78.403148, 17.4624017 ], [ 78.4031445, 17.4622583 ], [ 78.4031655, 17.4621782 ], [ 78.4032207, 17.4621848 ], [ 78.4032537, 17.4621835 ], [ 78.4032844, 17.4622149 ], [ 78.4033174, 17.4622247 ], [ 78.4033431, 17.4622205 ], [ 78.4033644, 17.4622121 ], [ 78.4033798, 17.4622247 ], [ 78.4034069, 17.4622072 ], [ 78.403456, 17.4621883 ], [ 78.4034985, 17.4621576 ], [ 78.403497, 17.4622079 ], [ 78.4035066, 17.462245 ], [ 78.4034992, 17.4622807 ], [ 78.4035, 17.4623261 ], [ 78.4035154, 17.4623464 ], [ 78.4035139, 17.4623967 ], [ 78.4035278, 17.4624541 ], [ 78.4035462, 17.4624891 ], [ 78.4035524, 17.4625137 ], [ 78.4035272, 17.4625497 ], [ 78.4035902, 17.4625716 ], [ 78.4035913, 17.4626131 ], [ 78.4036428, 17.4626317 ], [ 78.4036749, 17.4626666 ], [ 78.4037036, 17.462671 ], [ 78.4037628, 17.4627134 ], [ 78.4038223, 17.4627467 ], [ 78.4038712, 17.4627401 ], [ 78.4039236, 17.46269 ], [ 78.4039726, 17.4626934 ], [ 78.4040145, 17.4626033 ], [ 78.4040775, 17.4625 ], [ 78.4041124, 17.4624133 ], [ 78.4041369, 17.4622932 ], [ 78.4041474, 17.4622399 ], [ 78.4041801, 17.4622285 ], [ 78.404198, 17.462124 ], [ 78.4042137, 17.4621005 ], [ 78.4042741, 17.4621752 ], [ 78.4043233, 17.4622392 ], [ 78.4043255, 17.4624483 ], [ 78.4043597, 17.4625642 ], [ 78.4043998, 17.4626593 ], [ 78.4044388, 17.4626888 ], [ 78.4044296, 17.4627281 ], [ 78.4044388, 17.4628046 ], [ 78.4044456, 17.4628319 ], [ 78.4044414, 17.4628606 ], [ 78.4044814, 17.4629098 ], [ 78.4044835, 17.4629412 ], [ 78.4044944, 17.462981 ], [ 78.4044782, 17.4630182 ], [ 78.4044846, 17.4630954 ], [ 78.4045376, 17.4633217 ], [ 78.4045578, 17.4633794 ], [ 78.4045421, 17.4634647 ], [ 78.4045757, 17.4635031 ], [ 78.4045958, 17.4635672 ], [ 78.4046025, 17.4636483 ], [ 78.4046058, 17.4637137 ], [ 78.4046122, 17.463774 ], [ 78.4046241, 17.4638876 ], [ 78.4046415, 17.4639418 ], [ 78.4046535, 17.4640318 ], [ 78.4046983, 17.4641358 ], [ 78.4047654, 17.4642292 ], [ 78.4048409, 17.4643412 ], [ 78.4049584, 17.4644693 ], [ 78.4050423, 17.4645626 ], [ 78.4050476, 17.4646062 ], [ 78.405078, 17.4646301 ], [ 78.4050601, 17.4646677 ], [ 78.4051084, 17.4646899 ], [ 78.4051586, 17.4647496 ], [ 78.4051818, 17.4648231 ], [ 78.4052158, 17.4648982 ], [ 78.4052373, 17.4648965 ], [ 78.4052767, 17.4649357 ], [ 78.4052552, 17.4650194 ], [ 78.4053125, 17.4650621 ], [ 78.4054158, 17.465276 ], [ 78.4054857, 17.4653635 ], [ 78.4054726, 17.4654844 ], [ 78.4054548, 17.4655344 ], [ 78.4053953, 17.4655432 ], [ 78.4053185, 17.4655836 ], [ 78.4052624, 17.4656186 ], [ 78.4052086, 17.4656382 ], [ 78.405149, 17.4656798 ], [ 78.4051387, 17.4657246 ], [ 78.4051215, 17.4657486 ], [ 78.4050963, 17.4657464 ], [ 78.4050734, 17.4656961 ], [ 78.4050883, 17.4656404 ], [ 78.4051238, 17.4656317 ], [ 78.4051662, 17.4656022 ], [ 78.4051799, 17.4655519 ], [ 78.4051765, 17.4654951 ], [ 78.4051719, 17.465459 ], [ 78.4052154, 17.465411 ], [ 78.4052441, 17.4653694 ], [ 78.4052212, 17.4653093 ], [ 78.4051593, 17.4652536 ], [ 78.4050952, 17.465211 ], [ 78.4050287, 17.4651454 ], [ 78.4049829, 17.4651214 ], [ 78.4049327, 17.4651003 ], [ 78.4048411, 17.4651025 ], [ 78.404746, 17.4651265 ], [ 78.4047151, 17.4651571 ], [ 78.4047242, 17.4651953 ], [ 78.404691, 17.4652522 ], [ 78.4047162, 17.465286 ], [ 78.4046876, 17.4653341 ], [ 78.4046452, 17.4653986 ], [ 78.4046212, 17.4654368 ], [ 78.4046028, 17.4654335 ], [ 78.4045799, 17.4654696 ], [ 78.4045639, 17.4654139 ], [ 78.4045238, 17.465321 ], [ 78.4044287, 17.465239 ], [ 78.4043739, 17.4652323 ], [ 78.4043728, 17.4652673 ], [ 78.4043132, 17.4653132 ], [ 78.4042823, 17.4652859 ], [ 78.4042788, 17.465252 ], [ 78.4042422, 17.4652542 ], [ 78.4042273, 17.4652903 ], [ 78.4042067, 17.4653143 ], [ 78.4041769, 17.4653209 ], [ 78.4041471, 17.4652848 ], [ 78.4040841, 17.4652739 ], [ 78.4040429, 17.4652924 ], [ 78.4040119, 17.465334 ], [ 78.4039352, 17.4653351 ], [ 78.4038676, 17.4652935 ], [ 78.4038206, 17.4652564 ], [ 78.4037706, 17.4652161 ], [ 78.4037026, 17.4652332 ], [ 78.4036489, 17.4652332 ], [ 78.403656, 17.4651785 ], [ 78.4036668, 17.4651017 ], [ 78.4036489, 17.4650385 ], [ 78.4036041, 17.4650027 ], [ 78.4035647, 17.4649976 ], [ 78.4035683, 17.4649463 ], [ 78.4035415, 17.4648917 ], [ 78.4035039, 17.4648115 ], [ 78.4034663, 17.4647893 ], [ 78.4034394, 17.4647329 ], [ 78.4034287, 17.4646561 ], [ 78.4034233, 17.4645776 ], [ 78.4033714, 17.4644956 ], [ 78.4032726, 17.464382 ], [ 78.4032199, 17.4643656 ], [ 78.4032738, 17.4643241 ], [ 78.4033081, 17.464253 ], [ 78.4033253, 17.4642093 ], [ 78.4033196, 17.4641798 ], [ 78.4033471, 17.4641591 ], [ 78.4034262, 17.463969 ], [ 78.4034262, 17.4638064 ], [ 78.4033869, 17.4637189 ], [ 78.4034175, 17.4636063 ], [ 78.4033039, 17.4635313 ], [ 78.4032121, 17.4634229 ], [ 78.4032777, 17.4633396 ], [ 78.4033825, 17.4632895 ], [ 78.4034699, 17.463177 ], [ 78.4035048, 17.4630683 ], [ 78.4034923, 17.4629369 ], [ 78.4034744, 17.4628617 ], [ 78.4034493, 17.462901 ], [ 78.4033974, 17.4629283 ], [ 78.4033455, 17.4629369 ], [ 78.4032866, 17.4629484 ] ] ] } },
{ "type": "Feature", "properties": { "cn": 65, "tags": { "leisure": "pitch" } }, "geometry": { "type": "Polygon", "coordinates": [ [ [ 78.4223677, 17.4378036 ], [ 78.4226312, 17.4388981 ], [ 78.4218393, 17.4390944 ], [ 78.4209326, 17.4393341 ], [ 78.420807, 17.4389693 ], [ 78.4205885, 17.4383701 ], [ 78.4205794, 17.4382891 ], [ 78.4211467, 17.4381491 ], [ 78.4221579, 17.4378624 ], [ 78.4223677, 17.4378036 ] ] ] } },
{ "type": "Feature", "properties": { "cn": 98, "tags": { "name": "sunnam cheruvu", "natural": "water", "water": "pond" } }, "geometry": { "type": "Polygon", "coordinates": [ [ [ 78.4019096, 17.4518111 ], [ 78.4020679, 17.45171 ], [ 78.4021309, 17.451678 ], [ 78.4022395, 17.4516191 ], [ 78.4026848, 17.451394 ], [ 78.4028698, 17.4513108 ], [ 78.4030737, 17.4512059 ], [ 78.4032354, 17.4511358 ], [ 78.4033138, 17.4511074 ], [ 78.4034152, 17.4510591 ], [ 78.403767, 17.4509168 ], [ 78.4038623, 17.4508835 ], [ 78.4039964, 17.4508349 ], [ 78.4040514, 17.4508183 ], [ 78.4041037, 17.4508131 ], [ 78.4041251, 17.4508106 ], [ 78.4041385, 17.450817 ], [ 78.4041613, 17.4508349 ], [ 78.4041734, 17.4508745 ], [ 78.4041922, 17.4509091 ], [ 78.404227, 17.4509577 ], [ 78.4042498, 17.4509795 ], [ 78.4043089, 17.4509884 ], [ 78.4043545, 17.4509756 ], [ 78.4043746, 17.4509526 ], [ 78.404384, 17.4509398 ], [ 78.4044027, 17.4509385 ], [ 78.4044161, 17.4509513 ], [ 78.4044591, 17.4510716 ], [ 78.4044859, 17.4511151 ], [ 78.4045073, 17.4511483 ], [ 78.4045905, 17.4512993 ], [ 78.4046549, 17.4514196 ], [ 78.404683, 17.4514631 ], [ 78.404734, 17.4515385 ], [ 78.4047809, 17.4516064 ], [ 78.4048238, 17.4516857 ], [ 78.4048761, 17.4518136 ], [ 78.4048976, 17.4518648 ], [ 78.4049217, 17.4519607 ], [ 78.4049124, 17.4520017 ], [ 78.4048802, 17.4520388 ], [ 78.4048399, 17.4520759 ], [ 78.4047863, 17.4521232 ], [ 78.4047018, 17.452191 ], [ 78.4046629, 17.4522205 ], [ 78.4045422, 17.4523241 ], [ 78.4044631, 17.452397 ], [ 78.4043705, 17.452475 ], [ 78.4043115, 17.4525147 ], [ 78.4042793, 17.4525313 ], [ 78.4042485, 17.4525454 ], [ 78.404215, 17.4525633 ], [ 78.4041895, 17.4525902 ], [ 78.4041533, 17.4526375 ], [ 78.4041305, 17.4526644 ], [ 78.404105, 17.4526849 ], [ 78.4040675, 17.4527041 ], [ 78.4040272, 17.452736 ], [ 78.403987, 17.4527949 ], [ 78.4039012, 17.4529075 ], [ 78.4038649, 17.4529612 ], [ 78.4038341, 17.453006 ], [ 78.4038073, 17.4530418 ], [ 78.4037858, 17.4530648 ], [ 78.4037764, 17.4530687 ], [ 78.4037577, 17.4530636 ], [ 78.4037429, 17.4530648 ], [ 78.4037282, 17.4530751 ], [ 78.4037241, 17.453093 ], [ 78.4037322, 17.4531134 ], [ 78.4037389, 17.4531378 ], [ 78.4037161, 17.4531697 ], [ 78.4036557, 17.4532312 ], [ 78.4035686, 17.4533335 ], [ 78.4034908, 17.4534295 ], [ 78.4033996, 17.4535113 ], [ 78.4032963, 17.4536457 ], [ 78.4032507, 17.4537109 ], [ 78.4032118, 17.4537621 ], [ 78.4031957, 17.4537749 ], [ 78.403177, 17.4537723 ], [ 78.4031636, 17.4537595 ], [ 78.403118, 17.4537263 ], [ 78.4030804, 17.4536994 ], [ 78.4030522, 17.453638 ], [ 78.4029812, 17.453528 ], [ 78.4029007, 17.4533898 ], [ 78.4028363, 17.4532798 ], [ 78.4027745, 17.4530948 ], [ 78.4027483, 17.4530197 ], [ 78.4027478, 17.4529523 ], [ 78.4027177, 17.4528572 ], [ 78.4026861, 17.452809 ], [ 78.4026003, 17.4527603 ], [ 78.4025359, 17.4526989 ], [ 78.4024903, 17.4526759 ], [ 78.4024474, 17.4526478 ], [ 78.4024394, 17.4525787 ], [ 78.4024018, 17.4525198 ], [ 78.4023562, 17.4524917 ], [ 78.4022731, 17.4524533 ], [ 78.4021953, 17.4524431 ], [ 78.4021121, 17.4524354 ], [ 78.4020424, 17.4524379 ], [ 78.4019784, 17.4524061 ], [ 78.4019445, 17.4523893 ], [ 78.4019163, 17.4523701 ], [ 78.4018841, 17.4523241 ], [ 78.4018667, 17.4522883 ], [ 78.4018546, 17.4522294 ], [ 78.4018479, 17.4521897 ], [ 78.4018345, 17.4521667 ], [ 78.4017956, 17.4521386 ], [ 78.4017648, 17.4521066 ], [ 78.4017447, 17.4520759 ], [ 78.4017178, 17.4520452 ], [ 78.4017058, 17.4520388 ], [ 78.4016843, 17.4520311 ], [ 78.4016709, 17.4520119 ], [ 78.4016749, 17.4519774 ], [ 78.4017004, 17.4519275 ], [ 78.4017393, 17.4518904 ], [ 78.4018104, 17.4518482 ], [ 78.4019096, 17.4518111 ] ] ] } },
{ "type": "Feature", "properties": { "cn": 70, "tags": { "leaf_type": "mixed", "natural": "wood" } }, "geometry": { "type": "Polygon", "coordinates": [ [ [ 78.409616, 17.4407004 ], [ 78.4098533, 17.4405815 ], [ 78.4100916, 17.4404967 ], [ 78.4102978, 17.4404626 ], [ 78.410662, 17.4402656 ], [ 78.4110536, 17.4400602 ], [ 78.4109801, 17.440148 ], [ 78.4108427, 17.440218 ], [ 78.4107728, 17.4402715 ], [ 78.4108071, 17.4403327 ], [ 78.4107842, 17.4404169 ], [ 78.41068, 17.4404595 ], [ 78.4106674, 17.4405098 ], [ 78.4105185, 17.4405841 ], [ 78.4104939, 17.4406764 ], [ 78.4104997, 17.4407474 ], [ 78.4105478, 17.440766 ], [ 78.4105524, 17.4408261 ], [ 78.4104573, 17.4408436 ], [ 78.4104779, 17.4409168 ], [ 78.4103324, 17.4409048 ], [ 78.4102534, 17.4409048 ], [ 78.4101537, 17.4408152 ], [ 78.4101343, 17.4407518 ], [ 78.4100564, 17.4407901 ], [ 78.4100117, 17.4407988 ], [ 78.4098971, 17.4406994 ], [ 78.4098244, 17.440695 ], [ 78.4097007, 17.4407525 ], [ 78.4095318, 17.4407949 ], [ 78.409616, 17.4407004 ] ] ] } },
{ "type": "Feature", "properties": { "cn": 70, "tags": { "natural": "wood" } }, "geometry": { "type": "Polygon", "coordinates": [ [ [ 78.408392, 17.4406685 ], [ 78.4082455, 17.4407794 ], [ 78.4081501, 17.4409258 ], [ 78.4081298, 17.4410987 ], [ 78.4081088, 17.4412521 ], [ 78.4080424, 17.4414389 ], [ 78.4079694, 17.4416196 ], [ 78.4078323, 17.4418064 ], [ 78.4076841, 17.4420145 ], [ 78.4075951, 17.4421081 ], [ 78.4074931, 17.442243 ], [ 78.4074734, 17.4423472 ], [ 78.407554, 17.4423984 ], [ 78.4077007, 17.4424479 ], [ 78.4078242, 17.44254 ], [ 78.4078886, 17.4426094 ], [ 78.4080172, 17.4425507 ], [ 78.4081039, 17.4425347 ], [ 78.4082521, 17.442612 ], [ 78.4083304, 17.4425614 ], [ 78.4082829, 17.4422919 ], [ 78.4083584, 17.4422385 ], [ 78.4083808, 17.4421425 ], [ 78.4082661, 17.4421398 ], [ 78.4081934, 17.4420518 ], [ 78.4082409, 17.441937 ], [ 78.4083052, 17.441857 ], [ 78.4082689, 17.4415315 ], [ 78.4083117, 17.4412696 ], [ 78.4083281, 17.4410035 ], [ 78.4082843, 17.4409674 ], [ 78.4083499, 17.4408163 ], [ 78.408392, 17.4406685 ] ] ] } },
{ "type": "Feature", "properties": { "cn": 65, "tags": { "landuse": "grass" } }, "geometry": { "type": "Polygon", "coordinates": [ [ [ 78.40978, 17.4409456 ], [ 78.4098297, 17.4410123 ], [ 78.4098499, 17.4410333 ], [ 78.4098865, 17.4410262 ], [ 78.409924, 17.4410074 ], [ 78.4099658, 17.440985 ], [ 78.4099954, 17.4410069 ], [ 78.4100281, 17.4410442 ], [ 78.4100787, 17.4411239 ], [ 78.4101102, 17.4411489 ], [ 78.4100882, 17.4411707 ], [ 78.4100863, 17.4412092 ], [ 78.410137, 17.4412038 ], [ 78.4102329, 17.4411635 ], [ 78.4102295, 17.4411023 ], [ 78.4102157, 17.4409876 ], [ 78.4101722, 17.4409362 ], [ 78.4100452, 17.4408762 ], [ 78.4099631, 17.4408796 ], [ 78.4098452, 17.4409165 ], [ 78.40978, 17.4409456 ] ] ] } },
{ "type": "Feature", "properties": { "cn": 98, "tags": { "intermittent": "yes", "natural": "water" } }, "geometry": { "type": "Polygon", "coordinates": [ [ [ 78.3641536, 17.4311224 ], [ 78.364234, 17.4312376 ], [ 78.3643306, 17.4311813 ], [ 78.364352, 17.4312069 ], [ 78.3647571, 17.430951 ], [ 78.3647383, 17.4307156 ], [ 78.3652399, 17.4309612 ], [ 78.3653713, 17.4310585 ], [ 78.3654249, 17.4311583 ], [ 78.3653954, 17.4312734 ], [ 78.3654062, 17.4318134 ], [ 78.3653606, 17.4318774 ], [ 78.3652989, 17.431926 ], [ 78.3650602, 17.4319644 ], [ 78.3650199, 17.4320693 ], [ 78.3649073, 17.4320053 ], [ 78.3648402, 17.4320411 ], [ 78.3648617, 17.4321153 ], [ 78.3649341, 17.43221 ], [ 78.3649421, 17.4322868 ], [ 78.3648134, 17.4323354 ], [ 78.3646256, 17.4324071 ], [ 78.3645747, 17.4324045 ], [ 78.3645264, 17.4323533 ], [ 78.3644164, 17.4321742 ], [ 78.3640919, 17.431752 ], [ 78.3641053, 17.4316624 ], [ 78.3641267, 17.4315549 ], [ 78.3641428, 17.43145 ], [ 78.3641187, 17.4313195 ], [ 78.3641133, 17.4312146 ], [ 78.3641536, 17.4311224 ] ] ] } },
{ "type": "Feature", "properties": { "cn": 98, "tags": { "name": "Ameenpur Lake", "natural": "water", "source:position": "Bing Imagery", "source:tracer": "scanaerial", "water": "lake", "wikidata": "Q58379737", "wikipedia": "en:Ameenpur Lake" } }, "geometry": { "type": "Polygon", "coordinates": [ [ [ 78.3329534, 17.5259541 ], [ 78.3331391, 17.5258886 ], [ 78.3337343, 17.5258316 ], [ 78.3338123, 17.5260704 ], [ 78.3343757, 17.5260452 ], [ 78.3344276, 17.5264788 ], [ 78.3353756, 17.526594 ], [ 78.3362985, 17.5272335 ], [ 78.3366951, 17.5282168 ], [ 78.3397991, 17.5289025 ], [ 78.3393002, 17.5273746 ], [ 78.3376267, 17.5260765 ], [ 78.337867, 17.5246009 ], [ 78.3385142, 17.5246697 ], [ 78.3385916, 17.5239099 ], [ 78.3391546, 17.5234397 ], [ 78.3392006, 17.522829 ], [ 78.3394667, 17.5230017 ], [ 78.3406043, 17.5230458 ], [ 78.3405971, 17.5228358 ], [ 78.3408916, 17.522604 ], [ 78.3409781, 17.522472 ], [ 78.3413554, 17.5225037 ], [ 78.3413587, 17.5226659 ], [ 78.3417133, 17.5226796 ], [ 78.3418096, 17.5224737 ], [ 78.3423665, 17.5224613 ], [ 78.3420257, 17.5217776 ], [ 78.342108, 17.520556 ], [ 78.3407421, 17.5199654 ], [ 78.3399332, 17.5200518 ], [ 78.3310893, 17.5183145 ], [ 78.3300612, 17.5185633 ], [ 78.3294296, 17.5198175 ], [ 78.328743, 17.5198175 ], [ 78.3282693, 17.5198589 ], [ 78.3279072, 17.5202631 ], [ 78.3274834, 17.5209613 ], [ 78.3262539, 17.5221911 ], [ 78.3258059, 17.522521 ], [ 78.3251828, 17.5229363 ], [ 78.3246237, 17.523471 ], [ 78.3245132, 17.5247741 ], [ 78.3246698, 17.5254809 ], [ 78.3249164, 17.5260856 ], [ 78.3273398, 17.525743 ], [ 78.3289366, 17.5267669 ], [ 78.3294095, 17.528326 ], [ 78.3307956, 17.5284611 ], [ 78.3312447, 17.527576 ], [ 78.3307575, 17.5262514 ], [ 78.3328868, 17.5257178 ], [ 78.3329534, 17.5259541 ] ] ] } },
{ "type": "Feature", "properties": { "cn": 98, "tags": { "natural": "wetland", "wetland": "marsh" } }, "geometry": { "type": "Polygon", "coordinates": [ [ [ 78.4036784, 17.4607915 ], [ 78.4037956, 17.4609362 ], [ 78.4040163, 17.4611237 ], [ 78.4043025, 17.4614526 ], [ 78.4044783, 17.46165 ], [ 78.4045197, 17.4619888 ], [ 78.4046059, 17.4621072 ], [ 78.4044851, 17.4623294 ], [ 78.4045029, 17.4627271 ], [ 78.4046106, 17.4633027 ], [ 78.4047159, 17.4638772 ], [ 78.4048797, 17.4642664 ], [ 78.405091, 17.4644712 ], [ 78.4052289, 17.4647169 ], [ 78.4056242, 17.4653139 ], [ 78.4058202, 17.465543 ], [ 78.4058237, 17.4656053 ], [ 78.4056525, 17.4656171 ], [ 78.4055518, 17.465713 ], [ 78.4053435, 17.4658393 ], [ 78.4051952, 17.4658623 ], [ 78.4049332, 17.4658031 ], [ 78.4046366, 17.4658689 ], [ 78.4042401, 17.4657834 ], [ 78.4038436, 17.4657044 ], [ 78.4033229, 17.4655926 ], [ 78.4030091, 17.4657735 ], [ 78.4020885, 17.4658524 ], [ 78.4019885, 17.465461 ], [ 78.4022057, 17.465142 ], [ 78.4021908, 17.4648397 ], [ 78.4021199, 17.4646646 ], [ 78.4018613, 17.4646728 ], [ 78.4016544, 17.4642124 ], [ 78.4021543, 17.4639986 ], [ 78.4022199, 17.4639507 ], [ 78.4022791, 17.4638585 ], [ 78.402329, 17.4637753 ], [ 78.4023461, 17.4636594 ], [ 78.4023196, 17.4635373 ], [ 78.4022791, 17.4633916 ], [ 78.4019559, 17.4633278 ], [ 78.4018645, 17.4632102 ], [ 78.4017522, 17.463231 ], [ 78.4015091, 17.4632251 ], [ 78.4014093, 17.4632043 ], [ 78.4013594, 17.4631299 ], [ 78.4013823, 17.4630298 ], [ 78.4012971, 17.4629842 ], [ 78.4012409, 17.4629158 ], [ 78.4011692, 17.4628593 ], [ 78.4011287, 17.462776 ], [ 78.4010165, 17.4625173 ], [ 78.401835, 17.4618939 ], [ 78.4017205, 17.4613158 ], [ 78.4022862, 17.4610716 ], [ 78.4027936, 17.460924 ], [ 78.4029068, 17.4612735 ], [ 78.402993, 17.461659 ], [ 78.40316, 17.4619057 ], [ 78.4031615, 17.4621704 ], [ 78.403147, 17.4622096 ], [ 78.4031162, 17.4623126 ], [ 78.403128, 17.4625101 ], [ 78.4031343, 17.4626299 ], [ 78.4031949, 17.4626687 ], [ 78.4032521, 17.4627902 ], [ 78.4032691, 17.462981 ], [ 78.4034634, 17.462926 ], [ 78.4034679, 17.4631297 ], [ 78.4032215, 17.4633443 ], [ 78.4031821, 17.4634012 ], [ 78.4031796, 17.4635094 ], [ 78.4032943, 17.4636084 ], [ 78.4033451, 17.4636547 ], [ 78.4033798, 17.4637939 ], [ 78.4034035, 17.4639351 ], [ 78.4032984, 17.4641291 ], [ 78.4032629, 17.4642585 ], [ 78.403203, 17.4643447 ], [ 78.4032166, 17.4644331 ], [ 78.4033115, 17.4644751 ], [ 78.4033883, 17.4645991 ], [ 78.4034274, 17.464798 ], [ 78.4034737, 17.4648227 ], [ 78.4035302, 17.4649726 ], [ 78.4035403, 17.4650124 ], [ 78.403624, 17.4650426 ], [ 78.4036341, 17.4651321 ], [ 78.4036194, 17.4652409 ], [ 78.4037053, 17.4652636 ], [ 78.4037565, 17.4652488 ], [ 78.4038367, 17.465307 ], [ 78.4039124, 17.4653555 ], [ 78.4040086, 17.4653601 ], [ 78.4040741, 17.4653137 ], [ 78.4041284, 17.4653116 ], [ 78.4041657, 17.4653374 ], [ 78.4042357, 17.4653245 ], [ 78.4042506, 17.4652767 ], [ 78.404289, 17.4653125 ], [ 78.4043189, 17.4653247 ], [ 78.40438, 17.4652809 ], [ 78.4043869, 17.4652456 ], [ 78.4044435, 17.4652685 ], [ 78.4044952, 17.4653439 ], [ 78.4045477, 17.4654569 ], [ 78.4045774, 17.4655068 ], [ 78.4046678, 17.4654071 ], [ 78.4047525, 17.4652629 ], [ 78.404744, 17.4651902 ], [ 78.4048019, 17.4651497 ], [ 78.4049615, 17.4651578 ], [ 78.405066, 17.4652265 ], [ 78.4051211, 17.4652591 ], [ 78.4051778, 17.4652955 ], [ 78.4052142, 17.4653303 ], [ 78.4052292, 17.4653711 ], [ 78.4051615, 17.4654398 ], [ 78.4051348, 17.4655194 ], [ 78.4051542, 17.4655733 ], [ 78.4050465, 17.4656457 ], [ 78.4050447, 17.46574 ], [ 78.405126, 17.465772 ], [ 78.4051983, 17.4656979 ], [ 78.4052033, 17.4656679 ], [ 78.405275, 17.4656321 ], [ 78.4054274, 17.4655765 ], [ 78.405498, 17.4655327 ], [ 78.4055069, 17.465462 ], [ 78.4055316, 17.4653744 ], [ 78.405429, 17.4652258 ], [ 78.4053429, 17.4650331 ], [ 78.4053076, 17.4649248 ], [ 78.405213, 17.4647928 ], [ 78.405141, 17.4646783 ], [ 78.4050415, 17.4645402 ], [ 78.4049334, 17.4644151 ], [ 78.404708, 17.4640893 ], [ 78.404648, 17.463893 ], [ 78.4046326, 17.4637809 ], [ 78.4046199, 17.4636688 ], [ 78.4045069, 17.4630307 ], [ 78.4044965, 17.4628761 ], [ 78.4044717, 17.4628395 ], [ 78.404448, 17.4627306 ], [ 78.4044649, 17.46268 ], [ 78.4044016, 17.4625862 ], [ 78.4043677, 17.4625054 ], [ 78.4043599, 17.4624092 ], [ 78.4043724, 17.4623112 ], [ 78.4043667, 17.4622314 ], [ 78.4042951, 17.4621336 ], [ 78.4042245, 17.4620595 ], [ 78.4041551, 17.4620888 ], [ 78.4041214, 17.4622249 ], [ 78.4040909, 17.4623542 ], [ 78.404057, 17.4624749 ], [ 78.4039988, 17.4625864 ], [ 78.4039558, 17.4626651 ], [ 78.4038598, 17.4627017 ], [ 78.4037762, 17.4626931 ], [ 78.4037163, 17.4626435 ], [ 78.4036496, 17.4626101 ], [ 78.4035838, 17.4624625 ], [ 78.4035507, 17.462292 ], [ 78.4035463, 17.462113 ], [ 78.4034359, 17.4621088 ], [ 78.4033278, 17.462172 ], [ 78.4032164, 17.4621192 ], [ 78.4032641, 17.4619272 ], [ 78.4033899, 17.4616213 ], [ 78.4036238, 17.4612484 ], [ 78.4036721, 17.4610083 ], [ 78.4036784, 17.4607915 ] ] ] } },
{ "type": "Feature", "properties": { "cn": 98, "tags": { "leisure": "boating", "natural": "water", "water": "pond" } }, "geometry": { "type": "Polygon", "coordinates": [ [ [ 78.361493, 17.4553929 ], [ 78.3615501, 17.4554419 ], [ 78.3615725, 17.455484 ], [ 78.3615564, 17.4556056 ], [ 78.3615338, 17.4556617 ], [ 78.3614506, 17.4556858 ], [ 78.3613874, 17.4556936 ], [ 78.3613973, 17.4557436 ], [ 78.3614093, 17.4558296 ], [ 78.361407, 17.4559309 ], [ 78.3614093, 17.4560042 ], [ 78.361433, 17.4560893 ], [ 78.36163, 17.456021 ], [ 78.3617684, 17.4559383 ], [ 78.3618603, 17.4558955 ], [ 78.3620298, 17.4558021 ], [ 78.3621966, 17.4556782 ], [ 78.3623613, 17.4555894 ], [ 78.3624532, 17.4555087 ], [ 78.3624785, 17.4554501 ], [ 78.3624749, 17.4554044 ], [ 78.3624, 17.4553112 ], [ 78.3623452, 17.4552661 ], [ 78.362243, 17.455248 ], [ 78.362149, 17.455304 ], [ 78.3620695, 17.4553403 ], [ 78.3620577, 17.4554058 ], [ 78.3620324, 17.4554644 ], [ 78.3619466, 17.4555265 ], [ 78.3618589, 17.4555317 ], [ 78.3617983, 17.4555006 ], [ 78.3617065, 17.4554321 ], [ 78.3615624, 17.4553808 ], [ 78.3615075, 17.4553653 ], [ 78.361493, 17.4553929 ] ] ] } },
{ "type": "Feature", "properties": { "cn": 92, "tags": { "landuse": "commercial", "name": "Tech Mahindra Learning Center" } }, "geometry": { "type": "Polygon", "coordinates": [ [ [ 78.3733195, 17.4512991 ], [ 78.3734354, 17.4512134 ], [ 78.3745451, 17.4512009 ], [ 78.3751401, 17.4512106 ], [ 78.3751983, 17.4512708 ], [ 78.3751299, 17.4519391 ], [ 78.3751786, 17.4526204 ], [ 78.3746339, 17.4525603 ], [ 78.3740115, 17.4525637 ], [ 78.374013, 17.4524739 ], [ 78.3733184, 17.4524717 ], [ 78.3733195, 17.4512991 ] ] ] } },
{ "type": "Feature", "properties": { "cn": 92, "tags": { "leisure": "stadium", "name": "Aquatics Complex" } }, "geometry": { "type": "Polygon", "coordinates": [ [ [ 78.3463026, 17.4474553 ], [ 78.3463263, 17.4474558 ], [ 78.3463592, 17.447421 ], [ 78.3464171, 17.447422 ], [ 78.3464175, 17.4474001 ], [ 78.3464934, 17.4474014 ], [ 78.346493, 17.4474246 ], [ 78.3465349, 17.4474253 ], [ 78.3465677, 17.4474557 ], [ 78.3466077, 17.4474583 ], [ 78.3466075, 17.4475236 ], [ 78.3466062, 17.4475605 ], [ 78.3466797, 17.4475629 ], [ 78.3467038, 17.4475319 ], [ 78.3467588, 17.4475332 ], [ 78.3467561, 17.4475752 ], [ 78.3467196, 17.4476019 ], [ 78.3467171, 17.4476775 ], [ 78.3468427, 17.4476816 ], [ 78.3468221, 17.4485596 ], [ 78.3467277, 17.4485582 ], [ 78.3467258, 17.4486699 ], [ 78.3466804, 17.4486704 ], [ 78.3466542, 17.4486446 ], [ 78.3465888, 17.4486428 ], [ 78.3465853, 17.4487506 ], [ 78.3465329, 17.4487501 ], [ 78.3465054, 17.4487802 ], [ 78.3464725, 17.4487802 ], [ 78.3464647, 17.4487703 ], [ 78.3464097, 17.4487695 ], [ 78.3464095, 17.448782 ], [ 78.3463685, 17.4487827 ], [ 78.3463327, 17.4487422 ], [ 78.3462888, 17.4487418 ], [ 78.3462923, 17.4486317 ], [ 78.3461923, 17.4486322 ], [ 78.3461641, 17.4486637 ], [ 78.3461119, 17.4486629 ], [ 78.3461135, 17.4486203 ], [ 78.3461797, 17.4486225 ], [ 78.3461826, 17.4485458 ], [ 78.3460544, 17.4485389 ], [ 78.346071, 17.4476623 ], [ 78.3461853, 17.4476637 ], [ 78.3461834, 17.4475972 ], [ 78.3461405, 17.447572 ], [ 78.3461402, 17.4475169 ], [ 78.3461875, 17.4475175 ], [ 78.3462217, 17.4475573 ], [ 78.346298, 17.447558 ], [ 78.3463026, 17.4474553 ] ] ] } },
{ "type": "Feature", "properties": { "cn": 98, "tags": { "leisure": "swimming_pool", "sport": "swimming" } }, "geometry": { "type": "Polygon", "coordinates": [ [ [ 78.3463274, 17.4484537 ], [ 78.3463346, 17.4479869 ], [ 78.3465782, 17.4479903 ], [ 78.346571, 17.4484571 ], [ 78.3463274, 17.4484537 ] ] ] } },
{ "type": "Feature", "properties": { "cn": 65, "tags": { "leisure": "pitch", "sport": "field_hockey" } }, "geometry": { "type": "Polygon", "coordinates": [ [ [ 78.3398333, 17.4454729 ], [ 78.3404061, 17.4455561 ], [ 78.3405499, 17.4446553 ], [ 78.3399771, 17.4445721 ], [ 78.3398333, 17.4454729 ] ] ] } },
{ "type": "Feature", "properties": { "cn": 98, "tags": { "leisure": "swimming_pool" } }, "geometry": { "type": "Polygon", "coordinates": [ [ [ 78.3407669, 17.4462694 ], [ 78.340905, 17.4453651 ], [ 78.3414906, 17.4454465 ], [ 78.3413526, 17.4463508 ], [ 78.3407669, 17.4462694 ] ] ] } },
{ "type": "Feature", "properties": { "cn": 98, "tags": { "natural": "water", "water": "lake" } }, "geometry": { "type": "Polygon", "coordinates": [ [ [ 78.3522398, 17.4472719 ], [ 78.3522552, 17.4473814 ], [ 78.3523016, 17.447495 ], [ 78.3524825, 17.4475835 ], [ 78.3525465, 17.4478466 ], [ 78.3526348, 17.4479392 ], [ 78.3527101, 17.4479876 ], [ 78.3527229, 17.4480496 ], [ 78.3526524, 17.4481405 ], [ 78.3526745, 17.4482642 ], [ 78.3527118, 17.4482771 ], [ 78.3527414, 17.4482501 ], [ 78.3528502, 17.448273 ], [ 78.3529702, 17.4482501 ], [ 78.3530776, 17.4482946 ], [ 78.3532212, 17.4482615 ], [ 78.3533247, 17.4482286 ], [ 78.3533454, 17.4480707 ], [ 78.3533252, 17.4479823 ], [ 78.3531981, 17.4479378 ], [ 78.3531501, 17.4478853 ], [ 78.3531713, 17.4477357 ], [ 78.3530095, 17.4473271 ], [ 78.3528164, 17.4471244 ], [ 78.3526288, 17.4470323 ], [ 78.3522398, 17.4472719 ] ] ] } },
{ "type": "Feature", "properties": { "cn": 92, "tags": { "landuse": "commercial", "name": "DLF Cybercity" } }, "geometry": { "type": "Polygon", "coordinates": [ [ [ 78.3534971, 17.4475277 ], [ 78.3538297, 17.447323 ], [ 78.3541569, 17.4472027 ], [ 78.3550179, 17.4469801 ], [ 78.3551279, 17.4469468 ], [ 78.3552593, 17.446888 ], [ 78.3554336, 17.4468112 ], [ 78.3555557, 17.4467216 ], [ 78.3556053, 17.4466858 ], [ 78.3555114, 17.4465016 ], [ 78.3555195, 17.4464683 ], [ 78.3555329, 17.4464248 ], [ 78.3555329, 17.4463813 ], [ 78.35549, 17.4462687 ], [ 78.355675, 17.4462457 ], [ 78.3558628, 17.4462124 ], [ 78.3559781, 17.4461587 ], [ 78.3563268, 17.4458542 ], [ 78.3564931, 17.4457672 ], [ 78.3567747, 17.4456725 ], [ 78.3568606, 17.4459003 ], [ 78.356705, 17.4461459 ], [ 78.3565924, 17.4464402 ], [ 78.3566205, 17.446476 ], [ 78.3567063, 17.4465387 ], [ 78.3567533, 17.4465847 ], [ 78.3568083, 17.4466833 ], [ 78.3568579, 17.446824 ], [ 78.3570081, 17.4476185 ], [ 78.3570725, 17.447607 ], [ 78.3571368, 17.4480113 ], [ 78.3570899, 17.4480202 ], [ 78.3571503, 17.4483746 ], [ 78.3571328, 17.4485013 ], [ 78.3571114, 17.4485256 ], [ 78.3568566, 17.448523 ], [ 78.3568485, 17.4481021 ], [ 78.3568418, 17.4480752 ], [ 78.3568203, 17.4480676 ], [ 78.3564207, 17.448074 ], [ 78.3563858, 17.4480804 ], [ 78.3563724, 17.4480983 ], [ 78.3563617, 17.4484974 ], [ 78.3548179, 17.4485077 ], [ 78.3543653, 17.4483802 ], [ 78.3537102, 17.4478416 ], [ 78.3534971, 17.4475277 ] ] ] } },
{ "type": "Feature", "properties": { "cn": 98, "tags": { "intermittent": "no", "natural": "water", "water": "wastewater" } }, "geometry": { "type": "Polygon", "coordinates": [ [ [ 78.3578691, 17.4441351 ], [ 78.357969, 17.444018 ], [ 78.3581244, 17.4437858 ], [ 78.3581916, 17.4437923 ], [ 78.3582345, 17.4438634 ], [ 78.3583655, 17.4438831 ], [ 78.3586, 17.4439259 ], [ 78.3587862, 17.4442482 ], [ 78.3586482, 17.4443436 ], [ 78.3585758, 17.4445081 ], [ 78.3585103, 17.4446956 ], [ 78.3584527, 17.444854 ], [ 78.3584573, 17.44506 ], [ 78.3584602, 17.4452223 ], [ 78.3582084, 17.4451948 ], [ 78.3580225, 17.4451677 ], [ 78.3580241, 17.4450488 ], [ 78.3577379, 17.4450364 ], [ 78.3577398, 17.4451485 ], [ 78.3576004, 17.4451115 ], [ 78.3575573, 17.444955 ], [ 78.3577197, 17.444565 ], [ 78.3578098, 17.4443468 ], [ 78.3578256, 17.4442398 ], [ 78.3578691, 17.4441351 ] ] ] } },
{ "type": "Feature", "properties": { "cn": 92, "tags": { "amenity": "studio", "landuse": "commercial", "name": "Annapurna Studios", "operator": "private", "tourism": "attraction" } }, "geometry": { "type": "Polygon", "coordinates": [ [ [ 78.4231589, 17.4294448 ], [ 78.4226821, 17.4280579 ], [ 78.4242212, 17.4275763 ], [ 78.424698, 17.4289632 ], [ 78.4231589, 17.4294448 ] ] ] } },
{ "type": "Feature", "properties": { "cn": 98, "tags": { "name": "Wipro Lake", "natural": "water", "source": "Natural", "water": "lake" } }, "geometry": { "type": "Polygon", "coordinates": [ [ [ 78.3405367, 17.4254131 ], [ 78.3403355, 17.4251515 ], [ 78.3402369, 17.4250235 ], [ 78.3401893, 17.4249544 ], [ 78.340188, 17.4249077 ], [ 78.3402081, 17.4248859 ], [ 78.3402497, 17.4248731 ], [ 78.3403395, 17.4248706 ], [ 78.3404763, 17.4248693 ], [ 78.3406493, 17.4248552 ], [ 78.3408304, 17.4248309 ], [ 78.3410342, 17.4247772 ], [ 78.3412354, 17.4247388 ], [ 78.3415183, 17.4246684 ], [ 78.3418496, 17.4245737 ], [ 78.3421849, 17.4244778 ], [ 78.3424719, 17.4244099 ], [ 78.3427857, 17.4243281 ], [ 78.3430593, 17.4242551 ], [ 78.3434026, 17.4241745 ], [ 78.3435461, 17.4241451 ], [ 78.343699, 17.424131 ], [ 78.3438264, 17.4241528 ], [ 78.3438478, 17.4242167 ], [ 78.3438532, 17.4242718 ], [ 78.3438277, 17.4243485 ], [ 78.3437204, 17.4244291 ], [ 78.3435474, 17.4245341 ], [ 78.3434214, 17.4246147 ], [ 78.3432604, 17.424726 ], [ 78.3431384, 17.4248042 ], [ 78.3430392, 17.4248656 ], [ 78.3427227, 17.4250484 ], [ 78.3423203, 17.4252673 ], [ 78.342154, 17.4253568 ], [ 78.3419757, 17.4254464 ], [ 78.3417262, 17.4255552 ], [ 78.3414781, 17.42563 ], [ 78.3412032, 17.4256722 ], [ 78.3409477, 17.425662 ], [ 78.3407801, 17.425614 ], [ 78.340658, 17.4255372 ], [ 78.3405367, 17.4254131 ] ] ] } },
{ "type": "Feature", "properties": { "cn": 92, "tags": { "landuse": "commercial", "name": "Tata Consultancy Services, Synergy Park" } }, "geometry": { "type": "Polygon", "coordinates": [ [ [ 78.3483228, 17.4496494 ], [ 78.3490631, 17.45011 ], [ 78.3507406, 17.4502517 ], [ 78.3507191, 17.4518689 ], [ 78.3511209, 17.4522888 ], [ 78.3525419, 17.4515026 ], [ 78.3541812, 17.450821 ], [ 78.3554597, 17.4504127 ], [ 78.3547278, 17.4491076 ], [ 78.3540183, 17.4485896 ], [ 78.3534517, 17.4480068 ], [ 78.3531981, 17.4475393 ], [ 78.3522219, 17.4456611 ], [ 78.3483228, 17.4496494 ] ] ] } },
{ "type": "Feature", "properties": { "cn": 92, "tags": { "landuse": "retail" } }, "geometry": { "type": "Polygon", "coordinates": [ [ [ 78.3531305, 17.4955999 ], [ 78.353512, 17.4956622 ], [ 78.3539125, 17.4957117 ], [ 78.3535826, 17.4951146 ], [ 78.3531347, 17.4950773 ], [ 78.3531305, 17.4955999 ] ] ] } },
{ "type": "Feature", "properties": { "cn": 82, "tags": { "landuse": "residential", "name": "Aparna County" } }, "geometry": { "type": "Polygon", "coordinates": [ [ [ 78.3642299, 17.4916778 ], [ 78.3634292, 17.49165 ], [ 78.3631222, 17.4916394 ], [ 78.3631142, 17.4916062 ], [ 78.3631088, 17.491248 ], [ 78.3630954, 17.491092 ], [ 78.3630418, 17.4907799 ], [ 78.3629828, 17.4904959 ], [ 78.3629559, 17.4904396 ], [ 78.3629077, 17.4904012 ], [ 78.3627816, 17.4903603 ], [ 78.3626341, 17.4902324 ], [ 78.3626099, 17.4902503 ], [ 78.3625268, 17.4901761 ], [ 78.3625053, 17.4901377 ], [ 78.3624651, 17.4898845 ], [ 78.362692, 17.4898065 ], [ 78.3626368, 17.4896952 ], [ 78.3622908, 17.4894905 ], [ 78.3625123, 17.4894406 ], [ 78.3625053, 17.489291 ], [ 78.362339, 17.4893217 ], [ 78.3622157, 17.4892859 ], [ 78.3621835, 17.4892987 ], [ 78.3621405, 17.4889865 ], [ 78.362111, 17.4886258 ], [ 78.3621271, 17.4884723 ], [ 78.3622284, 17.4881097 ], [ 78.3623165, 17.4880489 ], [ 78.3627172, 17.48782 ], [ 78.3628942, 17.4876767 ], [ 78.3632483, 17.4873365 ], [ 78.36357, 17.4872521 ], [ 78.3635476, 17.4878469 ], [ 78.3641333, 17.4878737 ], [ 78.3641226, 17.488764 ], [ 78.3645088, 17.4887435 ], [ 78.3645195, 17.4888663 ], [ 78.3645588, 17.4890185 ], [ 78.3647949, 17.4895916 ], [ 78.3648566, 17.4897579 ], [ 78.3649406, 17.4900405 ], [ 78.3647395, 17.4901198 ], [ 78.3645705, 17.4900405 ], [ 78.3644417, 17.4901608 ], [ 78.3644069, 17.4901608 ], [ 78.3644069, 17.4901326 ], [ 78.3642942, 17.4901301 ], [ 78.3642691, 17.4916458 ], [ 78.3642299, 17.4916778 ] ] ] } },
{ "type": "Feature", "properties": { "cn": 92, "tags": { "landuse": "commercial", "name": "Sri Sai Sampada" } }, "geometry": { "type": "Polygon", "coordinates": [ [ [ 78.3981032, 17.4389426 ], [ 78.3983242, 17.4390837 ], [ 78.39849, 17.4389008 ], [ 78.398226, 17.4387675 ], [ 78.3981032, 17.4389426 ] ] ] } },
{ "type": "Feature", "properties": { "cn": 92, "tags": { "landuse": "commercial", "name": "MAA TV Office" } }, "geometry": { "type": "Polygon", "coordinates": [ [ [ 78.3979021, 17.4354217 ], [ 78.3981181, 17.4355752 ], [ 78.3982776, 17.435437 ], [ 78.3980282, 17.4352707 ], [ 78.3979021, 17.4354217 ] ] ] } },
{ "type": "Feature", "properties": { "cn": 92, "tags": { "landuse": "commercial", "name": "State Art Gallery", "tourism": "gallery", "wikidata": "Q125768244" } }, "geometry": { "type": "Polygon", "coordinates": [ [ [ 78.397733, 17.4371665 ], [ 78.3974526, 17.4374472 ], [ 78.3972323, 17.4371474 ], [ 78.397389, 17.436811 ], [ 78.3973691, 17.4367742 ], [ 78.3973586, 17.4367196 ], [ 78.3973713, 17.4366089 ], [ 78.397433, 17.4363876 ], [ 78.3975271, 17.4361643 ], [ 78.3976171, 17.4361158 ], [ 78.3976496, 17.4360872 ], [ 78.397678, 17.4360199 ], [ 78.3976994, 17.4359942 ], [ 78.3977263, 17.4359757 ], [ 78.3978183, 17.4359428 ], [ 78.3979098, 17.4358768 ], [ 78.3979842, 17.4357952 ], [ 78.3980767, 17.4356467 ], [ 78.3981572, 17.4355738 ], [ 78.3982578, 17.4355329 ], [ 78.3983611, 17.4355124 ], [ 78.3984643, 17.4354945 ], [ 78.3986735, 17.4355341 ], [ 78.3987044, 17.4358911 ], [ 78.3985609, 17.4359794 ], [ 78.398467, 17.436028 ], [ 78.3983771, 17.4361368 ], [ 78.3982337, 17.4363684 ], [ 78.3981961, 17.4364387 ], [ 78.3981827, 17.4364963 ], [ 78.3982015, 17.436536 ], [ 78.3982226, 17.4366005 ], [ 78.3982082, 17.4366563 ], [ 78.397733, 17.4371665 ] ] ] } },
{ "type": "Feature", "properties": { "cn": 92, "tags": { "landuse": "commercial", "name": "Indian Immunological Limited" } }, "geometry": { "type": "Polygon", "coordinates": [ [ [ 78.3970264, 17.4354557 ], [ 78.39749, 17.4355332 ], [ 78.3975098, 17.4353914 ], [ 78.3974411, 17.4353115 ], [ 78.3972466, 17.4351477 ], [ 78.3970851, 17.4351194 ], [ 78.3970264, 17.4354557 ] ] ] } },
{ "type": "Feature", "properties": { "cn": 92, "tags": { "landuse": "commercial", "name": "IMI Mobile" } }, "geometry": { "type": "Polygon", "coordinates": [ [ [ 78.3982331, 17.4349562 ], [ 78.3986224, 17.4352211 ], [ 78.3987554, 17.4350733 ], [ 78.398359, 17.4347889 ], [ 78.3982331, 17.4349562 ] ] ] } },
{ "type": "Feature", "properties": { "cn": 65, "tags": { "leisure": "pitch", "sport": "tennis" } }, "geometry": { "type": "Polygon", "coordinates": [ [ [ 78.3988834, 17.4394365 ], [ 78.3994135, 17.4397962 ], [ 78.3995387, 17.4396282 ], [ 78.3990086, 17.4392685 ], [ 78.3988834, 17.4394365 ] ] ] } },
{ "type": "Feature", "properties": { "cn": 92, "tags": { "building": "yes", "landuse": "commercial" } }, "geometry": { "type": "Polygon", "coordinates": [ [ [ 78.3815016, 17.4683218 ], [ 78.381538, 17.4684171 ], [ 78.3820441, 17.46829 ], [ 78.3820155, 17.4681175 ], [ 78.3819156, 17.4680767 ], [ 78.3817506, 17.4680933 ], [ 78.3816253, 17.468166 ], [ 78.3815777, 17.4682371 ], [ 78.3816285, 17.4683006 ], [ 78.381546, 17.4683097 ], [ 78.3815016, 17.4683218 ] ] ] } },
{ "type": "Feature", "properties": { "cn": 65, "tags": { "landuse": "grass" } }, "geometry": { "type": "Polygon", "coordinates": [ [ [ 78.3813563, 17.4683408 ], [ 78.3813008, 17.4683196 ], [ 78.3811961, 17.4682909 ], [ 78.3811025, 17.4682697 ], [ 78.3809963, 17.4681305 ], [ 78.3809645, 17.4680352 ], [ 78.3811644, 17.4679368 ], [ 78.3813198, 17.4679126 ], [ 78.3812961, 17.4680306 ], [ 78.3813183, 17.4681698 ], [ 78.3813563, 17.4683408 ] ] ] } },
{ "type": "Feature", "properties": { "cn": 65, "tags": { "landuse": "grass" } }, "geometry": { "type": "Polygon", "coordinates": [ [ [ 78.3834123, 17.4673809 ], [ 78.3835564, 17.46747 ], [ 78.3836184, 17.4675939 ], [ 78.3836843, 17.4676888 ], [ 78.383859, 17.4676811 ], [ 78.3840082, 17.4676307 ], [ 78.3841534, 17.4674099 ], [ 78.3840417, 17.467345 ], [ 78.3839584, 17.4672172 ], [ 78.3835453, 17.4673005 ], [ 78.3833443, 17.4673441 ], [ 78.3834123, 17.4673809 ] ] ] } },
{ "type": "Feature", "properties": { "cn": 82, "tags": { "landuse": "residential" } }, "geometry": { "type": "Polygon", "coordinates": [ [ [ 78.3496287, 17.4822982 ], [ 78.3496814, 17.4820617 ], [ 78.3496979, 17.481503 ], [ 78.3496927, 17.4805653 ], [ 78.3496758, 17.4803193 ], [ 78.349637, 17.4797515 ], [ 78.3496307, 17.4792622 ], [ 78.3496221, 17.479108 ], [ 78.3510698, 17.4790884 ], [ 78.3525175, 17.4790688 ], [ 78.3526369, 17.4796209 ], [ 78.3532394, 17.4794958 ], [ 78.3535584, 17.4792526 ], [ 78.3538176, 17.479055 ], [ 78.3540372, 17.4790679 ], [ 78.3542831, 17.4790822 ], [ 78.3545002, 17.4790949 ], [ 78.3547462, 17.4791094 ], [ 78.3549957, 17.479124 ], [ 78.3549948, 17.4791304 ], [ 78.3552452, 17.4791385 ], [ 78.3562681, 17.4791984 ], [ 78.3564297, 17.4792079 ], [ 78.3566069, 17.4788805 ], [ 78.3565776, 17.4783883 ], [ 78.3565798, 17.4778437 ], [ 78.3564214, 17.4767953 ], [ 78.3565915, 17.4767874 ], [ 78.3568035, 17.4767329 ], [ 78.3567642, 17.47637 ], [ 78.3567482, 17.4761188 ], [ 78.3566739, 17.4756466 ], [ 78.3565588, 17.4746826 ], [ 78.356504, 17.4743317 ], [ 78.3568504, 17.4742915 ], [ 78.3569004, 17.4742857 ], [ 78.3571056, 17.4742684 ], [ 78.3575082, 17.4741932 ], [ 78.3577344, 17.4741725 ], [ 78.3577456, 17.4741726 ], [ 78.3579235, 17.4741743 ], [ 78.3579565, 17.4741746 ], [ 78.3583082, 17.4741778 ], [ 78.3585741, 17.4741803 ], [ 78.3588436, 17.4741827 ], [ 78.359342, 17.4741872 ], [ 78.3598015, 17.4741915 ], [ 78.3600279, 17.4741935 ], [ 78.3602545, 17.4741956 ], [ 78.3604589, 17.4741975 ], [ 78.360719, 17.4741998 ], [ 78.3608926, 17.4742014 ], [ 78.361148, 17.4742186 ], [ 78.3613518, 17.4742056 ], [ 78.3615468, 17.4742075 ], [ 78.3617633, 17.4742094 ], [ 78.3620165, 17.4742117 ], [ 78.3624667, 17.4742394 ], [ 78.3629488, 17.4742202 ], [ 78.3630194, 17.4742209 ], [ 78.3664459, 17.4738198 ], [ 78.3656174, 17.4750322 ], [ 78.3650682, 17.4756996 ], [ 78.3655768, 17.4759016 ], [ 78.3655879, 17.4761371 ], [ 78.3656262, 17.4769498 ], [ 78.3661703, 17.477163 ], [ 78.3662008, 17.4773277 ], [ 78.3663092, 17.4778807 ], [ 78.3663395, 17.4780694 ], [ 78.3663854, 17.4783237 ], [ 78.3683851, 17.4782158 ], [ 78.3688781, 17.477651 ], [ 78.3691457, 17.4776644 ], [ 78.3693982, 17.477677 ], [ 78.3694756, 17.4801417 ], [ 78.3692334, 17.4801735 ], [ 78.3676064, 17.4803874 ], [ 78.367602, 17.4804579 ], [ 78.3675476, 17.4817042 ], [ 78.3671703, 17.4817332 ], [ 78.3669947, 17.4817467 ], [ 78.3667639, 17.4817644 ], [ 78.3665647, 17.4817797 ], [ 78.366343, 17.4817967 ], [ 78.365899, 17.4818307 ], [ 78.3654542, 17.4818658 ], [ 78.3650059, 17.481926 ], [ 78.3641099, 17.4819704 ], [ 78.3636589, 17.4820035 ], [ 78.3633002, 17.4820341 ], [ 78.3627779, 17.4820787 ], [ 78.362249, 17.4821298 ], [ 78.3615185, 17.4822003 ], [ 78.3612041, 17.482214 ], [ 78.3579885, 17.4823675 ], [ 78.3555988, 17.4824816 ], [ 78.3546758, 17.482524 ], [ 78.3531175, 17.4824543 ], [ 78.3496287, 17.4822982 ] ] ] } },
{ "type": "Feature", "properties": { "cn": 82, "tags": { "landuse": "residential" } }, "geometry": { "type": "Polygon", "coordinates": [ [ [ 78.4053378, 17.4881328 ], [ 78.4046066, 17.4863873 ], [ 78.4051768, 17.4860285 ], [ 78.4048688, 17.485371 ], [ 78.4048532, 17.4853378 ], [ 78.4044311, 17.4854967 ], [ 78.4040976, 17.4838132 ], [ 78.4058278, 17.4828573 ], [ 78.4071893, 17.4817627 ], [ 78.4070538, 17.4815076 ], [ 78.4067815, 17.4814845 ], [ 78.4066483, 17.4811325 ], [ 78.4071566, 17.4806708 ], [ 78.4076105, 17.4805207 ], [ 78.4079856, 17.4801167 ], [ 78.4087904, 17.4803187 ], [ 78.4098286, 17.4800632 ], [ 78.4102557, 17.4799518 ], [ 78.4105145, 17.4803825 ], [ 78.4109015, 17.4803256 ], [ 78.4110089, 17.4803526 ], [ 78.4111292, 17.4806602 ], [ 78.4124076, 17.480214 ], [ 78.4128551, 17.4802619 ], [ 78.4136146, 17.4802114 ], [ 78.4139678, 17.4802645 ], [ 78.4140684, 17.4807557 ], [ 78.4154911, 17.4813781 ], [ 78.4153843, 17.4815103 ], [ 78.4150433, 17.4820364 ], [ 78.4125935, 17.4836141 ], [ 78.4116648, 17.4845234 ], [ 78.4111275, 17.4851334 ], [ 78.410532, 17.4858095 ], [ 78.4091523, 17.4845323 ], [ 78.4088638, 17.4842653 ], [ 78.4079467, 17.4846294 ], [ 78.4079837, 17.4851931 ], [ 78.4068623, 17.4863101 ], [ 78.4053378, 17.4881328 ] ] ] } },
{ "type": "Feature", "properties": { "cn": 82, "tags": { "landuse": "residential" } }, "geometry": { "type": "Polygon", "coordinates": [ [ [ 78.3856254, 17.4766382 ], [ 78.3852825, 17.4752214 ], [ 78.3852132, 17.4749352 ], [ 78.3851154, 17.474531 ], [ 78.385054, 17.4742775 ], [ 78.3849881, 17.4740052 ], [ 78.3847615, 17.4730687 ], [ 78.38624, 17.4718739 ], [ 78.3867272, 17.4716271 ], [ 78.387261, 17.4724808 ], [ 78.3873361, 17.4725908 ], [ 78.3873826, 17.4727031 ], [ 78.3886573, 17.4751555 ], [ 78.3890276, 17.4757328 ], [ 78.3888414, 17.4758737 ], [ 78.3872817, 17.4762743 ], [ 78.3856254, 17.4766382 ] ] ] } },
{ "type": "Feature", "properties": { "cn": 65, "tags": { "landuse": "grass" } }, "geometry": { "type": "Polygon", "coordinates": [ [ [ 78.3829855, 17.4682197 ], [ 78.3836578, 17.4680601 ], [ 78.383664, 17.4681547 ], [ 78.3836299, 17.4682138 ], [ 78.3828801, 17.4684207 ], [ 78.3829855, 17.4682197 ] ] ] } },
{ "type": "Feature", "properties": { "cn": 65, "tags": { "landuse": "grass" } }, "geometry": { "type": "Polygon", "coordinates": [ [ [ 78.3831624, 17.4684553 ], [ 78.3833227, 17.4686187 ], [ 78.3834342, 17.4687672 ], [ 78.3838462, 17.4683209 ], [ 78.3844782, 17.4672807 ], [ 78.3843946, 17.4672836 ], [ 78.3842242, 17.4674905 ], [ 78.3837812, 17.46825 ], [ 78.3831624, 17.4684553 ] ] ] } },
{ "type": "Feature", "properties": { "cn": 92, "tags": { "landuse": "industrial" } }, "geometry": { "type": "Polygon", "coordinates": [ [ [ 78.4339725, 17.4569203 ], [ 78.4346629, 17.4565005 ], [ 78.4357031, 17.4580459 ], [ 78.4362682, 17.458211 ], [ 78.4363969, 17.4593563 ], [ 78.4364868, 17.4605248 ], [ 78.4360944, 17.4605649 ], [ 78.4353645, 17.4599983 ], [ 78.4337218, 17.457394 ], [ 78.4339725, 17.4569203 ] ] ] } },
{ "type": "Feature", "properties": { "cn": 98, "tags": { "name": "Madinaguda Cheruvu", "natural": "water", "water": "lake" } }, "geometry": { "type": "Polygon", "coordinates": [ [ [ 78.3441027, 17.4867831 ], [ 78.3443485, 17.4860978 ], [ 78.3446983, 17.4855838 ], [ 78.3457005, 17.4849435 ], [ 78.3462678, 17.4849255 ], [ 78.3476292, 17.484664 ], [ 78.3474685, 17.4867741 ], [ 78.3473834, 17.4874054 ], [ 78.3475631, 17.4879374 ], [ 78.3476671, 17.4884153 ], [ 78.347607, 17.4886198 ], [ 78.3472342, 17.4887023 ], [ 78.3471674, 17.4884691 ], [ 78.3470574, 17.4884387 ], [ 78.3466906, 17.4885917 ], [ 78.3466627, 17.4886363 ], [ 78.346476, 17.4886794 ], [ 78.3464896, 17.4888483 ], [ 78.3463496, 17.4888582 ], [ 78.34633, 17.4887406 ], [ 78.3461543, 17.4879464 ], [ 78.3458955, 17.4877495 ], [ 78.3453601, 17.4873422 ], [ 78.3445848, 17.4871889 ], [ 78.3441877, 17.4870988 ], [ 78.3441027, 17.4867831 ] ] ] } },
{ "type": "Feature", "properties": { "cn": 98, "tags": { "name": "Kotha Kunta", "natural": "water", "water": "pond" } }, "geometry": { "type": "Polygon", "coordinates": [ [ [ 78.3544788, 17.4841814 ], [ 78.3544721, 17.4842326 ], [ 78.3544801, 17.4842786 ], [ 78.3544882, 17.4843093 ], [ 78.3545083, 17.484349 ], [ 78.3545136, 17.4843771 ], [ 78.3545096, 17.4844232 ], [ 78.3544949, 17.4844539 ], [ 78.3544734, 17.4844807 ], [ 78.3544546, 17.4845178 ], [ 78.3544332, 17.4846087 ], [ 78.3544251, 17.4847046 ], [ 78.3544292, 17.484734 ], [ 78.3544292, 17.4847852 ], [ 78.3544131, 17.4848338 ], [ 78.3543943, 17.484867 ], [ 78.3543715, 17.4849157 ], [ 78.3543675, 17.4849464 ], [ 78.3543648, 17.4849911 ], [ 78.3543514, 17.4850295 ], [ 78.3543286, 17.4850807 ], [ 78.3543232, 17.4851587 ], [ 78.3543205, 17.485215 ], [ 78.3543299, 17.4852623 ], [ 78.3543473, 17.4852981 ], [ 78.3543075, 17.4853133 ], [ 78.3542915, 17.4853442 ], [ 78.3542759, 17.4853827 ], [ 78.354285, 17.4854183 ], [ 78.3542931, 17.4854932 ], [ 78.3543391, 17.4856163 ], [ 78.3543865, 17.4856762 ], [ 78.3544162, 17.4857278 ], [ 78.3544773, 17.4858275 ], [ 78.3545388, 17.4859017 ], [ 78.3546044, 17.4860365 ], [ 78.3546636, 17.4860677 ], [ 78.3547242, 17.4860683 ], [ 78.3547543, 17.4860354 ], [ 78.354625, 17.4856883 ], [ 78.3546451, 17.4857215 ], [ 78.3546719, 17.4857829 ], [ 78.3546987, 17.4858174 ], [ 78.3547296, 17.485843 ], [ 78.3547537, 17.4858571 ], [ 78.3547792, 17.4858801 ], [ 78.35481, 17.4858942 ], [ 78.354857, 17.4859044 ], [ 78.3548972, 17.4859172 ], [ 78.3549388, 17.4859159 ], [ 78.3549616, 17.4859031 ], [ 78.3549643, 17.4858776 ], [ 78.3549549, 17.4858545 ], [ 78.3549602, 17.4858354 ], [ 78.354975, 17.4858302 ], [ 78.3549884, 17.4858354 ], [ 78.3550085, 17.4858597 ], [ 78.3550313, 17.4858776 ], [ 78.3550487, 17.4858788 ], [ 78.3550541, 17.4858788 ], [ 78.3550957, 17.4858686 ], [ 78.3551399, 17.4858481 ], [ 78.3551681, 17.4858213 ], [ 78.3551869, 17.4857893 ], [ 78.3552057, 17.485756 ], [ 78.3552311, 17.4857369 ], [ 78.3552687, 17.4857151 ], [ 78.3552955, 17.4856934 ], [ 78.3553089, 17.4856614 ], [ 78.3553196, 17.4856217 ], [ 78.3553264, 17.4856 ], [ 78.3553357, 17.4855808 ], [ 78.3553456, 17.4855599 ], [ 78.355372, 17.4855565 ], [ 78.355388, 17.4855591 ], [ 78.3554028, 17.485568 ], [ 78.3554095, 17.485591 ], [ 78.3554202, 17.4856384 ], [ 78.355435, 17.4856499 ], [ 78.3554618, 17.4856486 ], [ 78.3554859, 17.4856409 ], [ 78.3555128, 17.4856064 ], [ 78.3555248, 17.4855667 ], [ 78.3555369, 17.4855143 ], [ 78.3555369, 17.4854964 ], [ 78.3555342, 17.4854785 ], [ 78.3555262, 17.4854618 ], [ 78.355502, 17.4854439 ], [ 78.3554859, 17.4854132 ], [ 78.3554873, 17.4853889 ], [ 78.3554994, 17.4853621 ], [ 78.3555235, 17.4853518 ], [ 78.355553, 17.4853506 ], [ 78.3555865, 17.4853378 ], [ 78.3555999, 17.4853096 ], [ 78.3556013, 17.4852713 ], [ 78.3555959, 17.4852508 ], [ 78.3555838, 17.4852367 ], [ 78.3555785, 17.4852201 ], [ 78.3555771, 17.4851996 ], [ 78.3555718, 17.4851664 ], [ 78.3555651, 17.485128 ], [ 78.3555503, 17.4851088 ], [ 78.3555154, 17.4850883 ], [ 78.3554859, 17.4850628 ], [ 78.3554766, 17.485018 ], [ 78.3554792, 17.484995 ], [ 78.3554873, 17.4849783 ], [ 78.3555222, 17.4849707 ], [ 78.3555597, 17.4849809 ], [ 78.3555959, 17.4849783 ], [ 78.3556053, 17.4849617 ], [ 78.3556107, 17.4849374 ], [ 78.355616, 17.4848965 ], [ 78.3556268, 17.4848069 ], [ 78.3556294, 17.4847647 ], [ 78.3556361, 17.4847238 ], [ 78.3556361, 17.4846816 ], [ 78.3556482, 17.4846483 ], [ 78.3556616, 17.4846253 ], [ 78.3556697, 17.4846048 ], [ 78.3556697, 17.4845741 ], [ 78.3556616, 17.4845319 ], [ 78.3556576, 17.4844692 ], [ 78.3556576, 17.4844334 ], [ 78.355663, 17.4843695 ], [ 78.355675, 17.4843464 ], [ 78.3556898, 17.4843388 ], [ 78.3556992, 17.4843413 ], [ 78.3557019, 17.4843579 ], [ 78.3557086, 17.484404 ], [ 78.3557166, 17.4844513 ], [ 78.3557314, 17.4844871 ], [ 78.3557408, 17.4844974 ], [ 78.3557662, 17.484505 ], [ 78.3557944, 17.4844948 ], [ 78.3558293, 17.4844884 ], [ 78.3558574, 17.4844756 ], [ 78.3558708, 17.4844513 ], [ 78.3558695, 17.4844257 ], [ 78.3558507, 17.4843989 ], [ 78.3558252, 17.4843797 ], [ 78.3558252, 17.4843723 ], [ 78.3558279, 17.4843631 ], [ 78.3558467, 17.4843439 ], [ 78.3558615, 17.4843247 ], [ 78.3558749, 17.4843081 ], [ 78.3558896, 17.4842735 ], [ 78.3558883, 17.4842569 ], [ 78.3558802, 17.4842454 ], [ 78.3558641, 17.4842172 ], [ 78.3558561, 17.4841801 ], [ 78.3558574, 17.4841418 ], [ 78.3558641, 17.4841098 ], [ 78.3558628, 17.4840829 ], [ 78.3558427, 17.4840663 ], [ 78.3558011, 17.4840663 ], [ 78.3557582, 17.484074 ], [ 78.3557354, 17.4840957 ], [ 78.3557206, 17.484152 ], [ 78.3556992, 17.4842057 ], [ 78.3556643, 17.4842377 ], [ 78.3556268, 17.4842364 ], [ 78.3556066, 17.4842313 ], [ 78.3555771, 17.4842172 ], [ 78.3555691, 17.4841891 ], [ 78.3555704, 17.4841597 ], [ 78.3555704, 17.4841328 ], [ 78.3555503, 17.4840944 ], [ 78.3555369, 17.4840855 ], [ 78.3555101, 17.4840689 ], [ 78.355498, 17.4840497 ], [ 78.3554819, 17.4840241 ], [ 78.3554591, 17.4840151 ], [ 78.3554175, 17.4840087 ], [ 78.3553626, 17.4840254 ], [ 78.3552995, 17.4840446 ], [ 78.3551775, 17.484051 ], [ 78.3550461, 17.4840586 ], [ 78.3549441, 17.4840701 ], [ 78.3549173, 17.484065 ], [ 78.3549093, 17.4840535 ], [ 78.354912, 17.484042 ], [ 78.3549334, 17.4840305 ], [ 78.3550514, 17.4840087 ], [ 78.3552043, 17.483996 ], [ 78.3553049, 17.4839729 ], [ 78.3554283, 17.4839589 ], [ 78.355494, 17.4839486 ], [ 78.3555114, 17.4839333 ], [ 78.3555208, 17.4839102 ], [ 78.3555154, 17.4838476 ], [ 78.3555114, 17.48379 ], [ 78.3554994, 17.4837081 ], [ 78.355494, 17.4836685 ], [ 78.3554779, 17.4836122 ], [ 78.3554524, 17.4835866 ], [ 78.3554108, 17.4835853 ], [ 78.3553559, 17.4835802 ], [ 78.3552834, 17.4835751 ], [ 78.3552741, 17.4835802 ], [ 78.3552566, 17.4836007 ], [ 78.3552459, 17.4836442 ], [ 78.3552352, 17.4836608 ], [ 78.355211, 17.4836762 ], [ 78.3551936, 17.4836762 ], [ 78.3551829, 17.483671 ], [ 78.3551681, 17.4836519 ], [ 78.3551493, 17.483634 ], [ 78.3551158, 17.483625 ], [ 78.3550528, 17.4836288 ], [ 78.3549938, 17.4836493 ], [ 78.354916, 17.483657 ], [ 78.3548892, 17.4836429 ], [ 78.354861, 17.4836403 ], [ 78.3548422, 17.4836493 ], [ 78.3547872, 17.4836519 ], [ 78.354751, 17.4836391 ], [ 78.3547269, 17.483625 ], [ 78.3546974, 17.4836186 ], [ 78.3546625, 17.4836276 ], [ 78.354641, 17.4836544 ], [ 78.3545901, 17.4837158 ], [ 78.3545364, 17.4837606 ], [ 78.3545096, 17.4837913 ], [ 78.3545016, 17.4838425 ], [ 78.3545069, 17.4838885 ], [ 78.3545123, 17.4839486 ], [ 78.3545123, 17.4839985 ], [ 78.3545069, 17.4840266 ], [ 78.3544976, 17.4840727 ], [ 78.3544788, 17.4841814 ] ] ] } },
{ "type": "Feature", "properties": { "cn": 92, "tags": { "landuse": "railway" } }, "geometry": { "type": "Polygon", "coordinates": [ [ [ 78.4175047, 17.4631184 ], [ 78.4177268, 17.4608663 ], [ 78.4177388, 17.460745 ], [ 78.4198792, 17.4612809 ], [ 78.4202461, 17.4606501 ], [ 78.4251034, 17.4619106 ], [ 78.4268687, 17.4623687 ], [ 78.4248141, 17.4631044 ], [ 78.4232434, 17.4636615 ], [ 78.4229736, 17.4650176 ], [ 78.4222575, 17.465207 ], [ 78.4210721, 17.4651848 ], [ 78.4208944, 17.464158 ], [ 78.4177716, 17.4632003 ], [ 78.4175047, 17.4631184 ] ] ] } },
{ "type": "Feature", "properties": { "cn": 92, "tags": { "landuse": "industrial" } }, "geometry": { "type": "Polygon", "coordinates": [ [ [ 78.4210792, 17.4656498 ], [ 78.4231393, 17.4661857 ], [ 78.4231861, 17.4667535 ], [ 78.4225774, 17.4670279 ], [ 78.4227513, 17.4673915 ], [ 78.4220223, 17.4675574 ], [ 78.4218818, 17.4673788 ], [ 78.4214805, 17.4674872 ], [ 78.4212732, 17.4674553 ], [ 78.4210391, 17.4673469 ], [ 78.4207515, 17.4673341 ], [ 78.4200492, 17.466862 ], [ 78.4208258, 17.4663909 ], [ 78.4210382, 17.4659368 ], [ 78.4210792, 17.4656498 ] ] ] } },
{ "type": "Feature", "properties": { "cn": 92, "tags": { "landuse": "industrial" } }, "geometry": { "type": "Polygon", "coordinates": [ [ [ 78.4166429, 17.4663995 ], [ 78.4171847, 17.4649831 ], [ 78.4178201, 17.4648874 ], [ 78.4179551, 17.4645082 ], [ 78.4182316, 17.4644756 ], [ 78.4188233, 17.4643445 ], [ 78.4193327, 17.4642691 ], [ 78.4199134, 17.4640913 ], [ 78.4206696, 17.4644279 ], [ 78.420921, 17.4654235 ], [ 78.4209455, 17.4657205 ], [ 78.4207446, 17.466301 ], [ 78.4201594, 17.4664232 ], [ 78.4197064, 17.4667017 ], [ 78.4195437, 17.4666966 ], [ 78.4194431, 17.4664747 ], [ 78.4190836, 17.4663826 ], [ 78.4190622, 17.4662504 ], [ 78.4186538, 17.4662119 ], [ 78.4182971, 17.466212 ], [ 78.4176355, 17.4664098 ], [ 78.4175724, 17.4661832 ], [ 78.4166429, 17.4663995 ] ] ] } },
{ "type": "Feature", "properties": { "cn": 65, "tags": { "landuse": "grass" } }, "geometry": { "type": "Polygon", "coordinates": [ [ [ 78.3708832, 17.4385649 ], [ 78.3708368, 17.4384763 ], [ 78.3711843, 17.4383279 ], [ 78.3712357, 17.4384141 ], [ 78.3708832, 17.4385649 ] ] ] } },
{ "type": "Feature", "properties": { "cn": 65, "tags": { "landuse": "grass" } }, "geometry": { "type": "Polygon", "coordinates": [ [ [ 78.3707846, 17.4383398 ], [ 78.3707715, 17.4383168 ], [ 78.3707397, 17.4382716 ], [ 78.3708916, 17.4381927 ], [ 78.3710794, 17.4381142 ], [ 78.3710999, 17.4382093 ], [ 78.3709456, 17.4382746 ], [ 78.3707846, 17.4383398 ] ] ] } },
{ "type": "Feature", "properties": { "cn": 65, "tags": { "landuse": "grass" } }, "geometry": { "type": "Polygon", "coordinates": [ [ [ 78.3756408, 17.451725 ], [ 78.3756937, 17.451659 ], [ 78.3756408, 17.4514573 ], [ 78.3755306, 17.4512843 ], [ 78.3755412, 17.4511654 ], [ 78.3755928, 17.4511121 ], [ 78.3756774, 17.451163 ], [ 78.3757215, 17.4511658 ], [ 78.3757767, 17.4511304 ], [ 78.375865, 17.4510845 ], [ 78.3759132, 17.4510873 ], [ 78.3759253, 17.4511438 ], [ 78.3759242, 17.4512137 ], [ 78.3759532, 17.4513521 ], [ 78.3758501, 17.4513552 ], [ 78.3758208, 17.4514473 ], [ 78.3759216, 17.4514892 ], [ 78.3759253, 17.4515861 ], [ 78.3758994, 17.4516378 ], [ 78.375921, 17.4518078 ], [ 78.3759292, 17.4518956 ], [ 78.3757871, 17.4519003 ], [ 78.3756817, 17.4518793 ], [ 78.3756303, 17.4517764 ], [ 78.3756408, 17.451725 ] ] ] } },
{ "type": "Feature", "properties": { "cn": 65, "tags": { "natural": "scrub" } }, "geometry": { "type": "Polygon", "coordinates": [ [ [ 78.3730283, 17.4360017 ], [ 78.3739153, 17.4353946 ], [ 78.374071, 17.4352893 ], [ 78.3740724, 17.4354059 ], [ 78.3740533, 17.4356708 ], [ 78.3740612, 17.4360915 ], [ 78.374022, 17.4364356 ], [ 78.3739337, 17.4366001 ], [ 78.3740103, 17.4367425 ], [ 78.3739413, 17.4371552 ], [ 78.3738112, 17.4371954 ], [ 78.3729805, 17.4361253 ], [ 78.3730283, 17.4360017 ] ] ] } },
{ "type": "Feature", "properties": { "cn": 92, "tags": { "landuse": "commercial" } }, "geometry": { "type": "Polygon", "coordinates": [ [ [ 78.3802382, 17.4370429 ], [ 78.3788146, 17.4353748 ], [ 78.3793642, 17.43492 ], [ 78.379976, 17.4344283 ], [ 78.3800628, 17.4343581 ], [ 78.3803206, 17.4346446 ], [ 78.3807744, 17.4351666 ], [ 78.3815044, 17.4360065 ], [ 78.3802382, 17.4370429 ] ] ] } },
{ "type": "Feature", "properties": { "cn": 65, "tags": { "natural": "scrub" } }, "geometry": { "type": "Polygon", "coordinates": [ [ [ 78.3777382, 17.4482608 ], [ 78.377503, 17.4475713 ], [ 78.3774123, 17.4472909 ], [ 78.3774638, 17.4472348 ], [ 78.3776794, 17.4471834 ], [ 78.3777651, 17.4471577 ], [ 78.3778974, 17.4473353 ], [ 78.3779444, 17.4473445 ], [ 78.3780357, 17.4475121 ], [ 78.3783536, 17.4479474 ], [ 78.3777382, 17.4482608 ] ] ] } },
{ "type": "Feature", "properties": { "cn": 65, "tags": { "natural": "scrub" } }, "geometry": { "type": "Polygon", "coordinates": [ [ [ 78.3734532, 17.4378227 ], [ 78.3733336, 17.4376172 ], [ 78.373225, 17.4374289 ], [ 78.372917, 17.4364532 ], [ 78.3728803, 17.4363644 ], [ 78.3729981, 17.4362066 ], [ 78.373137, 17.4363651 ], [ 78.3732197, 17.4364846 ], [ 78.3738863, 17.4373506 ], [ 78.3737376, 17.43761 ], [ 78.3734532, 17.4378227 ] ] ] } },
{ "type": "Feature", "properties": { "cn": 65, "tags": { "natural": "scrub" } }, "geometry": { "type": "Polygon", "coordinates": [ [ [ 78.3791824, 17.4328521 ], [ 78.3785364, 17.4318763 ], [ 78.3798403, 17.4315966 ], [ 78.3809528, 17.4308833 ], [ 78.3814314, 17.4303629 ], [ 78.3820415, 17.4295811 ], [ 78.3828109, 17.4289739 ], [ 78.3830643, 17.429273 ], [ 78.3832557, 17.4295298 ], [ 78.3822928, 17.4304371 ], [ 78.380941, 17.4314529 ], [ 78.3797866, 17.4324116 ], [ 78.3791824, 17.4328521 ] ] ] } },
{ "type": "Feature", "properties": { "cn": 98, "tags": { "natural": "water", "water": "canal" } }, "geometry": { "type": "Polygon", "coordinates": [ [ [ 78.3765837, 17.4401752 ], [ 78.3765825, 17.4401201 ], [ 78.37658, 17.4400088 ], [ 78.3765724, 17.4399598 ], [ 78.3769249, 17.4399598 ], [ 78.3769487, 17.4402243 ], [ 78.3769249, 17.4406575 ], [ 78.3766176, 17.4406431 ], [ 78.3766126, 17.4403535 ], [ 78.3766753, 17.4403619 ], [ 78.3767719, 17.4404612 ], [ 78.3768057, 17.4404744 ], [ 78.3768359, 17.4404337 ], [ 78.376802, 17.4403726 ], [ 78.3767342, 17.4402829 ], [ 78.3766653, 17.4402338 ], [ 78.3765837, 17.4401752 ] ] ] } },
{ "type": "Feature", "properties": { "cn": 92, "tags": { "landuse": "commercial" } }, "geometry": { "type": "Polygon", "coordinates": [ [ [ 78.3671857, 17.4404154 ], [ 78.3669591, 17.4401582 ], [ 78.3667306, 17.439798 ], [ 78.3672785, 17.4396709 ], [ 78.3690469, 17.4393565 ], [ 78.3696004, 17.4402167 ], [ 78.3690538, 17.4404078 ], [ 78.3684728, 17.4405905 ], [ 78.3676927, 17.4408358 ], [ 78.3675089, 17.4408131 ], [ 78.3671857, 17.4404154 ] ] ] } },
{ "type": "Feature", "properties": { "cn": 92, "tags": { "landuse": "commercial", "name": "RMZ Nexity" } }, "geometry": { "type": "Polygon", "coordinates": [ [ [ 78.381398, 17.4313605 ], [ 78.3834794, 17.4297673 ], [ 78.3846262, 17.4310836 ], [ 78.3839412, 17.4315966 ], [ 78.3852838, 17.4331145 ], [ 78.3845788, 17.4336292 ], [ 78.3833492, 17.4321876 ], [ 78.3826168, 17.4327742 ], [ 78.381398, 17.4313605 ] ] ] } },
{ "type": "Feature", "properties": { "cn": 65, "tags": { "natural": "scrub" } }, "geometry": { "type": "Polygon", "coordinates": [ [ [ 78.371874, 17.4395954 ], [ 78.3713457, 17.4381349 ], [ 78.3721487, 17.4371831 ], [ 78.3723401, 17.4368453 ], [ 78.3728453, 17.4363777 ], [ 78.3729796, 17.436909 ], [ 78.3731422, 17.4373951 ], [ 78.3733759, 17.4380729 ], [ 78.371874, 17.4395954 ] ] ] } },
{ "type": "Feature", "properties": { "cn": 65, "tags": { "landuse": "grass" } }, "geometry": { "type": "Polygon", "coordinates": [ [ [ 78.3784478, 17.4527158 ], [ 78.3786184, 17.4526915 ], [ 78.3787438, 17.4526223 ], [ 78.3786752, 17.4524709 ], [ 78.3787007, 17.4524578 ], [ 78.378781, 17.4525531 ], [ 78.3788575, 17.4524783 ], [ 78.3789633, 17.4525157 ], [ 78.3792083, 17.4528523 ], [ 78.3790378, 17.4529383 ], [ 78.3787222, 17.4529701 ], [ 78.3785929, 17.4529009 ], [ 78.3784478, 17.4527158 ] ] ] } },
{ "type": "Feature", "properties": { "cn": 65, "tags": { "landuse": "grass" } }, "geometry": { "type": "Polygon", "coordinates": [ [ [ 78.3780298, 17.4489078 ], [ 78.3780988, 17.4488982 ], [ 78.378149, 17.448988 ], [ 78.3782117, 17.4492022 ], [ 78.3782832, 17.4493243 ], [ 78.3782594, 17.4494978 ], [ 78.3781136, 17.4496426 ], [ 78.3780454, 17.4497651 ], [ 78.3779057, 17.4497978 ], [ 78.3777857, 17.4498352 ], [ 78.3776828, 17.4497791 ], [ 78.3775505, 17.4498493 ], [ 78.3773647, 17.4499106 ], [ 78.3773456, 17.449812 ], [ 78.3773992, 17.4497207 ], [ 78.3775332, 17.4495345 ], [ 78.3776059, 17.4493957 ], [ 78.3775791, 17.4492679 ], [ 78.3777284, 17.4492131 ], [ 78.3777481, 17.4495044 ], [ 78.3778659, 17.4495111 ], [ 78.3778343, 17.4493055 ], [ 78.378027, 17.4492204 ], [ 78.3780844, 17.449151 ], [ 78.3780298, 17.4489078 ] ] ] } },
{ "type": "Feature", "properties": { "cn": 65, "tags": { "natural": "scrub" } }, "geometry": { "type": "Polygon", "coordinates": [ [ [ 78.3763075, 17.4510863 ], [ 78.3762761, 17.4509255 ], [ 78.3762918, 17.4507553 ], [ 78.3763428, 17.4506749 ], [ 78.3765505, 17.4506488 ], [ 78.3766524, 17.4507834 ], [ 78.3766015, 17.4508563 ], [ 78.3766368, 17.4509498 ], [ 78.376574, 17.4511125 ], [ 78.3765623, 17.4512228 ], [ 78.3764682, 17.4514023 ], [ 78.3764114, 17.4513761 ], [ 78.3762665, 17.4513841 ], [ 78.3761113, 17.4512509 ], [ 78.3763075, 17.4510863 ] ] ] } },
{ "type": "Feature", "properties": { "cn": 65, "tags": { "natural": "scrub" } }, "geometry": { "type": "Polygon", "coordinates": [ [ [ 78.3754458, 17.4506167 ], [ 78.3757643, 17.4503596 ], [ 78.375605, 17.4501931 ], [ 78.3757367, 17.4501259 ], [ 78.375997, 17.4500265 ], [ 78.3762236, 17.4500908 ], [ 78.3761808, 17.4501931 ], [ 78.3762941, 17.4502719 ], [ 78.3765115, 17.4502865 ], [ 78.3763645, 17.4505758 ], [ 78.3761501, 17.4505991 ], [ 78.3759358, 17.4506459 ], [ 78.3757765, 17.4508329 ], [ 78.3757367, 17.4508825 ], [ 78.3756142, 17.4507365 ], [ 78.3754458, 17.4506167 ] ] ] } },
{ "type": "Feature", "properties": { "cn": 98, "tags": { "natural": "water" } }, "geometry": { "type": "Polygon", "coordinates": [ [ [ 78.3767433, 17.4523815 ], [ 78.3767523, 17.4522887 ], [ 78.3767995, 17.4522159 ], [ 78.3768948, 17.4522082 ], [ 78.376943, 17.4522571 ], [ 78.3768828, 17.4523231 ], [ 78.3768547, 17.4523901 ], [ 78.3767945, 17.4524476 ], [ 78.3767433, 17.4523815 ] ] ] } },
{ "type": "Feature", "properties": { "cn": 65, "tags": { "natural": "scrub" } }, "geometry": { "type": "Polygon", "coordinates": [ [ [ 78.3757056, 17.449059 ], [ 78.3762015, 17.4495975 ], [ 78.3763818, 17.4495152 ], [ 78.3765601, 17.4494087 ], [ 78.3766758, 17.4492665 ], [ 78.3766424, 17.4491282 ], [ 78.3765405, 17.4489711 ], [ 78.3763582, 17.4489225 ], [ 78.3757781, 17.4490029 ], [ 78.3757056, 17.449059 ] ] ] } },
{ "type": "Feature", "properties": { "cn": 65, "tags": { "leisure": "park", "name": "Telecom Nagar Park" } }, "geometry": { "type": "Polygon", "coordinates": [ [ [ 78.3657639, 17.434519 ], [ 78.3657363, 17.4344655 ], [ 78.3660971, 17.4342452 ], [ 78.3660343, 17.4341438 ], [ 78.3662625, 17.4340073 ], [ 78.3664009, 17.4341844 ], [ 78.3666014, 17.4344722 ], [ 78.3658931, 17.4349492 ], [ 78.3656446, 17.4345753 ], [ 78.3657639, 17.434519 ] ] ] } },
{ "type": "Feature", "properties": { "cn": 65, "tags": { "leisure": "pitch", "sport": "hockey", "surface": "gravel" } }, "geometry": { "type": "Polygon", "coordinates": [ [ [ 78.3711211, 17.4389658 ], [ 78.3710015, 17.4387349 ], [ 78.370948, 17.4386256 ], [ 78.3712863, 17.4384911 ], [ 78.3714105, 17.4388053 ], [ 78.3714633, 17.4389373 ], [ 78.3713654, 17.4389811 ], [ 78.3711682, 17.4390602 ], [ 78.3711211, 17.4389658 ] ] ] } },
{ "type": "Feature", "properties": { "cn": 65, "tags": { "access": "private", "leisure": "pitch", "name": "Nasr School Football Gound", "sport": "soccer", "surface": "grass" } }, "geometry": { "type": "Polygon", "coordinates": [ [ [ 78.3700868, 17.4379202 ], [ 78.3708071, 17.4375766 ], [ 78.370993, 17.4378706 ], [ 78.3707892, 17.4379605 ], [ 78.3705962, 17.4380448 ], [ 78.3704473, 17.4381102 ], [ 78.3703317, 17.4381561 ], [ 78.370221, 17.4381976 ], [ 78.3700868, 17.4379202 ] ] ] } },
{ "type": "Feature", "properties": { "cn": 65, "tags": { "natural": "scrub" } }, "geometry": { "type": "Polygon", "coordinates": [ [ [ 78.3774415, 17.4424058 ], [ 78.3777139, 17.4423085 ], [ 78.3777178, 17.442359 ], [ 78.3775375, 17.442546 ], [ 78.3775552, 17.4426582 ], [ 78.3779177, 17.4426395 ], [ 78.3779701, 17.4435862 ], [ 78.3774532, 17.4435979 ], [ 78.3774415, 17.4424058 ] ] ] } },
{ "type": "Feature", "properties": { "cn": 92, "tags": { "landuse": "commercial", "name": "Hyundai" } }, "geometry": { "type": "Polygon", "coordinates": [ [ [ 78.3809653, 17.4681069 ], [ 78.3809444, 17.4680364 ], [ 78.3809696, 17.4679774 ], [ 78.3825903, 17.4675368 ], [ 78.3828012, 17.4674794 ], [ 78.3835548, 17.4672745 ], [ 78.3841719, 17.4671402 ], [ 78.3842878, 17.4672213 ], [ 78.3844976, 17.4672558 ], [ 78.3844822, 17.4673277 ], [ 78.3837594, 17.4685091 ], [ 78.3834336, 17.4688038 ], [ 78.3832559, 17.4686012 ], [ 78.383111, 17.468439 ], [ 78.3823152, 17.4686196 ], [ 78.3820457, 17.4685108 ], [ 78.3814779, 17.4686176 ], [ 78.3813708, 17.4683619 ], [ 78.3811067, 17.4682937 ], [ 78.3809653, 17.4681069 ] ] ] } },
{ "type": "Feature", "properties": { "cn": 65, "tags": { "access": "restricted", "leisure": "garden", "surface": "grass" } }, "geometry": { "type": "Polygon", "coordinates": [ [ [ 78.372066, 17.4723284 ], [ 78.3721679, 17.4723131 ], [ 78.3721948, 17.4722593 ], [ 78.3724093, 17.4722031 ], [ 78.372463, 17.4722389 ], [ 78.3725021, 17.4723461 ], [ 78.3725332, 17.4723859 ], [ 78.3725275, 17.4723067 ], [ 78.3725792, 17.4722952 ], [ 78.3726299, 17.4724045 ], [ 78.3726588, 17.4723847 ], [ 78.3726293, 17.4722747 ], [ 78.3728599, 17.4721954 ], [ 78.372993, 17.472213 ], [ 78.3731968, 17.4721363 ], [ 78.3731845, 17.4720854 ], [ 78.3732891, 17.4719395 ], [ 78.373273, 17.4718705 ], [ 78.3731952, 17.4718424 ], [ 78.3731657, 17.4718858 ], [ 78.3730852, 17.4720009 ], [ 78.3730532, 17.4720071 ], [ 78.3729404, 17.4720521 ], [ 78.3726024, 17.4719754 ], [ 78.3724214, 17.4719665 ], [ 78.372176, 17.4721289 ], [ 78.372066, 17.4723284 ] ] ] } },
{ "type": "Feature", "properties": { "cn": 65, "tags": { "leisure": "park", "name": "Lawns in front of Admin Block", "surface": "grass" } }, "geometry": { "type": "Polygon", "coordinates": [ [ [ 78.3921745, 17.4971285 ], [ 78.392326, 17.4972929 ], [ 78.3932258, 17.4966501 ], [ 78.393085, 17.4964666 ], [ 78.392735, 17.4965581 ], [ 78.3921745, 17.4971285 ] ] ] } },
{ "type": "Feature", "properties": { "cn": 92, "tags": { "landuse": "retail" } }, "geometry": { "type": "Polygon", "coordinates": [ [ [ 78.3992253, 17.4962616 ], [ 78.3988335, 17.4955097 ], [ 78.3996899, 17.4951164 ], [ 78.4001209, 17.4958486 ], [ 78.3992253, 17.4962616 ] ] ] } },
{ "type": "Feature", "properties": { "cn": 65, "tags": { "leisure": "park", "name": "Sathavahana Colony Park" } }, "geometry": { "type": "Polygon", "coordinates": [ [ [ 78.4028412, 17.4980319 ], [ 78.4028322, 17.4976405 ], [ 78.4031623, 17.4976388 ], [ 78.4031605, 17.4980319 ], [ 78.4028412, 17.4980319 ] ] ] } },
{ "type": "Feature", "properties": { "cn": 98, "tags": { "name": "Yellama Kunta 2", "natural": "water" } }, "geometry": { "type": "Polygon", "coordinates": [ [ [ 78.3999342, 17.5016972 ], [ 78.3996579, 17.5016281 ], [ 78.3994728, 17.5016102 ], [ 78.399336, 17.5016128 ], [ 78.3991939, 17.5016435 ], [ 78.399092, 17.5016563 ], [ 78.3990329, 17.501646 ], [ 78.3989605, 17.5016077 ], [ 78.3989122, 17.5015463 ], [ 78.3988506, 17.5013749 ], [ 78.3988398, 17.5013135 ], [ 78.3988774, 17.5012419 ], [ 78.3990169, 17.50116 ], [ 78.3992368, 17.5011037 ], [ 78.3993883, 17.5010065 ], [ 78.3995131, 17.5009349 ], [ 78.399611, 17.5008582 ], [ 78.3996794, 17.500807 ], [ 78.3997625, 17.5007763 ], [ 78.3998175, 17.5007891 ], [ 78.3998778, 17.5008211 ], [ 78.399902, 17.500853 ], [ 78.3999342, 17.5009554 ], [ 78.3999543, 17.5009899 ], [ 78.4000039, 17.5010116 ], [ 78.4000736, 17.5010091 ], [ 78.4001742, 17.5009694 ], [ 78.400189, 17.5009208 ], [ 78.4001648, 17.5008633 ], [ 78.400134, 17.5008121 ], [ 78.4000683, 17.5006944 ], [ 78.4000736, 17.5006382 ], [ 78.40013, 17.5005947 ], [ 78.4002185, 17.5005665 ], [ 78.4002909, 17.5005563 ], [ 78.4003687, 17.5005077 ], [ 78.4004116, 17.5004412 ], [ 78.4004572, 17.5004156 ], [ 78.4005591, 17.5003798 ], [ 78.4006932, 17.5003696 ], [ 78.4009963, 17.5002852 ], [ 78.401117, 17.5002852 ], [ 78.4012216, 17.500321 ], [ 78.4013289, 17.5004028 ], [ 78.4014067, 17.500477 ], [ 78.4014738, 17.500587 ], [ 78.4014952, 17.5008096 ], [ 78.4014818, 17.5011268 ], [ 78.4014389, 17.5012981 ], [ 78.4013343, 17.5015386 ], [ 78.4012485, 17.5017177 ], [ 78.4011975, 17.5018251 ], [ 78.4011143, 17.5019709 ], [ 78.4010607, 17.5019991 ], [ 78.4009963, 17.5020067 ], [ 78.4009319, 17.5019888 ], [ 78.4008193, 17.5019581 ], [ 78.4006691, 17.5019172 ], [ 78.4005725, 17.5018916 ], [ 78.4004599, 17.5018507 ], [ 78.4002399, 17.5017791 ], [ 78.3999342, 17.5016972 ] ] ] } },
{ "type": "Feature", "properties": { "cn": 98, "tags": { "name": "Yellamma Kunta", "natural": "water", "water": "pond" } }, "geometry": { "type": "Polygon", "coordinates": [ [ [ 78.4080438, 17.4999181 ], [ 78.4081994, 17.4999002 ], [ 78.4084408, 17.4999782 ], [ 78.4084663, 17.5000076 ], [ 78.4084783, 17.5000473 ], [ 78.4084851, 17.5000997 ], [ 78.4084958, 17.50039 ], [ 78.4085011, 17.5005358 ], [ 78.4084663, 17.5006484 ], [ 78.4084019, 17.5007661 ], [ 78.4083644, 17.5008403 ], [ 78.4083348, 17.5009196 ], [ 78.4083134, 17.5009861 ], [ 78.4082973, 17.5010961 ], [ 78.4081981, 17.5013416 ], [ 78.4079379, 17.5019939 ], [ 78.407899, 17.5021282 ], [ 78.4078574, 17.5022139 ], [ 78.4078199, 17.5022804 ], [ 78.4077501, 17.5024531 ], [ 78.4077045, 17.5025375 ], [ 78.4076576, 17.5026002 ], [ 78.4075986, 17.5026475 ], [ 78.4075503, 17.5026731 ], [ 78.4074765, 17.5026923 ], [ 78.4074028, 17.5026897 ], [ 78.4073491, 17.5026936 ], [ 78.4072874, 17.5026923 ], [ 78.4071922, 17.5026923 ], [ 78.4071077, 17.5027153 ], [ 78.4070125, 17.5027319 ], [ 78.4068865, 17.5027562 ], [ 78.4066571, 17.5027818 ], [ 78.4065726, 17.5027869 ], [ 78.4065136, 17.5027729 ], [ 78.406468, 17.5027498 ], [ 78.4064318, 17.502714 ], [ 78.4063822, 17.502668 ], [ 78.4063219, 17.5026194 ], [ 78.4062588, 17.5025797 ], [ 78.4061462, 17.5025477 ], [ 78.4060429, 17.5025388 ], [ 78.4059839, 17.5025324 ], [ 78.4059235, 17.5025196 ], [ 78.4058645, 17.502503 ], [ 78.4058323, 17.5024876 ], [ 78.4058082, 17.5024608 ], [ 78.4057881, 17.5024237 ], [ 78.4057613, 17.5023725 ], [ 78.405717, 17.5022574 ], [ 78.4057143, 17.5020643 ], [ 78.4057237, 17.5018098 ], [ 78.4056111, 17.5014222 ], [ 78.4055856, 17.5013071 ], [ 78.4055735, 17.5012598 ], [ 78.4055641, 17.5011971 ], [ 78.4055682, 17.5011344 ], [ 78.4055749, 17.5010845 ], [ 78.4055896, 17.5010347 ], [ 78.405607, 17.5010116 ], [ 78.4056446, 17.5009925 ], [ 78.4057398, 17.5009592 ], [ 78.4058028, 17.5008569 ], [ 78.4058444, 17.50083 ], [ 78.4058927, 17.5007993 ], [ 78.4061381, 17.500743 ], [ 78.4063634, 17.5007072 ], [ 78.4065539, 17.5006612 ], [ 78.4067403, 17.5005934 ], [ 78.4067899, 17.5005806 ], [ 78.4068395, 17.5005653 ], [ 78.4068999, 17.5005282 ], [ 78.4069495, 17.500486 ], [ 78.4069978, 17.5004527 ], [ 78.4070554, 17.5004182 ], [ 78.4071238, 17.5003798 ], [ 78.4072512, 17.5003299 ], [ 78.407384, 17.500289 ], [ 78.4075932, 17.5002148 ], [ 78.4077059, 17.5002007 ], [ 78.407781, 17.5001892 ], [ 78.4078279, 17.5001828 ], [ 78.4078749, 17.5001662 ], [ 78.4079164, 17.5001342 ], [ 78.4079312, 17.5001048 ], [ 78.4079379, 17.5000728 ], [ 78.4079419, 17.5000332 ], [ 78.4079419, 17.4999987 ], [ 78.4079513, 17.4999577 ], [ 78.4079634, 17.4999398 ], [ 78.4079902, 17.499927 ], [ 78.4080438, 17.4999181 ] ] ] } },
{ "type": "Feature", "properties": { "cn": 92, "tags": { "government": "water_board", "landuse": "governmental", "name": "Hyderabad Water Board", "office": "government" } }, "geometry": { "type": "Polygon", "coordinates": [ [ [ 78.3765794, 17.500394 ], [ 78.3778973, 17.4979408 ], [ 78.3805015, 17.4991279 ], [ 78.3791737, 17.5016222 ], [ 78.3765794, 17.500394 ] ] ] } },
{ "type": "Feature", "properties": { "cn": 65, "tags": { "leisure": "pitch", "name": "JNTU Ground", "sport": "multi" } }, "geometry": { "type": "Polygon", "coordinates": [ [ [ 78.3903872, 17.4930693 ], [ 78.3901424, 17.4930804 ], [ 78.3899501, 17.4930957 ], [ 78.389798, 17.4929603 ], [ 78.3897461, 17.4926392 ], [ 78.3897134, 17.4923942 ], [ 78.3897181, 17.4922205 ], [ 78.3897718, 17.4920079 ], [ 78.3899978, 17.4918571 ], [ 78.390263, 17.4917847 ], [ 78.3905368, 17.4917983 ], [ 78.3907455, 17.4919265 ], [ 78.3908949, 17.4921403 ], [ 78.390979, 17.492363 ], [ 78.3910023, 17.4926035 ], [ 78.390993, 17.4928307 ], [ 78.3909513, 17.4930524 ], [ 78.3908273, 17.493076 ], [ 78.3906238, 17.4930859 ], [ 78.3903872, 17.4930693 ] ] ] } },
{ "type": "Feature", "properties": { "cn": 92, "tags": { "landuse": "retail", "name": "Kalamandir" } }, "geometry": { "type": "Polygon", "coordinates": [ [ [ 78.4002707, 17.4956897 ], [ 78.3999151, 17.4950238 ], [ 78.4000942, 17.4949421 ], [ 78.4004862, 17.4955734 ], [ 78.4002707, 17.4956897 ] ] ] } },
{ "type": "Feature", "properties": { "cn": 92, "tags": { "landuse": "retail", "name": "Rhythu Bazaar" } }, "geometry": { "type": "Polygon", "coordinates": [ [ [ 78.3936451, 17.4926179 ], [ 78.394359, 17.4922855 ], [ 78.3945677, 17.4926861 ], [ 78.3938421, 17.4930384 ], [ 78.3936451, 17.4926179 ] ] ] } },
{ "type": "Feature", "properties": { "cn": 82, "tags": { "access": "private", "landuse": "residential", "name": "Malaysian Township" } }, "geometry": { "type": "Polygon", "coordinates": [ [ [ 78.3918228, 17.4758526 ], [ 78.3938954, 17.4771187 ], [ 78.391828, 17.4802381 ], [ 78.3912546, 17.4810991 ], [ 78.390913, 17.4816419 ], [ 78.3906542, 17.4820534 ], [ 78.3901685, 17.4828259 ], [ 78.3895532, 17.4824536 ], [ 78.3895731, 17.4820686 ], [ 78.3895995, 17.4816269 ], [ 78.3897716, 17.4808633 ], [ 78.38997, 17.4804404 ], [ 78.3905912, 17.4784521 ], [ 78.3906317, 17.4776719 ], [ 78.3905904, 17.4772972 ], [ 78.3918228, 17.4758526 ] ] ] } },
{ "type": "Feature", "properties": { "cn": 92, "tags": { "landuse": "retail", "name": "Metro Cash and Carry", "shop": "supermarket" } }, "geometry": { "type": "Polygon", "coordinates": [ [ [ 78.4190607, 17.4818734 ], [ 78.4190268, 17.4815139 ], [ 78.4190565, 17.4811908 ], [ 78.4190819, 17.4808394 ], [ 78.4188786, 17.4803709 ], [ 78.4200143, 17.4794507 ], [ 78.4208622, 17.4809906 ], [ 78.4190607, 17.4818734 ] ] ] } },
{ "type": "Feature", "properties": { "cn": 98, "tags": { "name": "Nalla Cheruvu", "natural": "water", "water": "pond" } }, "geometry": { "type": "Polygon", "coordinates": [ [ [ 78.417567, 17.4893734 ], [ 78.4175053, 17.4891099 ], [ 78.4174865, 17.4890485 ], [ 78.4174557, 17.4889001 ], [ 78.4174222, 17.4886226 ], [ 78.4174155, 17.488313 ], [ 78.4174342, 17.488125 ], [ 78.4174275, 17.4880303 ], [ 78.4174222, 17.48796 ], [ 78.4174678, 17.487882 ], [ 78.4175523, 17.4878717 ], [ 78.4176502, 17.4878704 ], [ 78.4176931, 17.4878525 ], [ 78.4177011, 17.4878103 ], [ 78.4176864, 17.4877579 ], [ 78.4176019, 17.4876824 ], [ 78.4175576, 17.4876057 ], [ 78.4175161, 17.4875097 ], [ 78.4174651, 17.4872373 ], [ 78.417449, 17.4870646 ], [ 78.4174235, 17.4868958 ], [ 78.4174289, 17.4866566 ], [ 78.417449, 17.4865734 ], [ 78.4174865, 17.4865299 ], [ 78.4175563, 17.4865107 ], [ 78.4176716, 17.4865095 ], [ 78.4177266, 17.4865414 ], [ 78.4178292, 17.4866502 ], [ 78.4179097, 17.4867173 ], [ 78.4179734, 17.4867403 ], [ 78.4181001, 17.4867627 ], [ 78.4182235, 17.4868005 ], [ 78.4183797, 17.4868542 ], [ 78.418601, 17.4870032 ], [ 78.4187794, 17.4871759 ], [ 78.418943, 17.487369 ], [ 78.4191267, 17.4876453 ], [ 78.419285, 17.4880508 ], [ 78.4193882, 17.4883245 ], [ 78.4194902, 17.4886392 ], [ 78.4195344, 17.4889206 ], [ 78.4195411, 17.4891163 ], [ 78.4195197, 17.4892455 ], [ 78.4194848, 17.4893248 ], [ 78.41947, 17.4894067 ], [ 78.4194647, 17.4894808 ], [ 78.4194446, 17.4895525 ], [ 78.419407, 17.4895857 ], [ 78.4193453, 17.4896177 ], [ 78.4192662, 17.489642 ], [ 78.4190395, 17.4897405 ], [ 78.418778, 17.4898211 ], [ 78.4186573, 17.4898671 ], [ 78.4185943, 17.489862 ], [ 78.4185567, 17.4898364 ], [ 78.418479, 17.4897047 ], [ 78.4184039, 17.4896318 ], [ 78.4182912, 17.4896228 ], [ 78.4182094, 17.4896459 ], [ 78.4181558, 17.489697 ], [ 78.4177963, 17.4898352 ], [ 78.4177306, 17.4898275 ], [ 78.4176743, 17.489793 ], [ 78.4176032, 17.4895909 ], [ 78.417567, 17.4893734 ] ] ] } },
{ "type": "Feature", "properties": { "cn": 65, "tags": { "leisure": "garden" } }, "geometry": { "type": "Polygon", "coordinates": [ [ [ 78.4098755, 17.4921132 ], [ 78.4101729, 17.4918279 ], [ 78.4104844, 17.4920914 ], [ 78.4101729, 17.4923968 ], [ 78.4098755, 17.4921132 ] ] ] } },
{ "type": "Feature", "properties": { "cn": 65, "tags": { "leisure": "garden" } }, "geometry": { "type": "Polygon", "coordinates": [ [ [ 78.41158, 17.4938751 ], [ 78.4119231, 17.4942317 ], [ 78.4123278, 17.4938268 ], [ 78.4119825, 17.4934912 ], [ 78.41158, 17.4938751 ] ] ] } },
{ "type": "Feature", "properties": { "cn": 92, "tags": { "landuse": "commercial" } }, "geometry": { "type": "Polygon", "coordinates": [ [ [ 78.3729323, 17.4561124 ], [ 78.3738491, 17.4573445 ], [ 78.3749129, 17.4573128 ], [ 78.3752364, 17.4573124 ], [ 78.3759364, 17.4570591 ], [ 78.3760035, 17.4569823 ], [ 78.3743941, 17.4564679 ], [ 78.3737746, 17.456299 ], [ 78.3729323, 17.4561124 ] ] ] } },
{ "type": "Feature", "properties": { "cn": 65, "tags": { "leisure": "park", "name": "kphb ph 5 park" } }, "geometry": { "type": "Polygon", "coordinates": [ [ [ 78.3936866, 17.4786033 ], [ 78.3943091, 17.477592 ], [ 78.3943159, 17.4776863 ], [ 78.3940277, 17.4786696 ], [ 78.3939802, 17.4787509 ], [ 78.3936866, 17.4786033 ] ] ] } },
{ "type": "Feature", "properties": { "cn": 92, "tags": { "landuse": "commercial", "name": "CA" } }, "geometry": { "type": "Polygon", "coordinates": [ [ [ 78.335667, 17.4265839 ], [ 78.3381608, 17.4257837 ], [ 78.3395901, 17.4254566 ], [ 78.3401559, 17.425512 ], [ 78.33938, 17.4242971 ], [ 78.3393468, 17.4242451 ], [ 78.3392018, 17.4239606 ], [ 78.3389478, 17.4236193 ], [ 78.338344, 17.4227102 ], [ 78.3345968, 17.4248836 ], [ 78.335667, 17.4265839 ] ] ] } },
{ "type": "Feature", "properties": { "cn": 92, "tags": { "landuse": "commercial", "name": "ICICI Bank" } }, "geometry": { "type": "Polygon", "coordinates": [ [ [ 78.3350514, 17.4235542 ], [ 78.3355069, 17.4242597 ], [ 78.3355471, 17.4243219 ], [ 78.3383699, 17.4226627 ], [ 78.3378742, 17.421895 ], [ 78.3350514, 17.4235542 ] ] ] } },
{ "type": "Feature", "properties": { "cn": 82, "tags": { "landuse": "residential", "name": "Jayabheri" } }, "geometry": { "type": "Polygon", "coordinates": [ [ [ 78.3289362, 17.4278965 ], [ 78.3289369, 17.4284888 ], [ 78.3287592, 17.428612 ], [ 78.328596, 17.4286022 ], [ 78.3287044, 17.4287627 ], [ 78.3289146, 17.4290324 ], [ 78.3291688, 17.4292168 ], [ 78.3298498, 17.4294117 ], [ 78.3304451, 17.429468 ], [ 78.3304403, 17.429151 ], [ 78.3311967, 17.4285642 ], [ 78.3307412, 17.427207 ], [ 78.3303803, 17.4269168 ], [ 78.3303163, 17.4268848 ], [ 78.3302104, 17.4268319 ], [ 78.3303535, 17.427296 ], [ 78.3298326, 17.4275054 ], [ 78.3297595, 17.4275743 ], [ 78.3296198, 17.4276167 ], [ 78.3296115, 17.4276907 ], [ 78.3293921, 17.4276913 ], [ 78.3289362, 17.4278965 ] ] ] } },
{ "type": "Feature", "properties": { "cn": 92, "tags": { "landuse": "commercial", "name": "Virtusa Corporation" } }, "geometry": { "type": "Polygon", "coordinates": [ [ [ 78.3445023, 17.4204612 ], [ 78.3427484, 17.4212792 ], [ 78.3429908, 17.4219171 ], [ 78.3437219, 17.4221175 ], [ 78.3450746, 17.4213629 ], [ 78.3445023, 17.4204612 ] ] ] } },
{ "type": "Feature", "properties": { "cn": 82, "tags": { "landuse": "residential", "name": "Jayabheri Orange County" } }, "geometry": { "type": "Polygon", "coordinates": [ [ [ 78.3409183, 17.4225174 ], [ 78.3398411, 17.4208322 ], [ 78.3406283, 17.4203548 ], [ 78.3409227, 17.4211757 ], [ 78.3412266, 17.4209945 ], [ 78.3414292, 17.4212875 ], [ 78.3416628, 17.4215144 ], [ 78.3413924, 17.4218388 ], [ 78.3415125, 17.422037 ], [ 78.3415541, 17.4222036 ], [ 78.3415848, 17.4223263 ], [ 78.3414105, 17.4224601 ], [ 78.3409183, 17.4225174 ] ] ] } },
{ "type": "Feature", "properties": { "cn": 82, "tags": { "landuse": "residential" } }, "geometry": { "type": "Polygon", "coordinates": [ [ [ 78.327217, 17.4300259 ], [ 78.326795, 17.4296266 ], [ 78.3264202, 17.429276 ], [ 78.3262564, 17.4289739 ], [ 78.3263951, 17.4288866 ], [ 78.3264025, 17.428882 ], [ 78.327017, 17.4284953 ], [ 78.3276137, 17.4281199 ], [ 78.3283851, 17.4285574 ], [ 78.3284105, 17.429276 ], [ 78.327217, 17.4300259 ] ] ] } },
{ "type": "Feature", "properties": { "cn": 82, "tags": { "landuse": "residential", "name": "Trendset Winz" } }, "geometry": { "type": "Polygon", "coordinates": [ [ [ 78.3462793, 17.4225214 ], [ 78.3463895, 17.4224758 ], [ 78.3477604, 17.4219092 ], [ 78.3475, 17.4213401 ], [ 78.3472507, 17.4207953 ], [ 78.3471915, 17.4206659 ], [ 78.3467104, 17.4205512 ], [ 78.3458637, 17.4209867 ], [ 78.3459976, 17.4216774 ], [ 78.3462561, 17.422452 ], [ 78.3462793, 17.4225214 ] ] ] } },
{ "type": "Feature", "properties": { "cn": 92, "tags": { "landuse": "commercial", "name": "Polaris Financial Technology Ltd." } }, "geometry": { "type": "Polygon", "coordinates": [ [ [ 78.3370528, 17.4265681 ], [ 78.3372096, 17.4269086 ], [ 78.3373052, 17.4271118 ], [ 78.3373784, 17.4270966 ], [ 78.3376092, 17.4270768 ], [ 78.3384874, 17.4270369 ], [ 78.33852, 17.4271195 ], [ 78.3389125, 17.4270075 ], [ 78.3393768, 17.4272287 ], [ 78.3398489, 17.427073 ], [ 78.3394708, 17.4258765 ], [ 78.3394545, 17.425825 ], [ 78.3370528, 17.4265681 ] ] ] } },
{ "type": "Feature", "properties": { "cn": 92, "tags": { "landuse": "commercial", "name": "Waverock", "website": "https://waverock.in/" } }, "geometry": { "type": "Polygon", "coordinates": [ [ [ 78.3473046, 17.42005 ], [ 78.3485969, 17.4192979 ], [ 78.3486898, 17.4192438 ], [ 78.3486864, 17.4190825 ], [ 78.348523, 17.4190888 ], [ 78.3465471, 17.4170122 ], [ 78.3464703, 17.4169147 ], [ 78.345633, 17.4173857 ], [ 78.3473046, 17.42005 ] ] ] } },
{ "type": "Feature", "properties": { "cn": 92, "tags": { "landuse": "commercial" } }, "geometry": { "type": "Polygon", "coordinates": [ [ [ 78.4263377, 17.4233115 ], [ 78.4262785, 17.4238022 ], [ 78.4263835, 17.4239281 ], [ 78.4263808, 17.4243571 ], [ 78.4271763, 17.4244083 ], [ 78.4273096, 17.4236554 ], [ 78.4263377, 17.4233115 ] ] ] } },
{ "type": "Feature", "properties": { "cn": 70, "tags": { "leaf_type": "mixed", "natural": "wood" } }, "geometry": { "type": "Polygon", "coordinates": [ [ [ 78.4291214, 17.4205054 ], [ 78.4290568, 17.4200763 ], [ 78.4290729, 17.4197244 ], [ 78.4292291, 17.4194469 ], [ 78.429256, 17.4196884 ], [ 78.4292991, 17.4197989 ], [ 78.4294634, 17.4198194 ], [ 78.4295765, 17.4196524 ], [ 78.4297542, 17.4196524 ], [ 78.4295738, 17.4205002 ], [ 78.4291214, 17.4205054 ] ] ] } },
{ "type": "Feature", "properties": { "cn": 98, "tags": { "natural": "wetland", "wetland": "swamp" } }, "geometry": { "type": "Polygon", "coordinates": [ [ [ 78.4232914, 17.482161 ], [ 78.4233175, 17.4820408 ], [ 78.423201, 17.4818774 ], [ 78.4231249, 17.4817164 ], [ 78.4230773, 17.4815009 ], [ 78.4233603, 17.4815031 ], [ 78.4234816, 17.4815303 ], [ 78.4234127, 17.4818457 ], [ 78.4233722, 17.4819795 ], [ 78.4234127, 17.4820884 ], [ 78.4232914, 17.482161 ] ] ] } },
{ "type": "Feature", "properties": { "cn": 98, "tags": { "natural": "water" } }, "geometry": { "type": "Polygon", "coordinates": [ [ [ 78.4234244, 17.4818822 ], [ 78.4234042, 17.481923 ], [ 78.4234351, 17.4818946 ], [ 78.4235255, 17.4818073 ], [ 78.4236599, 17.4818198 ], [ 78.4238002, 17.4818311 ], [ 78.4239655, 17.4819083 ], [ 78.4243093, 17.4821256 ], [ 78.4243395, 17.4823342 ], [ 78.4244741, 17.4822411 ], [ 78.4243732, 17.4820294 ], [ 78.4243564, 17.4819299 ], [ 78.4243631, 17.4818241 ], [ 78.4242655, 17.4818626 ], [ 78.4241209, 17.4817663 ], [ 78.4241209, 17.4815642 ], [ 78.4238686, 17.4816412 ], [ 78.4237745, 17.4816604 ], [ 78.4236904, 17.481577 ], [ 78.4235794, 17.4816219 ], [ 78.4235558, 17.4817214 ], [ 78.4234684, 17.4817631 ], [ 78.4234244, 17.4818822 ] ] ] } },
{ "type": "Feature", "properties": { "cn": 98, "tags": { "natural": "wetland", "wetland": "swamp" } }, "geometry": { "type": "Polygon", "coordinates": [ [ [ 78.4234211, 17.4819503 ], [ 78.4235556, 17.481915 ], [ 78.4238718, 17.4819471 ], [ 78.4240669, 17.4820289 ], [ 78.4240989, 17.4823321 ], [ 78.4242317, 17.4826353 ], [ 78.4242738, 17.4828069 ], [ 78.424365, 17.4828122 ], [ 78.4243112, 17.4828748 ], [ 78.4243242, 17.4830219 ], [ 78.424562, 17.4830582 ], [ 78.4246001, 17.4823459 ], [ 78.4245096, 17.4822657 ], [ 78.4243692, 17.4823531 ], [ 78.4243188, 17.4823443 ], [ 78.4243011, 17.4822088 ], [ 78.4243047, 17.4821315 ], [ 78.4241725, 17.4820688 ], [ 78.4239506, 17.4819117 ], [ 78.4238387, 17.481868 ], [ 78.4236945, 17.4818329 ], [ 78.4235285, 17.4818184 ], [ 78.4233977, 17.4819375 ], [ 78.4234155, 17.4819449 ], [ 78.4234211, 17.4819503 ] ] ] } },
{ "type": "Feature", "properties": { "cn": 98, "tags": { "natural": "wetland", "wetland": "marsh" } }, "geometry": { "type": "Polygon", "coordinates": [ [ [ 78.3709805, 17.4718854 ], [ 78.3710424, 17.4720462 ], [ 78.371181, 17.4721827 ], [ 78.3714501, 17.4721216 ], [ 78.3716994, 17.4721216 ], [ 78.3719333, 17.4717913 ], [ 78.3722015, 17.4715989 ], [ 78.3724453, 17.4718091 ], [ 78.3726822, 17.471749 ], [ 78.3725871, 17.4716054 ], [ 78.372215, 17.4714652 ], [ 78.3719568, 17.4714407 ], [ 78.3714856, 17.4716292 ], [ 78.3712203, 17.4717234 ], [ 78.3709805, 17.4718854 ] ] ] } },
{ "type": "Feature", "properties": { "cn": 82, "tags": { "landuse": "residential", "name": "Jayabharati Gardens" } }, "geometry": { "type": "Polygon", "coordinates": [ [ [ 78.4221234, 17.475464 ], [ 78.4231186, 17.4748424 ], [ 78.4235841, 17.4752649 ], [ 78.4237222, 17.4751118 ], [ 78.4225118, 17.474086 ], [ 78.4216386, 17.4746739 ], [ 78.4221234, 17.475464 ] ] ] } },
{ "type": "Feature", "properties": { "cn": 98, "tags": { "name": "Hydernagar Cheruvu", "natural": "water", "water": "pond" } }, "geometry": { "type": "Polygon", "coordinates": [ [ [ 78.3819286, 17.5026027 ], [ 78.3822585, 17.5021269 ], [ 78.382798, 17.5024331 ], [ 78.383085, 17.5030444 ], [ 78.3828404, 17.5032678 ], [ 78.3823658, 17.5036208 ], [ 78.3821861, 17.5034698 ], [ 78.3823631, 17.5030657 ], [ 78.3821593, 17.5029813 ], [ 78.3820064, 17.5028559 ], [ 78.3819286, 17.5026027 ] ] ] } },
{ "type": "Feature", "properties": { "cn": 65, "tags": { "leisure": "pitch", "lit": "yes", "name": "BB Ground", "sport": "basketball", "surface": "concrete" } }, "geometry": { "type": "Polygon", "coordinates": [ [ [ 78.3480604, 17.4478627 ], [ 78.3482882, 17.4476666 ], [ 78.3481706, 17.4475424 ], [ 78.3479428, 17.4477385 ], [ 78.3480604, 17.4478627 ] ] ] } },
{ "type": "Feature", "properties": { "cn": 82, "tags": { "landuse": "residential", "name": "Miyapur slum" } }, "geometry": { "type": "Polygon", "coordinates": [ [ [ 78.3612007, 17.5135818 ], [ 78.3612498, 17.5135931 ], [ 78.3612902, 17.5135637 ], [ 78.3613092, 17.5135252 ], [ 78.3613286, 17.5135163 ], [ 78.3613614, 17.5135171 ], [ 78.3613812, 17.5134028 ], [ 78.3614351, 17.5134126 ], [ 78.3615222, 17.5134519 ], [ 78.3615713, 17.5134527 ], [ 78.3616109, 17.5134723 ], [ 78.3617495, 17.5134376 ], [ 78.361687, 17.5133771 ], [ 78.3616087, 17.5133468 ], [ 78.361587, 17.5133558 ], [ 78.3615553, 17.5133733 ], [ 78.3615222, 17.5133915 ], [ 78.3614707, 17.5133923 ], [ 78.3614216, 17.5133817 ], [ 78.3613709, 17.513362 ], [ 78.3613195, 17.513362 ], [ 78.3612791, 17.5133824 ], [ 78.3612205, 17.5133923 ], [ 78.3611595, 17.5133817 ], [ 78.3611231, 17.513353 ], [ 78.36107, 17.5133228 ], [ 78.3610193, 17.5133334 ], [ 78.36099, 17.5133719 ], [ 78.3610407, 17.5134217 ], [ 78.361089, 17.5134315 ], [ 78.3611207, 17.5134708 ], [ 78.3611207, 17.5135229 ], [ 78.3612007, 17.5135818 ] ] ] } },
{ "type": "Feature", "properties": { "cn": 92, "tags": { "landuse": "commercial", "name": "lavish ceramics" } }, "geometry": { "type": "Polygon", "coordinates": [ [ [ 78.3647139, 17.4695396 ], [ 78.3648294, 17.4692898 ], [ 78.3650624, 17.4694117 ], [ 78.3649346, 17.4696695 ], [ 78.3647139, 17.4695396 ] ] ] } },
{ "type": "Feature", "properties": { "cn": 65, "tags": { "leisure": "park", "name": "mini public park" } }, "geometry": { "type": "Polygon", "coordinates": [ [ [ 78.3348787, 17.4970846 ], [ 78.3347243, 17.4969208 ], [ 78.3346531, 17.4968423 ], [ 78.334586, 17.4967637 ], [ 78.3347499, 17.4967486 ], [ 78.3350881, 17.4967308 ], [ 78.3351887, 17.4969944 ], [ 78.3348787, 17.4970846 ] ] ] } },
{ "type": "Feature", "properties": { "cn": 98, "tags": { "name": "Gangaram Cheruvu", "natural": "water", "salt": "no", "water": "lake" } }, "geometry": { "type": "Polygon", "coordinates": [ [ [ 78.3292687, 17.5046082 ], [ 78.3291882, 17.5046082 ], [ 78.3290917, 17.5045315 ], [ 78.3290327, 17.5044496 ], [ 78.3289683, 17.5043729 ], [ 78.328861, 17.5042092 ], [ 78.3287966, 17.504112 ], [ 78.328684, 17.5039738 ], [ 78.3284748, 17.5037692 ], [ 78.3282494, 17.5035799 ], [ 78.3282119, 17.5034981 ], [ 78.328228, 17.5033036 ], [ 78.3282602, 17.5031757 ], [ 78.3282655, 17.5030632 ], [ 78.328173, 17.5028867 ], [ 78.3281489, 17.502746 ], [ 78.3281288, 17.5025848 ], [ 78.3280657, 17.5024608 ], [ 78.3279745, 17.5023776 ], [ 78.3279517, 17.5023111 ], [ 78.3279437, 17.5021756 ], [ 78.3279222, 17.5019095 ], [ 78.3278927, 17.5013749 ], [ 78.3278766, 17.5011549 ], [ 78.3279437, 17.500761 ], [ 78.3280134, 17.5004028 ], [ 78.3281395, 17.4998017 ], [ 78.3282816, 17.4993847 ], [ 78.3283729, 17.4992262 ], [ 78.3283943, 17.4991238 ], [ 78.3283728, 17.4990266 ], [ 78.3283568, 17.4988578 ], [ 78.3283916, 17.4987043 ], [ 78.3284748, 17.4984689 ], [ 78.3285311, 17.4983538 ], [ 78.3285794, 17.4982592 ], [ 78.3286384, 17.4981773 ], [ 78.3286706, 17.4980852 ], [ 78.3286411, 17.4979701 ], [ 78.328574, 17.4978115 ], [ 78.3285311, 17.4976989 ], [ 78.3285284, 17.4975787 ], [ 78.3285686, 17.4974175 ], [ 78.3286116, 17.4972615 ], [ 78.3286491, 17.4971387 ], [ 78.3286223, 17.4970031 ], [ 78.3286169, 17.4968829 ], [ 78.3286276, 17.4967217 ], [ 78.3286384, 17.4965427 ], [ 78.3287484, 17.4961104 ], [ 78.3286841, 17.4958546 ], [ 78.3287431, 17.4957011 ], [ 78.3289093, 17.4956038 ], [ 78.3290702, 17.4955476 ], [ 78.3292472, 17.4954862 ], [ 78.3293599, 17.4954606 ], [ 78.3294458, 17.4954964 ], [ 78.3295088, 17.4955811 ], [ 78.3294981, 17.495709 ], [ 78.3294136, 17.4958188 ], [ 78.329376, 17.4959262 ], [ 78.329376, 17.4960336 ], [ 78.3294082, 17.4961052 ], [ 78.3294928, 17.4961899 ], [ 78.3296657, 17.4962741 ], [ 78.3298641, 17.4963662 ], [ 78.3299392, 17.4964378 ], [ 78.3299714, 17.4965401 ], [ 78.3300626, 17.496581 ], [ 78.3300626, 17.4968471 ], [ 78.330068, 17.4969136 ], [ 78.3300841, 17.4969443 ], [ 78.3302128, 17.496975 ], [ 78.3304059, 17.496975 ], [ 78.3304703, 17.4969596 ], [ 78.3305025, 17.4969289 ], [ 78.3305401, 17.4967601 ], [ 78.3305401, 17.4966373 ], [ 78.3305615, 17.4966117 ], [ 78.3306581, 17.4965913 ], [ 78.330819, 17.4965913 ], [ 78.3310175, 17.496581 ], [ 78.3312483, 17.4965862 ], [ 78.3313246, 17.4966015 ], [ 78.3313729, 17.4966514 ], [ 78.3314131, 17.4967102 ], [ 78.3314735, 17.4967422 ], [ 78.3315137, 17.4967819 ], [ 78.3315473, 17.496942 ], [ 78.3315687, 17.4969891 ], [ 78.3315995, 17.4970121 ], [ 78.3316478, 17.4970325 ], [ 78.3316907, 17.4970172 ], [ 78.3317149, 17.4969635 ], [ 78.3317055, 17.496897 ], [ 78.3317001, 17.4968407 ], [ 78.3317095, 17.4968049 ], [ 78.3317403, 17.4967793 ], [ 78.3317833, 17.4967575 ], [ 78.3318946, 17.4967614 ], [ 78.3320542, 17.496778 ], [ 78.3321601, 17.4967844 ], [ 78.3322996, 17.4967755 ], [ 78.332372, 17.4967486 ], [ 78.3324002, 17.4967089 ], [ 78.3324324, 17.4966782 ], [ 78.332486, 17.4966744 ], [ 78.3325437, 17.4967025 ], [ 78.3325826, 17.4967102 ], [ 78.3326241, 17.4967141 ], [ 78.3326764, 17.4966885 ], [ 78.3327287, 17.4966565 ], [ 78.3327462, 17.4966232 ], [ 78.3327784, 17.4965746 ], [ 78.3328226, 17.4965567 ], [ 78.3328897, 17.4965516 ], [ 78.3329648, 17.4965849 ], [ 78.3330184, 17.4966156 ], [ 78.3330761, 17.4966348 ], [ 78.3331431, 17.4966488 ], [ 78.3332343, 17.4966603 ], [ 78.333284, 17.4966655 ], [ 78.3333631, 17.4966821 ], [ 78.333465, 17.4967089 ], [ 78.333528, 17.4967307 ], [ 78.3336112, 17.496755 ], [ 78.3336836, 17.4967652 ], [ 78.3337346, 17.496755 ], [ 78.3337668, 17.4967269 ], [ 78.3337775, 17.4966782 ], [ 78.3337614, 17.4966424 ], [ 78.3337426, 17.4965964 ], [ 78.3337319, 17.4965069 ], [ 78.333689, 17.4964634 ], [ 78.3336943, 17.4964327 ], [ 78.3337373, 17.4964327 ], [ 78.3337614, 17.4964429 ], [ 78.3337963, 17.4964608 ], [ 78.3338231, 17.4964838 ], [ 78.3338821, 17.4965171 ], [ 78.3339706, 17.4965427 ], [ 78.3340296, 17.4965887 ], [ 78.3340752, 17.496622 ], [ 78.3340511, 17.4966808 ], [ 78.3339813, 17.4967141 ], [ 78.333925, 17.4967703 ], [ 78.3339062, 17.4968113 ], [ 78.3339277, 17.4968369 ], [ 78.3339652, 17.4968471 ], [ 78.3340457, 17.4968292 ], [ 78.334102, 17.4968189 ], [ 78.3341825, 17.4968471 ], [ 78.3342093, 17.4969008 ], [ 78.3341959, 17.4969648 ], [ 78.3341932, 17.4970773 ], [ 78.3342254, 17.4971975 ], [ 78.3342496, 17.4972871 ], [ 78.3342415, 17.4973792 ], [ 78.3342013, 17.4975045 ], [ 78.3340806, 17.4977271 ], [ 78.3339787, 17.4979522 ], [ 78.3338687, 17.4982054 ], [ 78.3338392, 17.4983001 ], [ 78.3338311, 17.4984612 ], [ 78.3338419, 17.4985431 ], [ 78.3338231, 17.4986275 ], [ 78.3337909, 17.4987529 ], [ 78.333748, 17.4987938 ], [ 78.3336943, 17.4988552 ], [ 78.3336407, 17.498891 ], [ 78.3335763, 17.4989396 ], [ 78.3335736, 17.4989857 ], [ 78.3335817, 17.4990522 ], [ 78.333638, 17.4991187 ], [ 78.3337292, 17.499134 ], [ 78.3338124, 17.4991161 ], [ 78.3339009, 17.4990752 ], [ 78.3340162, 17.4990803 ], [ 78.3341074, 17.4990854 ], [ 78.3341771, 17.4991263 ], [ 78.3342013, 17.4992287 ], [ 78.334204, 17.4994001 ], [ 78.3342415, 17.4995766 ], [ 78.3342549, 17.4996891 ], [ 78.3342737, 17.4997812 ], [ 78.3342576, 17.4998324 ], [ 78.3342255, 17.4999117 ], [ 78.3341235, 17.5000293 ], [ 78.3339572, 17.5001317 ], [ 78.3336702, 17.5001803 ], [ 78.3334663, 17.5001752 ], [ 78.3333966, 17.5001086 ], [ 78.3333617, 17.5000498 ], [ 78.333402, 17.5000191 ], [ 78.3335227, 17.4999628 ], [ 78.3335978, 17.4999245 ], [ 78.3336192, 17.4998861 ], [ 78.3335924, 17.4997582 ], [ 78.3335575, 17.4996891 ], [ 78.3334717, 17.4996456 ], [ 78.3334073, 17.4996303 ], [ 78.3332759, 17.4996098 ], [ 78.3331445, 17.4996252 ], [ 78.3330452, 17.4996661 ], [ 78.3329219, 17.499707 ], [ 78.3328253, 17.4997659 ], [ 78.3325517, 17.4998503 ], [ 78.3324149, 17.4998989 ], [ 78.3323318, 17.4999245 ], [ 78.3322567, 17.499991 ], [ 78.3321601, 17.5000933 ], [ 78.3319429, 17.500367 ], [ 78.3318168, 17.5004847 ], [ 78.331739, 17.5006203 ], [ 78.3316398, 17.5008044 ], [ 78.3315808, 17.5009119 ], [ 78.3315325, 17.5009835 ], [ 78.3315217, 17.501027 ], [ 78.3315352, 17.501073 ], [ 78.3315513, 17.5011344 ], [ 78.3315566, 17.5011805 ], [ 78.3315217, 17.5012598 ], [ 78.3314466, 17.5013135 ], [ 78.3313769, 17.5013621 ], [ 78.3313045, 17.5014133 ], [ 78.3312589, 17.5014695 ], [ 78.3311918, 17.5015156 ], [ 78.3311248, 17.5015488 ], [ 78.3310899, 17.5015719 ], [ 78.3310819, 17.5016 ], [ 78.3311382, 17.5017356 ], [ 78.3311141, 17.5018558 ], [ 78.3310229, 17.5019453 ], [ 78.3307761, 17.5020297 ], [ 78.3306178, 17.5020758 ], [ 78.3305481, 17.502063 ], [ 78.3304408, 17.5019837 ], [ 78.3303952, 17.5019402 ], [ 78.3303148, 17.5019172 ], [ 78.329958, 17.5020093 ], [ 78.3298454, 17.5020118 ], [ 78.3297327, 17.5019914 ], [ 78.3295664, 17.50193 ], [ 78.329301, 17.5019275 ], [ 78.3289737, 17.5020093 ], [ 78.3289415, 17.50204 ], [ 78.3289255, 17.5021065 ], [ 78.3289737, 17.502173 ], [ 78.32903, 17.502219 ], [ 78.3291534, 17.5023009 ], [ 78.3292634, 17.5023726 ], [ 78.3293344, 17.5024122 ], [ 78.3294229, 17.5024429 ], [ 78.3295275, 17.5024352 ], [ 78.3295678, 17.5024275 ], [ 78.3296281, 17.5024365 ], [ 78.3296348, 17.5024736 ], [ 78.3296147, 17.5025247 ], [ 78.3295718, 17.5025784 ], [ 78.3294953, 17.5025976 ], [ 78.3294484, 17.502627 ], [ 78.3294551, 17.5027089 ], [ 78.3294767, 17.5028051 ], [ 78.3295423, 17.5029225 ], [ 78.3296926, 17.5030684 ], [ 78.3297944, 17.5031502 ], [ 78.3298803, 17.5032218 ], [ 78.3299714, 17.5033036 ], [ 78.3301726, 17.5034917 ], [ 78.3303416, 17.5036285 ], [ 78.3304475, 17.5036925 ], [ 78.3306085, 17.5037718 ], [ 78.3307211, 17.503782 ], [ 78.3308217, 17.503773 ], [ 78.3308995, 17.5037986 ], [ 78.3309357, 17.503837 ], [ 78.3309384, 17.5039061 ], [ 78.3309209, 17.5039355 ], [ 78.3308807, 17.5039547 ], [ 78.3307627, 17.5039329 ], [ 78.3306554, 17.5039483 ], [ 78.3306004, 17.5039815 ], [ 78.3305468, 17.5040634 ], [ 78.3305441, 17.504126 ], [ 78.3305709, 17.5042015 ], [ 78.3306554, 17.5042706 ], [ 78.3306956, 17.504355 ], [ 78.3306795, 17.5044317 ], [ 78.3306071, 17.5044906 ], [ 78.3303818, 17.5045085 ], [ 78.3302155, 17.5045034 ], [ 78.330135, 17.5044727 ], [ 78.3300304, 17.5043831 ], [ 78.3299124, 17.5043473 ], [ 78.3297729, 17.5043269 ], [ 78.3296576, 17.5043627 ], [ 78.3295423, 17.5044138 ], [ 78.3294457, 17.5045008 ], [ 78.3293599, 17.5045622 ], [ 78.3292687, 17.5046082 ] ] ] } },
{ "type": "Feature", "properties": { "cn": 65, "tags": { "leisure": "park", "name": "deepthisri community park" } }, "geometry": { "type": "Polygon", "coordinates": [ [ [ 78.3394236, 17.5003619 ], [ 78.339421, 17.4992569 ], [ 78.3402042, 17.4992415 ], [ 78.3402068, 17.5003696 ], [ 78.3394236, 17.5003619 ] ] ] } },
{ "type": "Feature", "properties": { "cn": 98, "tags": { "natural": "water" } }, "geometry": { "type": "Polygon", "coordinates": [ [ [ 78.3402564, 17.5035108 ], [ 78.3401532, 17.5033932 ], [ 78.3401048, 17.5033369 ], [ 78.3400324, 17.5032282 ], [ 78.3399975, 17.5031016 ], [ 78.3399788, 17.5029813 ], [ 78.339972, 17.5029404 ], [ 78.3399868, 17.5029046 ], [ 78.3400096, 17.5028854 ], [ 78.3400404, 17.5028777 ], [ 78.3401223, 17.5028432 ], [ 78.3402671, 17.5027741 ], [ 78.3404763, 17.5027012 ], [ 78.340703, 17.5026335 ], [ 78.3407901, 17.5025887 ], [ 78.3414406, 17.5020413 ], [ 78.3415224, 17.5019965 ], [ 78.3416189, 17.501976 ], [ 78.3417678, 17.501953 ], [ 78.3419394, 17.5019428 ], [ 78.3420534, 17.5019556 ], [ 78.3421165, 17.501976 ], [ 78.3421728, 17.50204 ], [ 78.3422144, 17.5021449 ], [ 78.3422345, 17.5022549 ], [ 78.342268, 17.5024019 ], [ 78.3422533, 17.5025567 ], [ 78.3422358, 17.5026756 ], [ 78.3422278, 17.5027792 ], [ 78.342209, 17.5028266 ], [ 78.3421822, 17.5028688 ], [ 78.3421165, 17.5028995 ], [ 78.342095, 17.5029199 ], [ 78.3420856, 17.5029455 ], [ 78.3420829, 17.502989 ], [ 78.3420628, 17.5030133 ], [ 78.3420105, 17.5030223 ], [ 78.3419542, 17.5030274 ], [ 78.3418684, 17.5030645 ], [ 78.3418094, 17.503099 ], [ 78.3417799, 17.5031374 ], [ 78.3417544, 17.5031668 ], [ 78.3417115, 17.5032077 ], [ 78.3416833, 17.5032218 ], [ 78.3416779, 17.503241 ], [ 78.341682, 17.5032883 ], [ 78.3417128, 17.5033164 ], [ 78.341749, 17.503342 ], [ 78.3418054, 17.5033932 ], [ 78.3418362, 17.5034635 ], [ 78.3418643, 17.5035198 ], [ 78.3418764, 17.5035735 ], [ 78.3418563, 17.5036298 ], [ 78.3418268, 17.5036618 ], [ 78.3417812, 17.5036797 ], [ 78.341698, 17.5036886 ], [ 78.3416162, 17.5036912 ], [ 78.3415411, 17.5037078 ], [ 78.3414754, 17.5037718 ], [ 78.3414499, 17.5038191 ], [ 78.3414379, 17.5038587 ], [ 78.3414392, 17.5039061 ], [ 78.3414553, 17.5039457 ], [ 78.3414781, 17.5039713 ], [ 78.3415546, 17.5039841 ], [ 78.3417007, 17.5039726 ], [ 78.3417732, 17.5039572 ], [ 78.3418187, 17.5039368 ], [ 78.3418684, 17.5038945 ], [ 78.341918, 17.5038536 ], [ 78.3419877, 17.5038511 ], [ 78.3420709, 17.5038945 ], [ 78.3421218, 17.5039585 ], [ 78.3421473, 17.5040097 ], [ 78.3421406, 17.504057 ], [ 78.3421165, 17.5041145 ], [ 78.3421138, 17.5041503 ], [ 78.3421285, 17.5041913 ], [ 78.3421674, 17.5042335 ], [ 78.3421983, 17.5043179 ], [ 78.3421755, 17.5043831 ], [ 78.3421406, 17.5043921 ], [ 78.3420856, 17.504387 ], [ 78.3420347, 17.5043652 ], [ 78.3419703, 17.504323 ], [ 78.341843, 17.5042655 ], [ 78.3417611, 17.5042348 ], [ 78.3416874, 17.5042322 ], [ 78.3414955, 17.5042552 ], [ 78.3413292, 17.5042974 ], [ 78.3412206, 17.5043013 ], [ 78.3411321, 17.504277 ], [ 78.3410704, 17.5042348 ], [ 78.3410315, 17.5041874 ], [ 78.3410195, 17.5041529 ], [ 78.3410034, 17.5040826 ], [ 78.3409926, 17.5040506 ], [ 78.3409591, 17.5040301 ], [ 78.3409269, 17.5040212 ], [ 78.3408639, 17.5040212 ], [ 78.340825, 17.5040212 ], [ 78.3407834, 17.5040071 ], [ 78.3407526, 17.5039598 ], [ 78.3407338, 17.5038945 ], [ 78.3407512, 17.5038498 ], [ 78.3407579, 17.5038012 ], [ 78.3407579, 17.5037551 ], [ 78.3407539, 17.5037219 ], [ 78.3407257, 17.5037091 ], [ 78.3406936, 17.5036822 ], [ 78.3406761, 17.5036387 ], [ 78.3406548, 17.5035927 ], [ 78.3406077, 17.503571 ], [ 78.3405474, 17.5035646 ], [ 78.3404884, 17.5035722 ], [ 78.3404066, 17.5035748 ], [ 78.3403113, 17.5035454 ], [ 78.3402564, 17.5035108 ] ] ] } },
{ "type": "Feature", "properties": { "cn": 82, "tags": { "designation": "slum area", "landuse": "residential", "name": "High tension line slum" } }, "geometry": { "type": "Polygon", "coordinates": [ [ [ 78.3682452, 17.5078989 ], [ 78.3679135, 17.5073393 ], [ 78.3679871, 17.5071403 ], [ 78.368056, 17.5069554 ], [ 78.3681635, 17.5067772 ], [ 78.3683051, 17.506615 ], [ 78.3686396, 17.5062997 ], [ 78.36891, 17.5061402 ], [ 78.3691332, 17.5062999 ], [ 78.3692842, 17.5073312 ], [ 78.3693391, 17.5077566 ], [ 78.3682452, 17.5078989 ] ] ] } },
{ "type": "Feature", "properties": { "cn": 82, "tags": { "landuse": "residential" } }, "geometry": { "type": "Polygon", "coordinates": [ [ [ 78.4056455, 17.499639 ], [ 78.4056537, 17.499854 ], [ 78.4056615, 17.4999948 ], [ 78.4056749, 17.500238 ], [ 78.4057045, 17.5006033 ], [ 78.405727, 17.500812 ], [ 78.4055205, 17.5008472 ], [ 78.40535, 17.5008763 ], [ 78.4051701, 17.500907 ], [ 78.4048457, 17.5009623 ], [ 78.4047928, 17.5006716 ], [ 78.4047624, 17.5005426 ], [ 78.4046874, 17.5001599 ], [ 78.4046107, 17.4998583 ], [ 78.4045687, 17.4995664 ], [ 78.404554, 17.4994926 ], [ 78.4045533, 17.4994289 ], [ 78.4045184, 17.4993491 ], [ 78.4042967, 17.4993515 ], [ 78.4041152, 17.4993535 ], [ 78.404113, 17.4993326 ], [ 78.4041108, 17.4992982 ], [ 78.4040892, 17.4993537 ], [ 78.4040332, 17.4993541 ], [ 78.4039361, 17.4993549 ], [ 78.4037492, 17.4993563 ], [ 78.4033075, 17.4993597 ], [ 78.4033077, 17.4994837 ], [ 78.403306, 17.4997514 ], [ 78.403307, 17.5000169 ], [ 78.4032923, 17.5003139 ], [ 78.4033101, 17.5005667 ], [ 78.4029022, 17.5005634 ], [ 78.4028802, 17.5004238 ], [ 78.4028791, 17.5001434 ], [ 78.4028669, 17.4999406 ], [ 78.4028768, 17.4996544 ], [ 78.4028742, 17.499292 ], [ 78.4023888, 17.4992959 ], [ 78.4019486, 17.4992975 ], [ 78.4014508, 17.4992992 ], [ 78.4014198, 17.4992993 ], [ 78.4015255, 17.4997395 ], [ 78.4014872, 17.5000502 ], [ 78.401515, 17.5001823 ], [ 78.4015447, 17.5003244 ], [ 78.4015676, 17.5005915 ], [ 78.4015427, 17.5008763 ], [ 78.4015118, 17.5012297 ], [ 78.4012852, 17.5017047 ], [ 78.4011012, 17.5020903 ], [ 78.401024, 17.5030435 ], [ 78.4010826, 17.5031501 ], [ 78.4020046, 17.5031754 ], [ 78.4022441, 17.5031571 ], [ 78.4024262, 17.5032211 ], [ 78.4024924, 17.5032551 ], [ 78.4025699, 17.5033034 ], [ 78.4026137, 17.5033181 ], [ 78.4026742, 17.5033411 ], [ 78.4028861, 17.5034678 ], [ 78.4033364, 17.5036323 ], [ 78.4035568, 17.5037237 ], [ 78.4039113, 17.5038425 ], [ 78.4041604, 17.5039704 ], [ 78.4043329, 17.5041258 ], [ 78.4045245, 17.5040892 ], [ 78.4046874, 17.5041806 ], [ 78.4051112, 17.5043263 ], [ 78.4054295, 17.5044693 ], [ 78.4056631, 17.5042836 ], [ 78.4061615, 17.5039969 ], [ 78.4066612, 17.5037511 ], [ 78.4068816, 17.5036145 ], [ 78.4069738, 17.5035635 ], [ 78.4072057, 17.5034887 ], [ 78.4074453, 17.5035984 ], [ 78.407625, 17.5036768 ], [ 78.4080031, 17.5035142 ], [ 78.4080939, 17.5030055 ], [ 78.408294, 17.5023303 ], [ 78.4085161, 17.501581 ], [ 78.4086301, 17.5013839 ], [ 78.4086703, 17.5012979 ], [ 78.409001, 17.5007224 ], [ 78.4090542, 17.5005189 ], [ 78.4090386, 17.5002672 ], [ 78.4084041, 17.499341 ], [ 78.408346, 17.4992605 ], [ 78.4075737, 17.4992848 ], [ 78.4070407, 17.4992821 ], [ 78.4056431, 17.4993541 ], [ 78.4056455, 17.499639 ] ] ] } },
{ "type": "Feature", "properties": { "cn": 92, "tags": { "barrier": "wall", "landuse": "commercial", "name": "Microsoft", "website": "https://www.microsoft.com/en-in/msidc/", "wheelchair": "yes", "wikidata": "Q6840143", "wikipedia": "en:Microsoft India" } }, "geometry": { "type": "Polygon", "coordinates": [ [ [ 78.341288, 17.4273237 ], [ 78.3411252, 17.4273266 ], [ 78.3406892, 17.4273345 ], [ 78.3402835, 17.4273417 ], [ 78.3385531, 17.4273728 ], [ 78.3389081, 17.429459 ], [ 78.3391064, 17.4306243 ], [ 78.340726, 17.4307494 ], [ 78.3417589, 17.4311025 ], [ 78.3436164, 17.4342009 ], [ 78.3454785, 17.4339298 ], [ 78.3453622, 17.4337443 ], [ 78.3435086, 17.4307894 ], [ 78.3429368, 17.4298902 ], [ 78.341288, 17.4273237 ] ] ] } },
{ "type": "Feature", "properties": { "cn": 98, "tags": { "natural": "water" } }, "geometry": { "type": "Polygon", "coordinates": [ [ [ 78.4229609, 17.4452964 ], [ 78.422867, 17.4454166 ], [ 78.4227973, 17.4454294 ], [ 78.4226881, 17.4454164 ], [ 78.4226103, 17.4453012 ], [ 78.4225666, 17.4451275 ], [ 78.4226337, 17.445061 ], [ 78.4227088, 17.4450047 ], [ 78.4228241, 17.4449816 ], [ 78.4228992, 17.4450558 ], [ 78.4229662, 17.4450738 ], [ 78.4230207, 17.4450326 ], [ 78.4230789, 17.4449484 ], [ 78.4231629, 17.4448969 ], [ 78.4233739, 17.4448767 ], [ 78.4234598, 17.4449125 ], [ 78.4234732, 17.44502 ], [ 78.4234794, 17.4452066 ], [ 78.4234338, 17.4453166 ], [ 78.4233283, 17.4453373 ], [ 78.4232648, 17.4453191 ], [ 78.4232184, 17.4453424 ], [ 78.4231548, 17.4453678 ], [ 78.4230904, 17.4453447 ], [ 78.4230333, 17.4452989 ], [ 78.4229609, 17.4452964 ] ] ] } },
{ "type": "Feature", "properties": { "cn": 65, "tags": { "leisure": "park" } }, "geometry": { "type": "Polygon", "coordinates": [ [ [ 78.3561122, 17.44252 ], [ 78.3564153, 17.4423946 ], [ 78.3563395, 17.4422316 ], [ 78.3562618, 17.4422496 ], [ 78.3562162, 17.4421191 ], [ 78.35608, 17.4421771 ], [ 78.3561471, 17.4423051 ], [ 78.3560338, 17.4423494 ], [ 78.3561122, 17.44252 ] ] ] } },
{ "type": "Feature", "properties": { "cn": 65, "tags": { "leisure": "park" } }, "geometry": { "type": "Polygon", "coordinates": [ [ [ 78.3561526, 17.442063 ], [ 78.3565092, 17.4418982 ], [ 78.3564173, 17.4416866 ], [ 78.3560586, 17.4418496 ], [ 78.3561526, 17.442063 ] ] ] } },
{ "type": "Feature", "properties": { "cn": 65, "tags": { "leisure": "park", "name": "Ayyappa Society Park" } }, "geometry": { "type": "Polygon", "coordinates": [ [ [ 78.393625, 17.4472751 ], [ 78.3936494, 17.4470294 ], [ 78.3928712, 17.4469611 ], [ 78.3928424, 17.4472091 ], [ 78.393625, 17.4472751 ] ] ] } },
{ "type": "Feature", "properties": { "cn": 65, "tags": { "leisure": "park", "name": "Srila Main Park" } }, "geometry": { "type": "Polygon", "coordinates": [ [ [ 78.3700866, 17.486815 ], [ 78.3702698, 17.4870123 ], [ 78.3704646, 17.4868523 ], [ 78.3705677, 17.4855404 ], [ 78.3701441, 17.4859018 ], [ 78.3700866, 17.486815 ] ] ] } },
{ "type": "Feature", "properties": { "cn": 65, "tags": { "leisure": "park", "name": "Srila Walkway Park" } }, "geometry": { "type": "Polygon", "coordinates": [ [ [ 78.3708106, 17.4876095 ], [ 78.3722573, 17.4891535 ], [ 78.3722805, 17.4890983 ], [ 78.3708187, 17.4875481 ], [ 78.3708106, 17.4876095 ] ] ] } },
{ "type": "Feature", "properties": { "cn": 92, "tags": { "landuse": "retail", "name": "JSP Honda" } }, "geometry": { "type": "Polygon", "coordinates": [ [ [ 78.4183926, 17.4790368 ], [ 78.418207, 17.4788682 ], [ 78.4182786, 17.4788445 ], [ 78.4182173, 17.4787177 ], [ 78.4183736, 17.4786355 ], [ 78.4183166, 17.4784265 ], [ 78.4186663, 17.4782835 ], [ 78.4187627, 17.4782376 ], [ 78.4188927, 17.4784424 ], [ 78.4185991, 17.4786486 ], [ 78.4186984, 17.4788033 ], [ 78.4183926, 17.4790368 ] ] ] } },
{ "type": "Feature", "properties": { "cn": 92, "tags": { "landuse": "industrial", "name": "IDPL" } }, "geometry": { "type": "Polygon", "coordinates": [ [ [ 78.4312774, 17.4789053 ], [ 78.4348028, 17.4778527 ], [ 78.4380735, 17.4768553 ], [ 78.4421278, 17.4756655 ], [ 78.4410292, 17.4720914 ], [ 78.4404797, 17.470304 ], [ 78.4401802, 17.4693295 ], [ 78.4319998, 17.4720002 ], [ 78.4294093, 17.4728459 ], [ 78.4302468, 17.4756161 ], [ 78.4304771, 17.4763094 ], [ 78.4305695, 17.4766092 ], [ 78.4312774, 17.4789053 ] ] ] } },
{ "type": "Feature", "properties": { "cn": 92, "tags": { "landuse": "industrial" } }, "geometry": { "type": "Polygon", "coordinates": [ [ [ 78.4281347, 17.4574209 ], [ 78.4279272, 17.4589087 ], [ 78.4279008, 17.4593869 ], [ 78.4280576, 17.4597989 ], [ 78.4297084, 17.4599495 ], [ 78.4317745, 17.4603256 ], [ 78.4324037, 17.4591284 ], [ 78.4311439, 17.4586147 ], [ 78.4281347, 17.4574209 ] ] ] } },
{ "type": "Feature", "properties": { "cn": 98, "tags": { "natural": "water" } }, "geometry": { "type": "Polygon", "coordinates": [ [ [ 78.4231497, 17.4224224 ], [ 78.4231465, 17.4223532 ], [ 78.4233401, 17.4221766 ], [ 78.4234406, 17.422116 ], [ 78.4235137, 17.4220484 ], [ 78.4235486, 17.4220535 ], [ 78.4235837, 17.4220664 ], [ 78.423615, 17.4220954 ], [ 78.4236197, 17.4221359 ], [ 78.4236053, 17.4221694 ], [ 78.4232929, 17.422403 ], [ 78.4231836, 17.4224752 ], [ 78.4231641, 17.4224709 ], [ 78.4231497, 17.4224224 ] ] ] } },
{ "type": "Feature", "properties": { "cn": 92, "tags": { "landuse": "construction", "wetland": "marsh" } }, "geometry": { "type": "Polygon", "coordinates": [ [ [ 78.4212112, 17.4761981 ], [ 78.4199193, 17.4765627 ], [ 78.4199921, 17.4752628 ], [ 78.4204619, 17.474899 ], [ 78.4212822, 17.4749442 ], [ 78.4212112, 17.4761981 ] ] ] } },
{ "type": "Feature", "properties": { "cn": 98, "tags": { "natural": "wetland", "wetland": "marsh" } }, "geometry": { "type": "Polygon", "coordinates": [ [ [ 78.4196178, 17.4760834 ], [ 78.4195871, 17.4764431 ], [ 78.4192292, 17.4765965 ], [ 78.4189555, 17.4765965 ], [ 78.4190194, 17.4768995 ], [ 78.4189563, 17.4769707 ], [ 78.4185505, 17.4770657 ], [ 78.418137, 17.4772884 ], [ 78.4179182, 17.4768729 ], [ 78.4174703, 17.4770028 ], [ 78.4168348, 17.477187 ], [ 78.4166702, 17.4771614 ], [ 78.4166549, 17.4762412 ], [ 78.4173554, 17.4758396 ], [ 78.4178148, 17.476223 ], [ 78.4181096, 17.4765845 ], [ 78.4181638, 17.4765888 ], [ 78.4182435, 17.4765952 ], [ 78.4187948, 17.4766392 ], [ 78.4188714, 17.4763836 ], [ 78.4190437, 17.4760513 ], [ 78.4192996, 17.4759554 ], [ 78.4196178, 17.4760834 ] ] ] } },
{ "type": "Feature", "properties": { "cn": 92, "tags": { "barrier": "wall", "landuse": "commercial", "name": "Wipro Campus", "office": "it" } }, "geometry": { "type": "Polygon", "coordinates": [ [ [ 78.3408557, 17.4260734 ], [ 78.3408755, 17.4259903 ], [ 78.341543, 17.425866 ], [ 78.3424009, 17.4255125 ], [ 78.3431835, 17.4250504 ], [ 78.3436341, 17.4247126 ], [ 78.3446534, 17.4241393 ], [ 78.3447183, 17.4241204 ], [ 78.3450611, 17.4256031 ], [ 78.345139, 17.4262319 ], [ 78.3452333, 17.4262803 ], [ 78.3454518, 17.4266575 ], [ 78.3456297, 17.4269646 ], [ 78.3456225, 17.4269673 ], [ 78.34229, 17.4282323 ], [ 78.3408557, 17.4260734 ] ] ] } },
{ "type": "Feature", "properties": { "cn": 82, "tags": { "amenity": "school", "landuse": "school", "name": "Maharishi Vidya Mandir School", "name:te": "మహర్షి విద్యా మందిర్", "wikidata": "Q6733419", "wikimedia_commons": "Category:Maharishi Vidya Mandir" } }, "geometry": { "type": "Polygon", "coordinates": [ [ [ 78.3704275, 17.4703441 ], [ 78.3706954, 17.4695321 ], [ 78.3709734, 17.4689788 ], [ 78.3707004, 17.4687709 ], [ 78.3704245, 17.4685496 ], [ 78.3700659, 17.4687671 ], [ 78.3702211, 17.4689854 ], [ 78.3691981, 17.4696145 ], [ 78.3690888, 17.4696805 ], [ 78.3696366, 17.4704639 ], [ 78.3698125, 17.4706745 ], [ 78.3698494, 17.4707024 ], [ 78.3699764, 17.4705833 ], [ 78.3704275, 17.4703441 ] ] ] } },
{ "type": "Feature", "properties": { "cn": 65, "tags": { "leisure": "playground", "name": "GPRA Park" } }, "geometry": { "type": "Polygon", "coordinates": [ [ [ 78.3563538, 17.4385544 ], [ 78.3565808, 17.4387457 ], [ 78.3571495, 17.4382074 ], [ 78.3569092, 17.438016 ], [ 78.3563538, 17.4385544 ] ] ] } },
{ "type": "Feature", "properties": { "cn": 92, "tags": { "leisure": "sports_centre", "name": "Pulela Gopichand Badminton Academy", "name:etymology:wikidata": "Q2096549" } }, "geometry": { "type": "Polygon", "coordinates": [ [ [ 78.3482795, 17.4382698 ], [ 78.3487272, 17.4392934 ], [ 78.3499093, 17.4389159 ], [ 78.3494532, 17.43792 ], [ 78.3491266, 17.438013 ], [ 78.3486495, 17.438155 ], [ 78.3482795, 17.4382698 ] ] ] } },
{ "type": "Feature", "properties": { "cn": 65, "tags": { "leisure": "playground" } }, "geometry": { "type": "Polygon", "coordinates": [ [ [ 78.3572043, 17.4412206 ], [ 78.3573711, 17.4415403 ], [ 78.357661, 17.4414035 ], [ 78.3575036, 17.4410793 ], [ 78.3572043, 17.4412206 ] ] ] } },
{ "type": "Feature", "properties": { "cn": 82, "tags": { "landuse": "residential", "name": "Pearl Village" } }, "geometry": { "type": "Polygon", "coordinates": [ [ [ 78.3449811, 17.4599862 ], [ 78.3453539, 17.4613319 ], [ 78.3455733, 17.4613027 ], [ 78.3460541, 17.4612146 ], [ 78.3465589, 17.4611169 ], [ 78.3471721, 17.4609438 ], [ 78.346579, 17.4593102 ], [ 78.3465153, 17.4591343 ], [ 78.3463538, 17.4586877 ], [ 78.3462358, 17.4587593 ], [ 78.3459601, 17.4590289 ], [ 78.3455516, 17.4594283 ], [ 78.3451716, 17.4598 ], [ 78.3449811, 17.4599862 ] ] ] } },
{ "type": "Feature", "properties": { "cn": 82, "tags": { "landuse": "residential", "name": "Aparna Heights" } }, "geometry": { "type": "Polygon", "coordinates": [ [ [ 78.3487791, 17.4631281 ], [ 78.3494765, 17.4628569 ], [ 78.3497031, 17.4635362 ], [ 78.3499725, 17.4634648 ], [ 78.3500875, 17.4634313 ], [ 78.3501577, 17.4639418 ], [ 78.3491546, 17.4641464 ], [ 78.3487791, 17.4631281 ] ] ] } },
{ "type": "Feature", "properties": { "cn": 82, "tags": { "addr:district": "Hyderabad", "addr:full": "1-55/3, Near Chirec International School, Kondapur", "addr:postcode": "500084", "addr:state": "Telangana", "addr:street": "Sri Ram Nagar", "addr:subdistrict": "Serilingampally", "amenity": "hospital", "emergency": "yes", "healthcare": "hospital", "landuse": "hospital Grounds", "name": "Government Area Hospital, Kondapur", "source": "OpenGovernmentData" } }, "geometry": { "type": "Polygon", "coordinates": [ [ [ 78.3524786, 17.4636422 ], [ 78.3530355, 17.4635854 ], [ 78.3536231, 17.4635118 ], [ 78.3535372, 17.4626319 ], [ 78.3524066, 17.4627567 ], [ 78.3524786, 17.4636422 ] ] ] } },
{ "type": "Feature", "properties": { "cn": 98, "tags": { "leisure": "swimming_pool", "sport": "swimming" } }, "geometry": { "type": "Polygon", "coordinates": [ [ [ 78.3463671, 17.4486663 ], [ 78.3463234, 17.4486654 ], [ 78.3463266, 17.4485321 ], [ 78.3465608, 17.4485372 ], [ 78.3465576, 17.4486705 ], [ 78.3465147, 17.4486695 ], [ 78.3465107, 17.4486881 ], [ 78.3464975, 17.4487095 ], [ 78.3464768, 17.4487255 ], [ 78.346457, 17.4487325 ], [ 78.3464296, 17.4487333 ], [ 78.3463955, 17.4487192 ], [ 78.3463774, 17.4486996 ], [ 78.3463671, 17.4486663 ] ] ] } },
{ "type": "Feature", "properties": { "cn": 98, "tags": { "natural": "water", "water": "pond" } }, "geometry": { "type": "Polygon", "coordinates": [ [ [ 78.3634669, 17.4619895 ], [ 78.3634186, 17.4619229 ], [ 78.3634266, 17.4618104 ], [ 78.3634722, 17.4617182 ], [ 78.3634937, 17.4615443 ], [ 78.3634105, 17.4612014 ], [ 78.3634427, 17.4610172 ], [ 78.3635071, 17.4608125 ], [ 78.3636251, 17.4606487 ], [ 78.363719, 17.4605899 ], [ 78.3642635, 17.4604684 ], [ 78.3644968, 17.4604185 ], [ 78.3646283, 17.4604492 ], [ 78.3646926, 17.4605349 ], [ 78.3646873, 17.4607102 ], [ 78.3646229, 17.460943 ], [ 78.3645797, 17.4611427 ], [ 78.3645726, 17.4612975 ], [ 78.3645869, 17.4615524 ], [ 78.364625, 17.4618437 ], [ 78.3646656, 17.4620098 ], [ 78.3647133, 17.4621578 ], [ 78.3647262, 17.462244 ], [ 78.3647127, 17.4622978 ], [ 78.3646886, 17.4623451 ], [ 78.3646122, 17.4623899 ], [ 78.3645143, 17.4624219 ], [ 78.3644029, 17.4624244 ], [ 78.3642152, 17.462372 ], [ 78.3639497, 17.462276 ], [ 78.3637109, 17.4621519 ], [ 78.3634669, 17.4619895 ] ] ] } },
{ "type": "Feature", "properties": { "cn": 98, "tags": { "name": "rajanna kunta", "natural": "water" } }, "geometry": { "type": "Polygon", "coordinates": [ [ [ 78.3648842, 17.4660161 ], [ 78.3649677, 17.4659939 ], [ 78.3650211, 17.4659563 ], [ 78.365042, 17.4659209 ], [ 78.3650536, 17.4657636 ], [ 78.3650676, 17.4656861 ], [ 78.3650606, 17.4656463 ], [ 78.365049, 17.4656175 ], [ 78.3650676, 17.4655776 ], [ 78.3650594, 17.4655583 ], [ 78.3650507, 17.4655422 ], [ 78.3650519, 17.4654863 ], [ 78.3650705, 17.4654586 ], [ 78.3650722, 17.4654359 ], [ 78.3650739, 17.4654149 ], [ 78.3650879, 17.4654066 ], [ 78.3651134, 17.4654088 ], [ 78.3651291, 17.4654243 ], [ 78.3651459, 17.4654464 ], [ 78.3652144, 17.4655012 ], [ 78.3654111, 17.4658832 ], [ 78.3654111, 17.4659286 ], [ 78.3654111, 17.4659452 ], [ 78.3654227, 17.4659585 ], [ 78.3654274, 17.4659851 ], [ 78.3654123, 17.4660116 ], [ 78.365374, 17.466026 ], [ 78.3653566, 17.4660205 ], [ 78.3653519, 17.4660316 ], [ 78.3653368, 17.4660449 ], [ 78.3651117, 17.4661024 ], [ 78.3650652, 17.4661146 ], [ 78.3650269, 17.4661201 ], [ 78.3649898, 17.4661279 ], [ 78.3649677, 17.4661268 ], [ 78.3649666, 17.4661124 ], [ 78.3649585, 17.4661035 ], [ 78.3649445, 17.4661002 ], [ 78.3649306, 17.4660902 ], [ 78.3649155, 17.4660891 ], [ 78.3649039, 17.4660648 ], [ 78.3648958, 17.4660526 ], [ 78.3648853, 17.4660437 ], [ 78.3648737, 17.4660371 ], [ 78.3648746, 17.4660271 ], [ 78.3648725, 17.4660209 ], [ 78.3648725, 17.4660158 ], [ 78.3648842, 17.4660161 ] ] ] } },
{ "type": "Feature", "properties": { "cn": 65, "tags": { "designation": "Felicity Ground", "landuse": "recreation_ground", "name": "Felicity Ground" } }, "geometry": { "type": "Polygon", "coordinates": [ [ [ 78.3460784, 17.4461392 ], [ 78.3465371, 17.4466589 ], [ 78.3470236, 17.4462813 ], [ 78.3465465, 17.445745 ], [ 78.3463321, 17.4459255 ], [ 78.3461622, 17.4460686 ], [ 78.3460784, 17.4461392 ] ] ] } },
{ "type": "Feature", "properties": { "cn": 65, "tags": { "leisure": "park", "name": "NTR Park", "name:etymology:wikidata": "Q2646553" } }, "geometry": { "type": "Polygon", "coordinates": [ [ [ 78.3950971, 17.5182161 ], [ 78.395109, 17.5173415 ], [ 78.3957233, 17.5173491 ], [ 78.3957114, 17.5182237 ], [ 78.3950971, 17.5182161 ] ] ] } },
{ "type": "Feature", "properties": { "cn": 65, "tags": { "leisure": "pitch", "sport": "tennis" } }, "geometry": { "type": "Polygon", "coordinates": [ [ [ 78.3967717, 17.516034 ], [ 78.396769, 17.5157727 ], [ 78.3969496, 17.515771 ], [ 78.3969523, 17.5160323 ], [ 78.3967717, 17.516034 ] ] ] } },
{ "type": "Feature", "properties": { "cn": 65, "tags": { "leisure": "pitch", "sport": "tennis" } }, "geometry": { "type": "Polygon", "coordinates": [ [ [ 78.396973, 17.5160391 ], [ 78.3973097, 17.5160389 ], [ 78.3973095, 17.5157828 ], [ 78.3969728, 17.515783 ], [ 78.396973, 17.5160391 ] ] ] } },
{ "type": "Feature", "properties": { "cn": 92, "tags": { "leisure": "sports_centre", "name": "Pragathi Nagar Tennis Academy" } }, "geometry": { "type": "Polygon", "coordinates": [ [ [ 78.3967587, 17.5160575 ], [ 78.3978088, 17.5160524 ], [ 78.3978072, 17.5157467 ], [ 78.3967571, 17.5157518 ], [ 78.3967587, 17.5160575 ] ] ] } },
{ "type": "Feature", "properties": { "cn": 65, "tags": { "leisure": "park" } }, "geometry": { "type": "Polygon", "coordinates": [ [ [ 78.3508595, 17.4635391 ], [ 78.3515358, 17.4634279 ], [ 78.351495, 17.4631193 ], [ 78.3508129, 17.4632527 ], [ 78.3508595, 17.4635391 ] ] ] } },
{ "type": "Feature", "properties": { "cn": 98, "tags": { "name": "Kudikunta Lake", "natural": "water", "water": "pond" } }, "geometry": { "type": "Polygon", "coordinates": [ [ [ 78.3450669, 17.4663723 ], [ 78.3450186, 17.4662648 ], [ 78.3450347, 17.4661778 ], [ 78.345142, 17.4661523 ], [ 78.3452547, 17.4661625 ], [ 78.3453244, 17.4661625 ], [ 78.34548, 17.4661164 ], [ 78.3456624, 17.4660295 ], [ 78.3458877, 17.4659271 ], [ 78.34602, 17.4659027 ], [ 78.3461076, 17.4659578 ], [ 78.3461934, 17.4660602 ], [ 78.3465797, 17.4666179 ], [ 78.3470356, 17.4672883 ], [ 78.3470303, 17.467365 ], [ 78.3469981, 17.4674418 ], [ 78.3469981, 17.4674929 ], [ 78.3469874, 17.4675441 ], [ 78.3469015, 17.4676055 ], [ 78.3468157, 17.4676618 ], [ 78.346703, 17.4677232 ], [ 78.3466172, 17.4677744 ], [ 78.3465241, 17.4678125 ], [ 78.3464992, 17.4678716 ], [ 78.3465368, 17.4680098 ], [ 78.3465743, 17.468107 ], [ 78.3466226, 17.4682093 ], [ 78.3466105, 17.4683163 ], [ 78.3465475, 17.4683475 ], [ 78.3464509, 17.4683782 ], [ 78.3463007, 17.4683935 ], [ 78.3462095, 17.4683935 ], [ 78.3461448, 17.4683529 ], [ 78.3461183, 17.4682861 ], [ 78.3460808, 17.4680149 ], [ 78.3460432, 17.4677846 ], [ 78.3459949, 17.4676771 ], [ 78.3459467, 17.4675953 ], [ 78.3455159, 17.4670064 ], [ 78.3452922, 17.4667151 ], [ 78.3450669, 17.4663723 ] ] ] } },
{ "type": "Feature", "properties": { "cn": 92, "tags": { "landuse": "railway", "name": "Miyapur Metro Rail Depot", "railway": "depot" } }, "geometry": { "type": "Polygon", "coordinates": [ [ [ 78.3744177, 17.5007855 ], [ 78.3743398, 17.5014972 ], [ 78.3742245, 17.5018797 ], [ 78.373824, 17.5024917 ], [ 78.3734543, 17.502901 ], [ 78.3730346, 17.5031974 ], [ 78.3724592, 17.5034795 ], [ 78.3690563, 17.5043585 ], [ 78.3685703, 17.5027635 ], [ 78.3684937, 17.5024838 ], [ 78.3719412, 17.5015827 ], [ 78.3724613, 17.5015356 ], [ 78.3729767, 17.5013774 ], [ 78.3733051, 17.5012346 ], [ 78.3735702, 17.5010104 ], [ 78.3738053, 17.5006587 ], [ 78.3739202, 17.5001415 ], [ 78.3737031, 17.4982872 ], [ 78.3736679, 17.4980731 ], [ 78.3735866, 17.4977279 ], [ 78.3733442, 17.4973639 ], [ 78.3725759, 17.4970745 ], [ 78.3714794, 17.4971412 ], [ 78.371029, 17.4970962 ], [ 78.3710558, 17.4969583 ], [ 78.3728707, 17.4969008 ], [ 78.373333, 17.4970208 ], [ 78.3739041, 17.4969858 ], [ 78.3744177, 17.5007855 ] ] ] } },
{ "type": "Feature", "properties": { "cn": 65, "tags": { "landuse": "meadow" } }, "geometry": { "type": "Polygon", "coordinates": [ [ [ 78.3809669, 17.4519247 ], [ 78.3811145, 17.4517701 ], [ 78.3812513, 17.4519041 ], [ 78.3811481, 17.4518938 ], [ 78.3810725, 17.451895 ], [ 78.3809669, 17.4519247 ] ] ] } },
{ "type": "Feature", "properties": { "cn": 65, "tags": { "landuse": "meadow" } }, "geometry": { "type": "Polygon", "coordinates": [ [ [ 78.3807328, 17.4517117 ], [ 78.3808756, 17.4515812 ], [ 78.380726, 17.4514745 ], [ 78.3807404, 17.4515501 ], [ 78.3807436, 17.4516224 ], [ 78.3807328, 17.4517117 ] ] ] } },
{ "type": "Feature", "properties": { "cn": 65, "tags": { "landuse": "meadow" } }, "geometry": { "type": "Polygon", "coordinates": [ [ [ 78.3789414, 17.4539872 ], [ 78.3789822, 17.4539821 ], [ 78.3790099, 17.4539914 ], [ 78.3790303, 17.4540113 ], [ 78.3790503, 17.4540453 ], [ 78.3796188, 17.4531608 ], [ 78.3789414, 17.4539872 ] ] ] } },
{ "type": "Feature", "properties": { "cn": 65, "tags": { "leisure": "park", "name": "Dharmareddy Colony Park" } }, "geometry": { "type": "Polygon", "coordinates": [ [ [ 78.3940905, 17.4922871 ], [ 78.3938025, 17.4916595 ], [ 78.3939849, 17.4915674 ], [ 78.3942841, 17.4921971 ], [ 78.3940905, 17.4922871 ] ] ] } },
{ "type": "Feature", "properties": { "cn": 82, "tags": { "landuse": "residential", "name": "Manjeera Trinity Residential" } }, "geometry": { "type": "Polygon", "coordinates": [ [ [ 78.3937989, 17.4901944 ], [ 78.3934109, 17.4893315 ], [ 78.3937889, 17.489198 ], [ 78.3941663, 17.4900416 ], [ 78.3937989, 17.4901944 ] ] ] } },
{ "type": "Feature", "properties": { "cn": 92, "tags": { "landuse": "commercial", "name": "Manjeera Trinity Corporate" } }, "geometry": { "type": "Polygon", "coordinates": [ [ [ 78.392447, 17.4896985 ], [ 78.3921505, 17.48899 ], [ 78.3931143, 17.488623 ], [ 78.3934109, 17.4893315 ], [ 78.392447, 17.4896985 ] ] ] } },
{ "type": "Feature", "properties": { "cn": 92, "tags": { "landuse": "retail", "name": "Manjeera Trinity Commercial" } }, "geometry": { "type": "Polygon", "coordinates": [ [ [ 78.3928527, 17.4905777 ], [ 78.392447, 17.4896985 ], [ 78.3934109, 17.4893315 ], [ 78.3937989, 17.4901944 ], [ 78.3928527, 17.4905777 ] ] ] } },
{ "type": "Feature", "properties": { "cn": 82, "tags": { "landuse": "residential", "name": "sri rama colony" } }, "geometry": { "type": "Polygon", "coordinates": [ [ [ 78.3942938, 17.4408283 ], [ 78.394839, 17.4406375 ], [ 78.3948838, 17.4405944 ], [ 78.39499, 17.4405599 ], [ 78.3953104, 17.4413058 ], [ 78.3951528, 17.441373 ], [ 78.395124, 17.4413116 ], [ 78.394903, 17.4413807 ], [ 78.3945647, 17.4414833 ], [ 78.3944554, 17.4412193 ], [ 78.3942938, 17.4408283 ] ] ] } },
{ "type": "Feature", "properties": { "cn": 82, "tags": { "landuse": "residential" } }, "geometry": { "type": "Polygon", "coordinates": [ [ [ 78.4176981, 17.494459 ], [ 78.4202038, 17.4938115 ], [ 78.4201097, 17.4934729 ], [ 78.4199519, 17.4931892 ], [ 78.4193955, 17.4924502 ], [ 78.4191605, 17.4921953 ], [ 78.418909, 17.4923928 ], [ 78.4184577, 17.4928051 ], [ 78.4181692, 17.4928166 ], [ 78.4182035, 17.493053 ], [ 78.4180554, 17.4930475 ], [ 78.4180199, 17.4928601 ], [ 78.4177783, 17.4929184 ], [ 78.4176273, 17.4929728 ], [ 78.4176439, 17.4930645 ], [ 78.4177029, 17.4933278 ], [ 78.417706, 17.4933847 ], [ 78.4174594, 17.4934262 ], [ 78.4175375, 17.4937937 ], [ 78.4174463, 17.4938119 ], [ 78.4176153, 17.4941278 ], [ 78.4176582, 17.4941892 ], [ 78.4176981, 17.494459 ] ] ] } },
{ "type": "Feature", "properties": { "cn": 82, "tags": { "addr:district": "Hyderabad", "addr:full": "1- 6, Opposite Vivekananda Nagar Colony, Kukatpally", "addr:postcode": "500072", "addr:state": "Telangana", "amenity": "hospital", "healthcare": "hospital", "landuse": "Hospital Grounds", "name": "Ramdev Rao Hospital", "source": "OpenGovernmentData", "website": "http://www.sivanandarehab.org/ramdev.html" } }, "geometry": { "type": "Polygon", "coordinates": [ [ [ 78.4070839, 17.4907949 ], [ 78.4072572, 17.4905626 ], [ 78.4074958, 17.4902983 ], [ 78.4071671, 17.4899688 ], [ 78.4068929, 17.4895615 ], [ 78.4067965, 17.4894234 ], [ 78.4066679, 17.4893332 ], [ 78.406173, 17.4896896 ], [ 78.4063071, 17.489913 ], [ 78.4063964, 17.4901023 ], [ 78.4064649, 17.4902813 ], [ 78.4065485, 17.4904643 ], [ 78.4065998, 17.4906757 ], [ 78.4066058, 17.4910021 ], [ 78.4066065, 17.4911831 ], [ 78.4066502, 17.4911604 ], [ 78.4068468, 17.4910369 ], [ 78.4070839, 17.4907949 ] ] ] } },
{ "type": "Feature", "properties": { "cn": 65, "tags": { "leisure": "pitch", "lit": "yes", "name": "Football Ground", "sport": "soccer", "surface": "dirt" } }, "geometry": { "type": "Polygon", "coordinates": [ [ [ 78.3478522, 17.4468628 ], [ 78.3487359, 17.4461725 ], [ 78.3491144, 17.446623 ], [ 78.3482393, 17.4472791 ], [ 78.3478522, 17.4468628 ] ] ] } },
{ "type": "Feature", "properties": { "cn": 82, "tags": { "addr:housename": "Indira Nagar", "landuse": "residential", "name": "Lake View Residency" } }, "geometry": { "type": "Polygon", "coordinates": [ [ [ 78.3573317, 17.4448472 ], [ 78.357423, 17.4448368 ], [ 78.3574981, 17.444801 ], [ 78.3575544, 17.4446578 ], [ 78.3576248, 17.4444094 ], [ 78.3577233, 17.4440804 ], [ 78.3577599, 17.4440445 ], [ 78.357859, 17.4438925 ], [ 78.3580723, 17.4435192 ], [ 78.3577824, 17.4433487 ], [ 78.3576538, 17.4431617 ], [ 78.3569171, 17.4434902 ], [ 78.3570909, 17.4439966 ], [ 78.3573051, 17.4447532 ], [ 78.3573317, 17.4448472 ] ] ] } },
{ "type": "Feature", "properties": { "cn": 65, "tags": { "leisure": "pitch", "sport": "tennis" } }, "geometry": { "type": "Polygon", "coordinates": [ [ [ 78.4160246, 17.429042 ], [ 78.4163331, 17.4290497 ], [ 78.4163382, 17.4287589 ], [ 78.4160273, 17.4287528 ], [ 78.4160246, 17.429042 ] ] ] } },
{ "type": "Feature", "properties": { "cn": 65, "tags": { "leisure": "pitch", "sport": "tennis" } }, "geometry": { "type": "Polygon", "coordinates": [ [ [ 78.415971, 17.4283997 ], [ 78.416306, 17.4284007 ], [ 78.4163063, 17.4287119 ], [ 78.4159674, 17.4287044 ], [ 78.415971, 17.4283997 ] ] ] } },
{ "type": "Feature", "properties": { "cn": 98, "tags": { "leisure": "swimming_pool", "sport": "swimming" } }, "geometry": { "type": "Polygon", "coordinates": [ [ [ 78.4155499, 17.4292039 ], [ 78.4156959, 17.4292271 ], [ 78.4157732, 17.4287846 ], [ 78.4156272, 17.4287614 ], [ 78.4155499, 17.4292039 ] ] ] } },
{ "type": "Feature", "properties": { "cn": 65, "tags": { "landuse": "grass", "leisure": "recreation_ground" } }, "geometry": { "type": "Polygon", "coordinates": [ [ [ 78.415043, 17.4288859 ], [ 78.415338, 17.4291648 ], [ 78.4154504, 17.4288076 ], [ 78.4153139, 17.4286581 ], [ 78.415043, 17.4288859 ] ] ] } },
{ "type": "Feature", "properties": { "cn": 65, "tags": { "leisure": "pitch", "sport": "tennis" } }, "geometry": { "type": "Polygon", "coordinates": [ [ [ 78.4140087, 17.4296781 ], [ 78.4141653, 17.4296824 ], [ 78.4141752, 17.4293537 ], [ 78.4140186, 17.4293493 ], [ 78.4140087, 17.4296781 ] ] ] } },
{ "type": "Feature", "properties": { "cn": 65, "tags": { "leisure": "park" } }, "geometry": { "type": "Polygon", "coordinates": [ [ [ 78.4160273, 17.4268693 ], [ 78.4159066, 17.4267362 ], [ 78.4160807, 17.4267424 ], [ 78.4160273, 17.4268693 ] ] ] } },
{ "type": "Feature", "properties": { "cn": 65, "tags": { "leisure": "pitch", "sport": "tennis" } }, "geometry": { "type": "Polygon", "coordinates": [ [ [ 78.4141988, 17.4295148 ], [ 78.4143728, 17.4295158 ], [ 78.4143749, 17.4291965 ], [ 78.4142008, 17.4291955 ], [ 78.4141988, 17.4295148 ] ] ] } },
{ "type": "Feature", "properties": { "cn": 92, "tags": { "alt_name": "Jubilee Hills Club", "building": "yes", "club": "yes", "landuse": "club", "name": "Jubilee Hills International Centre" } }, "geometry": { "type": "Polygon", "coordinates": [ [ [ 78.4141951, 17.4303075 ], [ 78.4141338, 17.4301602 ], [ 78.4140637, 17.4299978 ], [ 78.4139783, 17.4298363 ], [ 78.4138284, 17.4295305 ], [ 78.4137969, 17.4295288 ], [ 78.4152554, 17.4282132 ], [ 78.4158753, 17.4288168 ], [ 78.4157778, 17.4293315 ], [ 78.4156889, 17.4293712 ], [ 78.4156527, 17.429531 ], [ 78.4157558, 17.4296511 ], [ 78.4156592, 17.4298242 ], [ 78.4154794, 17.4298941 ], [ 78.4155588, 17.4300453 ], [ 78.4153931, 17.4301661 ], [ 78.4152736, 17.4302113 ], [ 78.4148978, 17.4303658 ], [ 78.414465, 17.4303371 ], [ 78.4142938, 17.4303236 ], [ 78.4141951, 17.4303075 ] ] ] } },
{ "type": "Feature", "properties": { "cn": 82, "tags": { "landuse": "residential", "name": "Kendriya Vihar Phase 2" } }, "geometry": { "type": "Polygon", "coordinates": [ [ [ 78.3591553, 17.4441257 ], [ 78.3593792, 17.4438186 ], [ 78.3595804, 17.4434591 ], [ 78.3596234, 17.4433337 ], [ 78.3597655, 17.4430855 ], [ 78.3598929, 17.442969 ], [ 78.3599117, 17.4428744 ], [ 78.3598782, 17.4428015 ], [ 78.3597628, 17.4427119 ], [ 78.3596873, 17.4427712 ], [ 78.3595939, 17.4426914 ], [ 78.3593846, 17.4425226 ], [ 78.3593122, 17.4425968 ], [ 78.3592666, 17.442694 ], [ 78.3590774, 17.4429383 ], [ 78.3592251, 17.4431021 ], [ 78.3589944, 17.4433695 ], [ 78.3591379, 17.4435077 ], [ 78.3588665, 17.443941 ], [ 78.3591553, 17.4441257 ] ] ] } },
{ "type": "Feature", "properties": { "cn": 65, "tags": { "leisure": "park", "name": "Siddartha Nagar Park" } }, "geometry": { "type": "Polygon", "coordinates": [ [ [ 78.4351088, 17.4417236 ], [ 78.4356399, 17.4416827 ], [ 78.435546, 17.4409227 ], [ 78.4350257, 17.4408408 ], [ 78.4351088, 17.4417236 ] ] ] } },
{ "type": "Feature", "properties": { "cn": 82, "tags": { "landuse": "residential", "name": "Fortune Heights" } }, "geometry": { "type": "Polygon", "coordinates": [ [ [ 78.3468266, 17.4951621 ], [ 78.3464444, 17.4952549 ], [ 78.3466175, 17.4963724 ], [ 78.3470429, 17.4962933 ], [ 78.3468266, 17.4951621 ] ] ] } },
{ "type": "Feature", "properties": { "cn": 65, "tags": { "leisure": "pitch", "name": "Microsoft Basketball", "sport": "basketball" } }, "geometry": { "type": "Polygon", "coordinates": [ [ [ 78.3430469, 17.4329305 ], [ 78.3432552, 17.4328181 ], [ 78.3431871, 17.4327032 ], [ 78.3429788, 17.4328156 ], [ 78.3430469, 17.4329305 ] ] ] } },
{ "type": "Feature", "properties": { "cn": 65, "tags": { "leisure": "pitch", "name": "Microsoft Tennis", "sport": "tennis" } }, "geometry": { "type": "Polygon", "coordinates": [ [ [ 78.3429922, 17.4325484 ], [ 78.3428107, 17.4322377 ], [ 78.3426568, 17.4323195 ], [ 78.3428384, 17.4326302 ], [ 78.3429922, 17.4325484 ] ] ] } },
{ "type": "Feature", "properties": { "cn": 65, "tags": { "leisure": "pitch", "name": "Beach Volleyball", "sport": "beachvolleyball", "surface": "sand" } }, "geometry": { "type": "Polygon", "coordinates": [ [ [ 78.3431523, 17.4330973 ], [ 78.3430784, 17.4329707 ], [ 78.3432862, 17.4328603 ], [ 78.3433601, 17.432987 ], [ 78.3431523, 17.4330973 ] ] ] } },
{ "type": "Feature", "properties": { "cn": 98, "tags": { "name": "Microsoft Lake", "natural": "water", "water": "lake" } }, "geometry": { "type": "Polygon", "coordinates": [ [ [ 78.340021, 17.4305515 ], [ 78.3398998, 17.4305495 ], [ 78.3396963, 17.4306476 ], [ 78.3391929, 17.4306064 ], [ 78.3391518, 17.4305888 ], [ 78.3391333, 17.4305574 ], [ 78.3391169, 17.4305103 ], [ 78.3390779, 17.4301398 ], [ 78.3398895, 17.4297124 ], [ 78.3399285, 17.4297869 ], [ 78.3399902, 17.4298026 ], [ 78.3400189, 17.4298242 ], [ 78.3400457, 17.4298614 ], [ 78.3400683, 17.4299026 ], [ 78.3401915, 17.4301555 ], [ 78.3401977, 17.4302045 ], [ 78.3401957, 17.4302496 ], [ 78.3401813, 17.4303006 ], [ 78.340171, 17.4303319 ], [ 78.3400683, 17.4305182 ], [ 78.3400457, 17.4305378 ], [ 78.340021, 17.4305515 ] ] ] } },
{ "type": "Feature", "properties": { "cn": 65, "tags": { "leisure": "park", "name": "Microsoft Park" } }, "geometry": { "type": "Polygon", "coordinates": [ [ [ 78.3435086, 17.4307894 ], [ 78.3429368, 17.4298902 ], [ 78.3425814, 17.4299315 ], [ 78.3423525, 17.4300561 ], [ 78.3422672, 17.4301026 ], [ 78.3421542, 17.4299204 ], [ 78.3420728, 17.4299509 ], [ 78.3419014, 17.4299426 ], [ 78.341634, 17.4298733 ], [ 78.3410479, 17.4301899 ], [ 78.341029, 17.4304579 ], [ 78.3410613, 17.4306694 ], [ 78.3411437, 17.4307555 ], [ 78.3418437, 17.430987 ], [ 78.3420848, 17.4310131 ], [ 78.343388, 17.4308084 ], [ 78.3435086, 17.4307894 ] ] ] } },
{ "type": "Feature", "properties": { "cn": 65, "tags": { "leisure": "pitch" } }, "geometry": { "type": "Polygon", "coordinates": [ [ [ 78.3415048, 17.4283317 ], [ 78.341623, 17.4282733 ], [ 78.3415224, 17.4280881 ], [ 78.3414043, 17.4281466 ], [ 78.3415048, 17.4283317 ] ] ] } },
{ "type": "Feature", "properties": { "cn": 65, "tags": { "leisure": "pitch", "sport": "cricket" } }, "geometry": { "type": "Polygon", "coordinates": [ [ [ 78.3414156, 17.4284626 ], [ 78.3410179, 17.4286771 ], [ 78.3406294, 17.4280215 ], [ 78.3409951, 17.4278219 ], [ 78.3410579, 17.4278393 ], [ 78.3414156, 17.4284626 ] ] ] } },
{ "type": "Feature", "properties": { "cn": 98, "tags": { "name": "Artifical Pond", "natural": "water", "water": "pond" } }, "geometry": { "type": "Polygon", "coordinates": [ [ [ 78.3310508, 17.4749839 ], [ 78.331433, 17.474669 ], [ 78.3317963, 17.4744339 ], [ 78.3319184, 17.4743504 ], [ 78.3319869, 17.4742812 ], [ 78.3323494, 17.4747834 ], [ 78.3325003, 17.4749633 ], [ 78.3327794, 17.4753879 ], [ 78.3328926, 17.4755894 ], [ 78.333152, 17.4760618 ], [ 78.3322589, 17.4762299 ], [ 78.3321231, 17.4759996 ], [ 78.3318515, 17.4760068 ], [ 78.3315044, 17.4759636 ], [ 78.3312328, 17.4759348 ], [ 78.3311121, 17.4758917 ], [ 78.3310065, 17.4757765 ], [ 78.3308933, 17.4755966 ], [ 78.3307198, 17.4753879 ], [ 78.3306368, 17.4752944 ], [ 78.3305765, 17.4753303 ], [ 78.3305312, 17.475172 ], [ 78.3310508, 17.4749839 ] ] ] } },
{ "type": "Feature", "properties": { "cn": 98, "tags": { "name": "Gopi Cheruvu", "natural": "water", "water": "pond", "wikidata": "Q34887376" } }, "geometry": { "type": "Polygon", "coordinates": [ [ [ 78.3304958, 17.4800056 ], [ 78.3304656, 17.4799781 ], [ 78.3304194, 17.4799448 ], [ 78.3303751, 17.4799218 ], [ 78.330351, 17.4799173 ], [ 78.3303141, 17.4799333 ], [ 78.3302671, 17.4799564 ], [ 78.3302383, 17.4799743 ], [ 78.3302095, 17.4799666 ], [ 78.3301961, 17.4799359 ], [ 78.3301994, 17.4799116 ], [ 78.3302108, 17.4798905 ], [ 78.3302122, 17.479863 ], [ 78.3301907, 17.479854 ], [ 78.3301572, 17.4798585 ], [ 78.3301377, 17.4798713 ], [ 78.3300955, 17.4798898 ], [ 78.3300439, 17.4798911 ], [ 78.3299285, 17.479854 ], [ 78.3298668, 17.4798233 ], [ 78.3298306, 17.4797709 ], [ 78.3298212, 17.4796928 ], [ 78.3297971, 17.479547 ], [ 78.3297595, 17.479469 ], [ 78.3297408, 17.4794345 ], [ 78.3297582, 17.4793974 ], [ 78.3297971, 17.4793756 ], [ 78.3298454, 17.4793807 ], [ 78.3299017, 17.4793999 ], [ 78.3299352, 17.4794076 ], [ 78.3299574, 17.4794089 ], [ 78.3299667, 17.479389 ], [ 78.329952, 17.4793583 ], [ 78.3299178, 17.4793404 ], [ 78.329903, 17.4793276 ], [ 78.329901, 17.4793046 ], [ 78.3299024, 17.4792835 ], [ 78.3299064, 17.479256 ], [ 78.3298776, 17.4792016 ], [ 78.3298259, 17.4791677 ], [ 78.3297354, 17.4790852 ], [ 78.3295906, 17.4789215 ], [ 78.3295208, 17.4787782 ], [ 78.3294457, 17.4786043 ], [ 78.3294082, 17.4784968 ], [ 78.3294216, 17.4784137 ], [ 78.3294497, 17.4782832 ], [ 78.32949, 17.4782064 ], [ 78.3295329, 17.4781463 ], [ 78.3295959, 17.4780645 ], [ 78.3296335, 17.4780401 ], [ 78.3297408, 17.478003 ], [ 78.3298065, 17.4779877 ], [ 78.329844, 17.4779621 ], [ 78.3298534, 17.4779237 ], [ 78.3298534, 17.4778892 ], [ 78.3298501, 17.4778323 ], [ 78.3298514, 17.4778156 ], [ 78.3298615, 17.4778048 ], [ 78.3298796, 17.4778067 ], [ 78.3299178, 17.4778265 ], [ 78.3299453, 17.4778252 ], [ 78.3299641, 17.4778093 ], [ 78.3299755, 17.4777869 ], [ 78.3299808, 17.477769 ], [ 78.3299627, 17.4777523 ], [ 78.3299386, 17.4777299 ], [ 78.3299245, 17.4777088 ], [ 78.3299258, 17.4776903 ], [ 78.3299399, 17.4776653 ], [ 78.3300532, 17.4776231 ], [ 78.3301418, 17.4775873 ], [ 78.33019, 17.4775515 ], [ 78.3302571, 17.4774671 ], [ 78.3303329, 17.4773724 ], [ 78.3303654, 17.4773459 ], [ 78.3303721, 17.4773296 ], [ 78.3303681, 17.4773037 ], [ 78.3303614, 17.477288 ], [ 78.3303349, 17.4772777 ], [ 78.3303181, 17.4772259 ], [ 78.3303215, 17.4771888 ], [ 78.3303449, 17.4771543 ], [ 78.3303738, 17.4771338 ], [ 78.3303905, 17.4771051 ], [ 78.3303811, 17.4770705 ], [ 78.3303476, 17.4770539 ], [ 78.3303154, 17.4770341 ], [ 78.3302993, 17.4770066 ], [ 78.330298, 17.4769727 ], [ 78.330308, 17.4769285 ], [ 78.3303047, 17.4768889 ], [ 78.3302973, 17.4768543 ], [ 78.3302464, 17.4767661 ], [ 78.3301887, 17.4767047 ], [ 78.3301055, 17.4766701 ], [ 78.3300425, 17.4766343 ], [ 78.3300291, 17.4765934 ], [ 78.3300532, 17.4765486 ], [ 78.3300774, 17.4764962 ], [ 78.3300801, 17.4764181 ], [ 78.3300278, 17.4761994 ], [ 78.3300063, 17.4760254 ], [ 78.3299983, 17.4759026 ], [ 78.3299527, 17.4757772 ], [ 78.3299071, 17.4755662 ], [ 78.3298266, 17.4754485 ], [ 78.3297582, 17.4754101 ], [ 78.3296925, 17.4753986 ], [ 78.3295745, 17.4754459 ], [ 78.3293867, 17.4755547 ], [ 78.3292446, 17.4756493 ], [ 78.3287671, 17.4759026 ], [ 78.3284882, 17.4761047 ], [ 78.3283862, 17.4762045 ], [ 78.328287, 17.476422 ], [ 78.3281717, 17.4767929 ], [ 78.3281127, 17.4770142 ], [ 78.3280496, 17.4772407 ], [ 78.3280228, 17.4773391 ], [ 78.327992, 17.4773468 ], [ 78.3279571, 17.4773276 ], [ 78.3279551, 17.4772995 ], [ 78.3279665, 17.4772413 ], [ 78.3279651, 17.4772259 ], [ 78.3279531, 17.4772061 ], [ 78.3279316, 17.4772068 ], [ 78.3279162, 17.4772208 ], [ 78.3278672, 17.4772522 ], [ 78.3277573, 17.4773251 ], [ 78.3276889, 17.4773826 ], [ 78.3276688, 17.477453 ], [ 78.3276419, 17.4775361 ], [ 78.3275574, 17.4776577 ], [ 78.3275387, 17.4777127 ], [ 78.3275427, 17.4777728 ], [ 78.3275896, 17.4778495 ], [ 78.3276681, 17.47795 ], [ 78.3276768, 17.4779839 ], [ 78.3276734, 17.4780094 ], [ 78.3276587, 17.4780235 ], [ 78.3276238, 17.4780203 ], [ 78.3275957, 17.4780107 ], [ 78.3275581, 17.4780062 ], [ 78.3275038, 17.4780248 ], [ 78.3274394, 17.4780555 ], [ 78.3273724, 17.478076 ], [ 78.3273402, 17.4780696 ], [ 78.3272208, 17.4779967 ], [ 78.3271565, 17.4779519 ], [ 78.3271122, 17.4779519 ], [ 78.3270666, 17.4780043 ], [ 78.3269861, 17.4781617 ], [ 78.3269083, 17.4783152 ], [ 78.3268641, 17.4784367 ], [ 78.326848, 17.4784994 ], [ 78.3268279, 17.4785659 ], [ 78.3267756, 17.4786439 ], [ 78.3267353, 17.4787143 ], [ 78.3267206, 17.4787808 ], [ 78.3267407, 17.4788179 ], [ 78.326785, 17.4788358 ], [ 78.3268614, 17.4788806 ], [ 78.3269607, 17.4789356 ], [ 78.3269928, 17.4789791 ], [ 78.3270022, 17.4790571 ], [ 78.3269754, 17.4791607 ], [ 78.3269191, 17.4792976 ], [ 78.3268547, 17.4793615 ], [ 78.3267756, 17.4793641 ], [ 78.3267193, 17.4793628 ], [ 78.3266187, 17.4793385 ], [ 78.3264819, 17.4793308 ], [ 78.3263464, 17.4793564 ], [ 78.3262767, 17.4793999 ], [ 78.3262378, 17.47946 ], [ 78.3262351, 17.4795637 ], [ 78.3262472, 17.4796519 ], [ 78.3262901, 17.4797479 ], [ 78.3264363, 17.4798975 ], [ 78.3265422, 17.4799487 ], [ 78.3265959, 17.4799704 ], [ 78.3266669, 17.4799717 ], [ 78.3268024, 17.4799154 ], [ 78.3268587, 17.4798975 ], [ 78.3269191, 17.479909 ], [ 78.32697, 17.4799615 ], [ 78.3269982, 17.4800152 ], [ 78.3270384, 17.4800433 ], [ 78.3271122, 17.4800651 ], [ 78.3272021, 17.4801099 ], [ 78.3272409, 17.4801482 ], [ 78.3272731, 17.4801943 ], [ 78.3272919, 17.4802314 ], [ 78.3272611, 17.4802902 ], [ 78.3272476, 17.4803503 ], [ 78.3272731, 17.4804092 ], [ 78.3273308, 17.4805243 ], [ 78.3274126, 17.4807494 ], [ 78.3274944, 17.4809925 ], [ 78.3275869, 17.4811767 ], [ 78.3276413, 17.4812675 ], [ 78.3276721, 17.4812918 ], [ 78.3276996, 17.4812925 ], [ 78.3277258, 17.4812931 ], [ 78.3277412, 17.4813155 ], [ 78.3277532, 17.4813641 ], [ 78.3277579, 17.4814095 ], [ 78.3277519, 17.4814402 ], [ 78.32776, 17.4814907 ], [ 78.3278632, 17.4817408 ], [ 78.3279651, 17.4819148 ], [ 78.3280215, 17.4819634 ], [ 78.3280899, 17.4819851 ], [ 78.328165, 17.4819621 ], [ 78.3282951, 17.4819442 ], [ 78.3283675, 17.4819838 ], [ 78.3284694, 17.4820619 ], [ 78.3285056, 17.4821105 ], [ 78.3285029, 17.4822103 ], [ 78.3285123, 17.4822857 ], [ 78.328578, 17.4823983 ], [ 78.3286142, 17.4825109 ], [ 78.3286169, 17.4826157 ], [ 78.3285901, 17.4826976 ], [ 78.32857, 17.4827577 ], [ 78.3285874, 17.4828166 ], [ 78.3286491, 17.4828665 ], [ 78.3288006, 17.4829087 ], [ 78.3288556, 17.4829087 ], [ 78.3289281, 17.4829061 ], [ 78.3289576, 17.4829074 ], [ 78.3290112, 17.4829586 ], [ 78.3290555, 17.4831044 ], [ 78.3291051, 17.4832592 ], [ 78.329152, 17.4833231 ], [ 78.3291922, 17.4833321 ], [ 78.3292446, 17.4833244 ], [ 78.3292767, 17.4832771 ], [ 78.3293277, 17.4831389 ], [ 78.3293666, 17.4830762 ], [ 78.3294283, 17.4830161 ], [ 78.3295047, 17.4829675 ], [ 78.329545, 17.4829355 ], [ 78.3295812, 17.4828805 ], [ 78.3296429, 17.4828281 ], [ 78.329671, 17.4827321 ], [ 78.329675, 17.4826771 ], [ 78.329616, 17.4825723 ], [ 78.3295114, 17.4824725 ], [ 78.329494, 17.4824085 ], [ 78.3295222, 17.4823292 ], [ 78.329557, 17.482255 ], [ 78.3296174, 17.4822051 ], [ 78.3296791, 17.4821885 ], [ 78.3297582, 17.4821655 ], [ 78.3298306, 17.4821194 ], [ 78.3298936, 17.4820491 ], [ 78.3299553, 17.4819762 ], [ 78.3300881, 17.4819007 ], [ 78.3301914, 17.481847 ], [ 78.330249, 17.4818291 ], [ 78.3302852, 17.4818367 ], [ 78.3303992, 17.4818802 ], [ 78.3304797, 17.4818994 ], [ 78.3305655, 17.4819327 ], [ 78.330642, 17.4819429 ], [ 78.3306876, 17.4819276 ], [ 78.3307372, 17.4818777 ], [ 78.3308177, 17.4817408 ], [ 78.33087, 17.4816832 ], [ 78.3309545, 17.4816154 ], [ 78.3310644, 17.4815566 ], [ 78.3312026, 17.4815169 ], [ 78.3313407, 17.4815272 ], [ 78.3314869, 17.4815975 ], [ 78.3315419, 17.4816436 ], [ 78.3316344, 17.4817037 ], [ 78.3316934, 17.4817191 ], [ 78.3317511, 17.4817165 ], [ 78.3318289, 17.4817088 ], [ 78.3319683, 17.4817255 ], [ 78.3320448, 17.4817114 ], [ 78.3321011, 17.4816922 ], [ 78.3322473, 17.481618 ], [ 78.332321, 17.4815617 ], [ 78.3324163, 17.4815131 ], [ 78.3326644, 17.4814185 ], [ 78.3327294, 17.4813941 ], [ 78.3327455, 17.4813596 ], [ 78.3327515, 17.481343 ], [ 78.3327777, 17.4813244 ], [ 78.3328689, 17.4812925 ], [ 78.332895, 17.4812925 ], [ 78.3329319, 17.4813219 ], [ 78.3329715, 17.4813462 ], [ 78.3330104, 17.4813481 ], [ 78.3330392, 17.4813295 ], [ 78.3330727, 17.4813116 ], [ 78.3331049, 17.4812247 ], [ 78.3331217, 17.4811799 ], [ 78.3331076, 17.4810814 ], [ 78.3330587, 17.4809707 ], [ 78.3330131, 17.4808735 ], [ 78.3329554, 17.480761 ], [ 78.3328655, 17.4805435 ], [ 78.3327006, 17.480312 ], [ 78.3324833, 17.4799321 ], [ 78.3324485, 17.479822 ], [ 78.3324605, 17.4797363 ], [ 78.3325826, 17.4795892 ], [ 78.3326496, 17.4795266 ], [ 78.332714, 17.4794434 ], [ 78.3327395, 17.4793858 ], [ 78.3326899, 17.4793283 ], [ 78.3326027, 17.4793142 ], [ 78.3324189, 17.479327 ], [ 78.3322084, 17.4793577 ], [ 78.3320126, 17.4794588 ], [ 78.3319643, 17.4794971 ], [ 78.3318973, 17.4796148 ], [ 78.3318718, 17.4797184 ], [ 78.3318248, 17.479776 ], [ 78.3317363, 17.4798451 ], [ 78.3316706, 17.4798655 ], [ 78.3315472, 17.4798745 ], [ 78.3314399, 17.4798694 ], [ 78.3310752, 17.4798566 ], [ 78.3309974, 17.4798847 ], [ 78.3309545, 17.4799154 ], [ 78.3308713, 17.4800088 ], [ 78.330819, 17.4800753 ], [ 78.3307748, 17.4801393 ], [ 78.3307426, 17.4801892 ], [ 78.3306809, 17.4802109 ], [ 78.3306038, 17.4802211 ], [ 78.3305655, 17.4802052 ], [ 78.3305441, 17.4801706 ], [ 78.3305313, 17.480129 ], [ 78.3305139, 17.480074 ], [ 78.3304958, 17.4800056 ] ] ] } },
{ "type": "Feature", "properties": { "cn": 92, "tags": { "leisure": "sports_centre", "name": "PJR Stadium" } }, "geometry": { "type": "Polygon", "coordinates": [ [ [ 78.3242445, 17.4872935 ], [ 78.3251125, 17.4876846 ], [ 78.3256314, 17.4877412 ], [ 78.3255715, 17.4884653 ], [ 78.3255735, 17.4887848 ], [ 78.3255855, 17.4890317 ], [ 78.3255798, 17.4891144 ], [ 78.325567, 17.4892503 ], [ 78.3248739, 17.4892561 ], [ 78.3246046, 17.4892597 ], [ 78.3243916, 17.489268 ], [ 78.3243977, 17.4894698 ], [ 78.324236, 17.4894816 ], [ 78.324118, 17.4893761 ], [ 78.3240121, 17.4892206 ], [ 78.3233342, 17.488236 ], [ 78.3236028, 17.4878893 ], [ 78.3237571, 17.4876902 ], [ 78.3240328, 17.4874776 ], [ 78.3241473, 17.4874198 ], [ 78.3242445, 17.4872935 ] ] ] } },
{ "type": "Feature", "properties": { "cn": 82, "tags": { "landuse": "residential", "name": "Kendriya Vihar-South Block" } }, "geometry": { "type": "Polygon", "coordinates": [ [ [ 78.361597, 17.5116436 ], [ 78.362048, 17.5100131 ], [ 78.3629615, 17.5102429 ], [ 78.3625104, 17.5118734 ], [ 78.361597, 17.5116436 ] ] ] } },
{ "type": "Feature", "properties": { "cn": 82, "tags": { "landuse": "residential", "name": "Kendriya Vihar-North Block" } }, "geometry": { "type": "Polygon", "coordinates": [ [ [ 78.3613965, 17.5124837 ], [ 78.361561, 17.5118963 ], [ 78.3624311, 17.5121179 ], [ 78.3622665, 17.5127054 ], [ 78.3613965, 17.5124837 ] ] ] } },
{ "type": "Feature", "properties": { "cn": 92, "tags": { "addr:city": "Hyderabad", "addr:postcode": "500049", "addr:street": "Miyapur", "landuse": "industrial", "name": "Bus Body Building Unit", "office": "government" } }, "geometry": { "type": "Polygon", "coordinates": [ [ [ 78.3616858, 17.510156 ], [ 78.3610126, 17.5121337 ], [ 78.3598727, 17.5118293 ], [ 78.359862, 17.5109289 ], [ 78.3602294, 17.5097191 ], [ 78.3616858, 17.510156 ] ] ] } },
{ "type": "Feature", "properties": { "cn": 65, "tags": { "leisure": "park" } }, "geometry": { "type": "Polygon", "coordinates": [ [ [ 78.4251238, 17.4491246 ], [ 78.4248888, 17.4490965 ], [ 78.4247273, 17.4503206 ], [ 78.4249055, 17.4502938 ], [ 78.4249779, 17.4502094 ], [ 78.4251238, 17.4491246 ] ] ] } },
{ "type": "Feature", "properties": { "cn": 65, "tags": { "leisure": "park" } }, "geometry": { "type": "Polygon", "coordinates": [ [ [ 78.4248888, 17.4490965 ], [ 78.4251238, 17.4491246 ], [ 78.4252978, 17.4479551 ], [ 78.4250477, 17.4479383 ], [ 78.4248888, 17.4490965 ] ] ] } },
{ "type": "Feature", "properties": { "cn": 65, "tags": { "leisure": "park" } }, "geometry": { "type": "Polygon", "coordinates": [ [ [ 78.4250477, 17.4479383 ], [ 78.4252978, 17.4479551 ], [ 78.4254506, 17.4467635 ], [ 78.4251834, 17.4467305 ], [ 78.4250477, 17.4479383 ] ] ] } },
{ "type": "Feature", "properties": { "cn": 82, "tags": { "landuse": "residential", "name": "Indis One City", "source": "bing" } }, "geometry": { "type": "Polygon", "coordinates": [ [ [ 78.3907997, 17.4766924 ], [ 78.3907502, 17.4767146 ], [ 78.3905098, 17.476376 ], [ 78.3896304, 17.475114 ], [ 78.389664, 17.4749755 ], [ 78.3896717, 17.4749437 ], [ 78.391041, 17.4743015 ], [ 78.3916852, 17.4756092 ], [ 78.3914188, 17.4758143 ], [ 78.3907997, 17.4766924 ] ] ] } },
{ "type": "Feature", "properties": { "cn": 65, "tags": { "leisure": "park", "name": "Subba Rao Park" } }, "geometry": { "type": "Polygon", "coordinates": [ [ [ 78.3625714, 17.4941706 ], [ 78.3636198, 17.4942309 ], [ 78.3636438, 17.4938506 ], [ 78.3625953, 17.4937905 ], [ 78.3625714, 17.4941706 ] ] ] } },
{ "type": "Feature", "properties": { "cn": 98, "tags": { "intermittent": "yes", "name": "Miyapur Cheruvu", "name:te": "మియాపూర్ చెరువు", "natural": "water", "tidal": "no", "water": "lake" } }, "geometry": { "type": "Polygon", "coordinates": [ [ [ 78.3585459, 17.5039149 ], [ 78.3593842, 17.504067 ], [ 78.3596172, 17.5030876 ], [ 78.3595863, 17.5028741 ], [ 78.3596207, 17.502773 ], [ 78.3596835, 17.5026186 ], [ 78.3598925, 17.5025034 ], [ 78.3599622, 17.5024285 ], [ 78.3599477, 17.5022733 ], [ 78.3599573, 17.5021833 ], [ 78.3600093, 17.5021515 ], [ 78.3600736, 17.5021363 ], [ 78.3601252, 17.5021309 ], [ 78.3601762, 17.50207 ], [ 78.3601772, 17.5019998 ], [ 78.3601576, 17.5019212 ], [ 78.3601311, 17.5018688 ], [ 78.3601262, 17.5017939 ], [ 78.3601556, 17.5017405 ], [ 78.3600741, 17.5014924 ], [ 78.3600064, 17.5013576 ], [ 78.3599828, 17.5012987 ], [ 78.3600437, 17.501221 ], [ 78.3600201, 17.5011938 ], [ 78.3600221, 17.5011723 ], [ 78.3599927, 17.5011629 ], [ 78.3599789, 17.50122 ], [ 78.3599446, 17.5012285 ], [ 78.3599073, 17.5012862 ], [ 78.3598444, 17.5012846 ], [ 78.3597424, 17.5012753 ], [ 78.3596265, 17.5013183 ], [ 78.3595264, 17.5013071 ], [ 78.359454, 17.5012596 ], [ 78.3594165, 17.5011798 ], [ 78.3593183, 17.5011274 ], [ 78.3591259, 17.5010731 ], [ 78.3589776, 17.5009985 ], [ 78.3588982, 17.5008971 ], [ 78.3587285, 17.5007282 ], [ 78.3586254, 17.5005301 ], [ 78.3585637, 17.5003595 ], [ 78.3585292, 17.4999741 ], [ 78.358524, 17.4995317 ], [ 78.3584703, 17.4993862 ], [ 78.3584313, 17.499253 ], [ 78.3583734, 17.4988375 ], [ 78.3583404, 17.4987316 ], [ 78.3582498, 17.4988488 ], [ 78.3581715, 17.4988924 ], [ 78.3580575, 17.4990407 ], [ 78.3579289, 17.499109 ], [ 78.3578307, 17.4993974 ], [ 78.3577974, 17.5000389 ], [ 78.3578092, 17.5003076 ], [ 78.357953, 17.5008707 ], [ 78.3580374, 17.5010953 ], [ 78.3582043, 17.5016533 ], [ 78.3582612, 17.5021026 ], [ 78.3582966, 17.5026025 ], [ 78.3583456, 17.5032521 ], [ 78.3583869, 17.5034749 ], [ 78.3584595, 17.5037483 ], [ 78.3585459, 17.5039149 ] ] ] } },
{ "type": "Feature", "properties": { "cn": 98, "tags": { "name": "Kandi Kunta", "natural": "water", "water": "lake" } }, "geometry": { "type": "Polygon", "coordinates": [ [ [ 78.3487487, 17.5164581 ], [ 78.3490849, 17.5168855 ], [ 78.3494323, 17.5173878 ], [ 78.349746, 17.5179007 ], [ 78.3499589, 17.5181037 ], [ 78.3500934, 17.5186273 ], [ 78.3502615, 17.5187235 ], [ 78.3501158, 17.518061 ], [ 78.3502054, 17.5179648 ], [ 78.3502839, 17.5181144 ], [ 78.350508, 17.5181037 ], [ 78.3505654, 17.5179177 ], [ 78.3505192, 17.5177831 ], [ 78.3506536, 17.5176976 ], [ 78.350889, 17.5176335 ], [ 78.3511579, 17.5174732 ], [ 78.351326, 17.5173771 ], [ 78.3514044, 17.5172488 ], [ 78.3515949, 17.5172488 ], [ 78.3518078, 17.5170992 ], [ 78.3519647, 17.5168 ], [ 78.3520879, 17.5165649 ], [ 78.3522784, 17.5163726 ], [ 78.3524577, 17.5162978 ], [ 78.3523793, 17.5161696 ], [ 78.3521664, 17.5160948 ], [ 78.3523793, 17.5159024 ], [ 78.3525698, 17.5157956 ], [ 78.3527042, 17.5157101 ], [ 78.3528499, 17.5155605 ], [ 78.3528051, 17.5154322 ], [ 78.352693, 17.5153254 ], [ 78.352693, 17.5151651 ], [ 78.3526482, 17.5150582 ], [ 78.3523345, 17.515101 ], [ 78.3520879, 17.5151437 ], [ 78.3519199, 17.5151437 ], [ 78.351819, 17.5149941 ], [ 78.3517518, 17.5149086 ], [ 78.3514941, 17.5149193 ], [ 78.3515277, 17.5150903 ], [ 78.3514268, 17.5152185 ], [ 78.3512924, 17.5151865 ], [ 78.3511019, 17.5151224 ], [ 78.3509674, 17.5151117 ], [ 78.350889, 17.515272 ], [ 78.3508329, 17.5154109 ], [ 78.3506649, 17.5154964 ], [ 78.3504856, 17.5157101 ], [ 78.3504183, 17.5159665 ], [ 78.350183, 17.5161375 ], [ 78.3498357, 17.5162444 ], [ 78.3494659, 17.5163085 ], [ 78.3489056, 17.516394 ], [ 78.3487487, 17.5164581 ] ] ] } },
{ "type": "Feature", "properties": { "cn": 65, "tags": { "leisure": "park" } }, "geometry": { "type": "Polygon", "coordinates": [ [ [ 78.4391484, 17.4562566 ], [ 78.4394204, 17.4562225 ], [ 78.4393667, 17.4559853 ], [ 78.4391484, 17.4562566 ] ] ] } },
{ "type": "Feature", "properties": { "cn": 65, "tags": { "leisure": "park" } }, "geometry": { "type": "Polygon", "coordinates": [ [ [ 78.4397817, 17.4560057 ], [ 78.4397603, 17.455905 ], [ 78.4400447, 17.4558624 ], [ 78.4400644, 17.455975 ], [ 78.4397817, 17.4560057 ] ] ] } },
{ "type": "Feature", "properties": { "cn": 65, "tags": { "leisure": "park" } }, "geometry": { "type": "Polygon", "coordinates": [ [ [ 78.435413, 17.4567002 ], [ 78.4362302, 17.4571636 ], [ 78.4365262, 17.4572239 ], [ 78.4364857, 17.4566037 ], [ 78.4364326, 17.4565843 ], [ 78.435413, 17.4567002 ] ] ] } },
{ "type": "Feature", "properties": { "cn": 65, "tags": { "leisure": "park" } }, "geometry": { "type": "Polygon", "coordinates": [ [ [ 78.4395443, 17.4555742 ], [ 78.4395228, 17.4554735 ], [ 78.439997, 17.4553922 ], [ 78.4400192, 17.4555073 ], [ 78.4395443, 17.4555742 ] ] ] } },
{ "type": "Feature", "properties": { "cn": 65, "tags": { "leisure": "park" } }, "geometry": { "type": "Polygon", "coordinates": [ [ [ 78.4397629, 17.4548203 ], [ 78.439744, 17.4547282 ], [ 78.4402036, 17.4546481 ], [ 78.4402225, 17.4547502 ], [ 78.4397629, 17.4548203 ] ] ] } },
{ "type": "Feature", "properties": { "cn": 65, "tags": { "leisure": "park" } }, "geometry": { "type": "Polygon", "coordinates": [ [ [ 78.439877, 17.4552776 ], [ 78.4398581, 17.4551855 ], [ 78.4403177, 17.4551054 ], [ 78.4403366, 17.4552075 ], [ 78.439877, 17.4552776 ] ] ] } },
{ "type": "Feature", "properties": { "cn": 65, "tags": { "leisure": "park" } }, "geometry": { "type": "Polygon", "coordinates": [ [ [ 78.4395489, 17.4549168 ], [ 78.4396878, 17.4548912 ], [ 78.4396389, 17.4544185 ], [ 78.4394875, 17.4544412 ], [ 78.4395489, 17.4549168 ] ] ] } },
{ "type": "Feature", "properties": { "cn": 65, "tags": { "leisure": "park" } }, "geometry": { "type": "Polygon", "coordinates": [ [ [ 78.4419166, 17.4487747 ], [ 78.4409013, 17.4489562 ], [ 78.4404533, 17.4490423 ], [ 78.4404694, 17.4493067 ], [ 78.4403469, 17.4493251 ], [ 78.4403147, 17.4494389 ], [ 78.4401567, 17.4494789 ], [ 78.4399859, 17.4497156 ], [ 78.4400858, 17.4498786 ], [ 78.4402502, 17.4500846 ], [ 78.4402083, 17.4501984 ], [ 78.440334, 17.4503337 ], [ 78.4405564, 17.4500508 ], [ 78.4408175, 17.4502045 ], [ 78.4412107, 17.4503737 ], [ 78.4414976, 17.4501369 ], [ 78.4414976, 17.4500539 ], [ 78.4417071, 17.4499955 ], [ 78.4417973, 17.4498017 ], [ 78.4417973, 17.4492852 ], [ 78.4419166, 17.4487747 ] ] ] } },
{ "type": "Feature", "properties": { "cn": 65, "tags": { "leisure": "park" } }, "geometry": { "type": "Polygon", "coordinates": [ [ [ 78.4385962, 17.4507077 ], [ 78.4388992, 17.4508276 ], [ 78.4390249, 17.450514 ], [ 78.4387026, 17.4503817 ], [ 78.4385704, 17.4506831 ], [ 78.4385664, 17.4506954 ], [ 78.4385962, 17.4507077 ] ] ] } },
{ "type": "Feature", "properties": { "cn": 65, "tags": { "leisure": "park" } }, "geometry": { "type": "Polygon", "coordinates": [ [ [ 78.4344921, 17.4439017 ], [ 78.4344734, 17.4437035 ], [ 78.4346929, 17.4437191 ], [ 78.4347116, 17.4438505 ], [ 78.4344921, 17.4439017 ] ] ] } },
{ "type": "Feature", "properties": { "cn": 65, "tags": { "leisure": "park" } }, "geometry": { "type": "Polygon", "coordinates": [ [ [ 78.4301441, 17.449921 ], [ 78.4303952, 17.4497566 ], [ 78.4304037, 17.449925 ], [ 78.4301441, 17.449921 ] ] ] } },
{ "type": "Feature", "properties": { "cn": 65, "tags": { "leisure": "park" } }, "geometry": { "type": "Polygon", "coordinates": [ [ [ 78.4303054, 17.4473937 ], [ 78.4302971, 17.447116 ], [ 78.4309204, 17.4470924 ], [ 78.430937, 17.4473752 ], [ 78.4303054, 17.4473937 ] ] ] } },
{ "type": "Feature", "properties": { "cn": 65, "tags": { "leisure": "park" } }, "geometry": { "type": "Polygon", "coordinates": [ [ [ 78.4358097, 17.4421458 ], [ 78.4357416, 17.4417033 ], [ 78.4359033, 17.4417033 ], [ 78.4359792, 17.4421296 ], [ 78.4358097, 17.4421458 ] ] ] } },
{ "type": "Feature", "properties": { "cn": 65, "tags": { "leisure": "park" } }, "geometry": { "type": "Polygon", "coordinates": [ [ [ 78.432672, 17.4434994 ], [ 78.4326762, 17.4433147 ], [ 78.4330387, 17.4433221 ], [ 78.4330345, 17.4435068 ], [ 78.432672, 17.4434994 ] ] ] } },
{ "type": "Feature", "properties": { "cn": 65, "tags": { "leisure": "park" } }, "geometry": { "type": "Polygon", "coordinates": [ [ [ 78.4371512, 17.450141 ], [ 78.437241, 17.4498961 ], [ 78.4373483, 17.449899 ], [ 78.4372324, 17.4501826 ], [ 78.4371512, 17.450141 ] ] ] } },
{ "type": "Feature", "properties": { "cn": 65, "tags": { "leisure": "park" } }, "geometry": { "type": "Polygon", "coordinates": [ [ [ 78.4307959, 17.4482141 ], [ 78.4307899, 17.4481007 ], [ 78.4310291, 17.4481108 ], [ 78.43102, 17.4481854 ], [ 78.4307959, 17.4482141 ] ] ] } },
{ "type": "Feature", "properties": { "cn": 65, "tags": { "leisure": "park" } }, "geometry": { "type": "Polygon", "coordinates": [ [ [ 78.4348263, 17.439836 ], [ 78.4347526, 17.4393883 ], [ 78.4353754, 17.4393409 ], [ 78.4354236, 17.4397858 ], [ 78.4348263, 17.439836 ] ] ] } },
{ "type": "Feature", "properties": { "cn": 65, "tags": { "leisure": "park" } }, "geometry": { "type": "Polygon", "coordinates": [ [ [ 78.4348175, 17.4423488 ], [ 78.4346927, 17.4423597 ], [ 78.4346806, 17.4422205 ], [ 78.4349349, 17.4422004 ], [ 78.4349454, 17.4423396 ], [ 78.4348175, 17.4423488 ] ] ] } },
{ "type": "Feature", "properties": { "cn": 65, "tags": { "leisure": "park" } }, "geometry": { "type": "Polygon", "coordinates": [ [ [ 78.4271848, 17.4538516 ], [ 78.4273806, 17.4538044 ], [ 78.4272961, 17.4534287 ], [ 78.427125, 17.4534622 ], [ 78.4271848, 17.4538516 ] ] ] } },
{ "type": "Feature", "properties": { "cn": 65, "tags": { "leisure": "park", "name": "Walkers Park" } }, "geometry": { "type": "Polygon", "coordinates": [ [ [ 78.4245393, 17.4544004 ], [ 78.4245096, 17.4541252 ], [ 78.4243073, 17.4532703 ], [ 78.4241326, 17.4543541 ], [ 78.4245393, 17.4544004 ] ] ] } },
{ "type": "Feature", "properties": { "cn": 65, "tags": { "leisure": "park" } }, "geometry": { "type": "Polygon", "coordinates": [ [ [ 78.4347735, 17.4316698 ], [ 78.4350907, 17.4312744 ], [ 78.4351374, 17.4316383 ], [ 78.4347735, 17.4316698 ] ] ] } },
{ "type": "Feature", "properties": { "cn": 65, "tags": { "leisure": "park" } }, "geometry": { "type": "Polygon", "coordinates": [ [ [ 78.4381846, 17.4319618 ], [ 78.4386992, 17.4323372 ], [ 78.4388918, 17.4322243 ], [ 78.4382837, 17.4318148 ], [ 78.4381846, 17.4319618 ] ] ] } },
{ "type": "Feature", "properties": { "cn": 65, "tags": { "leisure": "park" } }, "geometry": { "type": "Polygon", "coordinates": [ [ [ 78.4340814, 17.4370474 ], [ 78.4339813, 17.43675 ], [ 78.434644, 17.4367244 ], [ 78.4346664, 17.4368682 ], [ 78.4340814, 17.4370474 ] ] ] } },
{ "type": "Feature", "properties": { "cn": 65, "tags": { "leisure": "park" } }, "geometry": { "type": "Polygon", "coordinates": [ [ [ 78.4307685, 17.436764 ], [ 78.4305346, 17.4361497 ], [ 78.4313821, 17.4359239 ], [ 78.4316656, 17.4359738 ], [ 78.4320536, 17.4362941 ], [ 78.4321306, 17.436575 ], [ 78.4307685, 17.436764 ] ] ] } },
{ "type": "Feature", "properties": { "cn": 65, "tags": { "leisure": "park" } }, "geometry": { "type": "Polygon", "coordinates": [ [ [ 78.4200229, 17.4291747 ], [ 78.4198801, 17.4293628 ], [ 78.41982, 17.4296055 ], [ 78.4198429, 17.4298809 ], [ 78.4199858, 17.4301017 ], [ 78.4201458, 17.4302135 ], [ 78.4203602, 17.4303008 ], [ 78.4205202, 17.4302953 ], [ 78.4200229, 17.4291747 ] ] ] } },
{ "type": "Feature", "properties": { "cn": 98, "tags": { "natural": "wetland" } }, "geometry": { "type": "Polygon", "coordinates": [ [ [ 78.3579302, 17.5151774 ], [ 78.3580364, 17.5155824 ], [ 78.3583762, 17.5156229 ], [ 78.3591619, 17.5154407 ], [ 78.3599477, 17.5151571 ], [ 78.3602663, 17.5147116 ], [ 78.36033, 17.5143876 ], [ 78.3595017, 17.514266 ], [ 78.3585673, 17.5140838 ], [ 78.3580576, 17.5142255 ], [ 78.3581426, 17.5147116 ], [ 78.3579514, 17.5149749 ], [ 78.3579302, 17.5151774 ] ] ] } },
{ "type": "Feature", "properties": { "cn": 92, "tags": { "addr:place": "HITEC City", "alt_name": "Mindspace", "landuse": "commercial", "name": "Mindspace Technology Park", "operator": "K Raheja Corp", "website": "https://www.mindspaceindia.com/" } }, "geometry": { "type": "Polygon", "coordinates": [ [ [ 78.3776424, 17.4397556 ], [ 78.3774696, 17.4399628 ], [ 78.3773657, 17.4407135 ], [ 78.377341, 17.4414565 ], [ 78.3776687, 17.4412241 ], [ 78.3782385, 17.4411943 ], [ 78.3787147, 17.4433 ], [ 78.3788295, 17.4442019 ], [ 78.3788381, 17.4450112 ], [ 78.3788384, 17.4450365 ], [ 78.3823066, 17.4449531 ], [ 78.3820101, 17.4444872 ], [ 78.3816146, 17.4428387 ], [ 78.382275, 17.4426501 ], [ 78.3837994, 17.4418956 ], [ 78.3837381, 17.4417484 ], [ 78.3823148, 17.4418546 ], [ 78.381096, 17.4400502 ], [ 78.382227, 17.4388026 ], [ 78.3846402, 17.4388301 ], [ 78.3850466, 17.4388723 ], [ 78.3853564, 17.4388646 ], [ 78.3864901, 17.4384393 ], [ 78.3869032, 17.4370841 ], [ 78.3869873, 17.4367865 ], [ 78.3871024, 17.4364618 ], [ 78.3872105, 17.4361319 ], [ 78.3870162, 17.4356622 ], [ 78.3869675, 17.4356946 ], [ 78.3868591, 17.4357666 ], [ 78.3866505, 17.4359053 ], [ 78.3859332, 17.4362608 ], [ 78.3850178, 17.4367887 ], [ 78.3844875, 17.4353856 ], [ 78.383324, 17.4360497 ], [ 78.382779, 17.4365914 ], [ 78.3809608, 17.4382879 ], [ 78.3804645, 17.4388311 ], [ 78.379816, 17.4396479 ], [ 78.3783347, 17.4405645 ], [ 78.3776424, 17.4397556 ] ] ] } },
{ "type": "Feature", "properties": { "cn": 65, "tags": { "leisure": "park", "name": "Mindspace Park" } }, "geometry": { "type": "Polygon", "coordinates": [ [ [ 78.3808472, 17.4420043 ], [ 78.3808476, 17.4422948 ], [ 78.3807832, 17.4424944 ], [ 78.3808905, 17.4429653 ], [ 78.3810943, 17.4432211 ], [ 78.3807256, 17.4435429 ], [ 78.3807775, 17.4435857 ], [ 78.380925, 17.4437648 ], [ 78.3810698, 17.4438697 ], [ 78.3814159, 17.4438927 ], [ 78.3812415, 17.4431481 ], [ 78.3815205, 17.4430841 ], [ 78.3814963, 17.4429843 ], [ 78.3812469, 17.4430278 ], [ 78.3811154, 17.4423804 ], [ 78.3813139, 17.4423446 ], [ 78.3812844, 17.4422295 ], [ 78.3812254, 17.4422295 ], [ 78.3811718, 17.4421962 ], [ 78.3811396, 17.4421527 ], [ 78.3811262, 17.4419813 ], [ 78.3808472, 17.4420043 ] ] ] } },
{ "type": "Feature", "properties": { "cn": 65, "tags": { "leisure": "park" } }, "geometry": { "type": "Polygon", "coordinates": [ [ [ 78.3560447, 17.4982003 ], [ 78.3560589, 17.4979858 ], [ 78.3562507, 17.4980242 ], [ 78.3562389, 17.4982319 ], [ 78.3560447, 17.4982003 ] ] ] } },
{ "type": "Feature", "properties": { "cn": 65, "tags": { "leisure": "playground" } }, "geometry": { "type": "Polygon", "coordinates": [ [ [ 78.3529949, 17.5081638 ], [ 78.3528066, 17.5078215 ], [ 78.3531406, 17.507696 ], [ 78.3532544, 17.507974 ], [ 78.3531584, 17.508035 ], [ 78.3529949, 17.5081638 ] ] ] } },
{ "type": "Feature", "properties": { "cn": 65, "tags": { "leisure": "park" } }, "geometry": { "type": "Polygon", "coordinates": [ [ [ 78.3479381, 17.514465 ], [ 78.3480739, 17.5145517 ], [ 78.3481955, 17.514402 ], [ 78.3484257, 17.5143389 ], [ 78.3481955, 17.5141487 ], [ 78.3479381, 17.514465 ] ] ] } },
{ "type": "Feature", "properties": { "cn": 65, "tags": { "leisure": "park" } }, "geometry": { "type": "Polygon", "coordinates": [ [ [ 78.3476548, 17.515162 ], [ 78.3478298, 17.5149299 ], [ 78.347343, 17.5145883 ], [ 78.3473102, 17.5146169 ], [ 78.3476548, 17.515162 ] ] ] } },
{ "type": "Feature", "properties": { "cn": 65, "tags": { "leisure": "park" } }, "geometry": { "type": "Polygon", "coordinates": [ [ [ 78.3459514, 17.5162424 ], [ 78.3464376, 17.5159275 ], [ 78.3462137, 17.5155688 ], [ 78.3460725, 17.5155618 ], [ 78.3459514, 17.5162424 ] ] ] } },
{ "type": "Feature", "properties": { "cn": 65, "tags": { "leisure": "park" } }, "geometry": { "type": "Polygon", "coordinates": [ [ [ 78.34369, 17.5174036 ], [ 78.3437728, 17.5170089 ], [ 78.3432834, 17.5169969 ], [ 78.34369, 17.5174036 ] ] ] } },
{ "type": "Feature", "properties": { "cn": 65, "tags": { "leisure": "park", "name": "FCI Colony Park" } }, "geometry": { "type": "Polygon", "coordinates": [ [ [ 78.3531902, 17.4981116 ], [ 78.3530153, 17.4977266 ], [ 78.3533001, 17.4975897 ], [ 78.3534953, 17.4979811 ], [ 78.3531902, 17.4981116 ] ] ] } },
{ "type": "Feature", "properties": { "cn": 65, "tags": { "leisure": "park", "name": "Children park" } }, "geometry": { "type": "Polygon", "coordinates": [ [ [ 78.4059134, 17.4855537 ], [ 78.4059885, 17.4856765 ], [ 78.4062245, 17.4855742 ], [ 78.406107, 17.4853391 ], [ 78.4058812, 17.485477 ], [ 78.4059134, 17.4855537 ] ] ] } },
{ "type": "Feature", "properties": { "cn": 65, "tags": { "leisure": "park", "name": "HMDA PARK" } }, "geometry": { "type": "Polygon", "coordinates": [ [ [ 78.4050516, 17.4847657 ], [ 78.4053319, 17.4846397 ], [ 78.405136, 17.4842436 ], [ 78.4048558, 17.4843696 ], [ 78.4050516, 17.4847657 ] ] ] } },
{ "type": "Feature", "properties": { "cn": 92, "tags": { "landuse": "commercial", "name": "Plant nursery" } }, "geometry": { "type": "Polygon", "coordinates": [ [ [ 78.417285, 17.4286689 ], [ 78.4166373, 17.429253 ], [ 78.4163719, 17.4290167 ], [ 78.4165594, 17.4285676 ], [ 78.4169311, 17.4282805 ], [ 78.417285, 17.4286689 ] ] ] } },
{ "type": "Feature", "properties": { "cn": 65, "tags": { "leisure": "park" } }, "geometry": { "type": "Polygon", "coordinates": [ [ [ 78.4233071, 17.4760211 ], [ 78.4237107, 17.4757857 ], [ 78.4235753, 17.4757102 ], [ 78.4233071, 17.4760211 ] ] ] } },
{ "type": "Feature", "properties": { "cn": 65, "tags": { "leisure": "park", "name": "Butterfly park" } }, "geometry": { "type": "Polygon", "coordinates": [ [ [ 78.4088512, 17.4392918 ], [ 78.4081914, 17.4378909 ], [ 78.4080512, 17.4379085 ], [ 78.4079372, 17.4379864 ], [ 78.4085606, 17.439637 ], [ 78.4086378, 17.4395439 ], [ 78.4087252, 17.4394547 ], [ 78.4088512, 17.4392918 ] ] ] } },
{ "type": "Feature", "properties": { "cn": 65, "tags": { "landuse": "grass" } }, "geometry": { "type": "Polygon", "coordinates": [ [ [ 78.4267052, 17.4230678 ], [ 78.426796, 17.4231118 ], [ 78.4267914, 17.4230224 ], [ 78.4267052, 17.4230678 ] ] ] } },
{ "type": "Feature", "properties": { "cn": 92, "tags": { "landuse": "commercial", "name": "Bhavya Web Technologies Pvt Ltd", "phone": "+91 40 32577536", "website": "https://www.bhavyatechnologies.com/" } }, "geometry": { "type": "Polygon", "coordinates": [ [ [ 78.4106319, 17.4932449 ], [ 78.4106883, 17.4931963 ], [ 78.4106346, 17.4931324 ], [ 78.4105676, 17.493181 ], [ 78.4106319, 17.4932449 ] ] ] } },
{ "type": "Feature", "properties": { "cn": 98, "tags": { "name": "Peacock Lake", "natural": "water", "water": "lake" } }, "geometry": { "type": "Polygon", "coordinates": [ [ [ 78.3315219, 17.4488261 ], [ 78.331617, 17.4488326 ], [ 78.3317819, 17.4488902 ], [ 78.3319724, 17.4489951 ], [ 78.3321105, 17.4490796 ], [ 78.3322138, 17.4491282 ], [ 78.3322982, 17.4491397 ], [ 78.3323854, 17.4491269 ], [ 78.3324391, 17.449109 ], [ 78.332541, 17.4490578 ], [ 78.3325624, 17.4490425 ], [ 78.3325839, 17.4490182 ], [ 78.332596, 17.4489798 ], [ 78.3326174, 17.4489337 ], [ 78.332651, 17.44888 ], [ 78.3326952, 17.4488339 ], [ 78.3327341, 17.4487828 ], [ 78.332765, 17.4487648 ], [ 78.3327998, 17.4487559 ], [ 78.3328186, 17.4487584 ], [ 78.3328722, 17.448784 ], [ 78.3329125, 17.4488019 ], [ 78.33295, 17.4488071 ], [ 78.3329701, 17.4487943 ], [ 78.3329836, 17.4487648 ], [ 78.3329929, 17.4487482 ], [ 78.3330077, 17.4487456 ], [ 78.3330305, 17.4487444 ], [ 78.33306, 17.4487533 ], [ 78.3331029, 17.4487648 ], [ 78.3331566, 17.4487687 ], [ 78.3331834, 17.4487572 ], [ 78.3332035, 17.4487367 ], [ 78.333225, 17.4487277 ], [ 78.3332531, 17.4487226 ], [ 78.3332826, 17.4487201 ], [ 78.3333041, 17.4487252 ], [ 78.3333269, 17.4487508 ], [ 78.3333376, 17.4487879 ], [ 78.333355, 17.4488096 ], [ 78.3333912, 17.4488506 ], [ 78.333414, 17.4488659 ], [ 78.3334328, 17.4488698 ], [ 78.3334583, 17.4488531 ], [ 78.3334865, 17.4488288 ], [ 78.3335549, 17.4488019 ], [ 78.3336005, 17.4487981 ], [ 78.3336219, 17.4488058 ], [ 78.333634, 17.4488135 ], [ 78.3336595, 17.4488442 ], [ 78.3336917, 17.4488672 ], [ 78.3337265, 17.4488698 ], [ 78.3337748, 17.4488646 ], [ 78.3338365, 17.4488582 ], [ 78.3338687, 17.4488518 ], [ 78.3339129, 17.4488442 ], [ 78.3339545, 17.4488557 ], [ 78.3340149, 17.4488582 ], [ 78.3340511, 17.4488544 ], [ 78.3341114, 17.4488467 ], [ 78.3341691, 17.4488416 ], [ 78.3342053, 17.4488275 ], [ 78.334212, 17.4488083 ], [ 78.3342053, 17.4487943 ], [ 78.3341932, 17.4487776 ], [ 78.3341946, 17.4487636 ], [ 78.3342053, 17.4487546 ], [ 78.3342348, 17.448752 ], [ 78.3342576, 17.448761 ], [ 78.3342898, 17.4487789 ], [ 78.3343126, 17.4487815 ], [ 78.3343381, 17.4487789 ], [ 78.3343823, 17.4487687 ], [ 78.3344226, 17.4487572 ], [ 78.3345298, 17.4487393 ], [ 78.3346479, 17.4487022 ], [ 78.334664, 17.4486855 ], [ 78.334676, 17.4486702 ], [ 78.3347002, 17.4486676 ], [ 78.334735, 17.4486663 ], [ 78.3347793, 17.4486727 ], [ 78.3348249, 17.448683 ], [ 78.3350092, 17.4488693 ], [ 78.335018, 17.4486484 ], [ 78.3350837, 17.4486343 ], [ 78.3351789, 17.4486139 ], [ 78.3352831, 17.4487448 ], [ 78.335397, 17.4489315 ], [ 78.3355461, 17.4490312 ], [ 78.3356787, 17.4490507 ], [ 78.335799, 17.4491428 ], [ 78.3360494, 17.4493215 ], [ 78.3360979, 17.4492015 ], [ 78.336124, 17.4489895 ], [ 78.3363941, 17.448784 ], [ 78.3370786, 17.448965 ], [ 78.3367074, 17.4486042 ], [ 78.33698, 17.4483998 ], [ 78.3366089, 17.4484191 ], [ 78.3361892, 17.4482641 ], [ 78.3361621, 17.4480432 ], [ 78.3360566, 17.448066 ], [ 78.3361144, 17.447735 ], [ 78.3357222, 17.4479524 ], [ 78.3357667, 17.4482011 ], [ 78.3354752, 17.4482244 ], [ 78.3353829, 17.4480939 ], [ 78.3353585, 17.4476727 ], [ 78.3348668, 17.4478927 ], [ 78.334695, 17.4480353 ], [ 78.3345058, 17.4480071 ], [ 78.3344247, 17.4480627 ], [ 78.3343428, 17.4480644 ], [ 78.3342824, 17.4480128 ], [ 78.3341771, 17.4480129 ], [ 78.3339785, 17.4480517 ], [ 78.3340045, 17.4479666 ], [ 78.3338156, 17.4479616 ], [ 78.3337326, 17.4480163 ], [ 78.333667, 17.4480166 ], [ 78.3335892, 17.4479821 ], [ 78.3335762, 17.4478867 ], [ 78.3334638, 17.4479311 ], [ 78.3334284, 17.4479276 ], [ 78.3333209, 17.4478709 ], [ 78.3330253, 17.4478621 ], [ 78.3328643, 17.4478221 ], [ 78.3327419, 17.4477874 ], [ 78.3327618, 17.4476533 ], [ 78.3325636, 17.4475477 ], [ 78.3324399, 17.4476617 ], [ 78.3322969, 17.4475725 ], [ 78.332247, 17.4475387 ], [ 78.3321983, 17.4476171 ], [ 78.3320455, 17.4475916 ], [ 78.3318318, 17.4475879 ], [ 78.3316262, 17.4476332 ], [ 78.3314518, 17.4476834 ], [ 78.3313557, 17.4478357 ], [ 78.3312243, 17.4478988 ], [ 78.3312218, 17.4480394 ], [ 78.3312608, 17.4481495 ], [ 78.3310564, 17.4482169 ], [ 78.3309497, 17.4481446 ], [ 78.3308646, 17.4483529 ], [ 78.3308177, 17.4483567 ], [ 78.3307882, 17.4483733 ], [ 78.3307761, 17.4484028 ], [ 78.3307546, 17.4484386 ], [ 78.3307332, 17.4484731 ], [ 78.3307332, 17.4485064 ], [ 78.3307654, 17.448555 ], [ 78.3308673, 17.4486817 ], [ 78.3308955, 17.4487226 ], [ 78.3309169, 17.4487508 ], [ 78.3309491, 17.4487648 ], [ 78.3309786, 17.4487712 ], [ 78.3309934, 17.4487738 ], [ 78.3310175, 17.4487891 ], [ 78.3310416, 17.4488173 ], [ 78.3310792, 17.4488787 ], [ 78.3311355, 17.4489248 ], [ 78.3312026, 17.4489299 ], [ 78.3312723, 17.4489171 ], [ 78.3313018, 17.4488889 ], [ 78.3313689, 17.4488531 ], [ 78.3314225, 17.4488378 ], [ 78.3315219, 17.4488261 ] ] ] } },
{ "type": "Feature", "properties": { "cn": 92, "tags": { "landuse": "quarry" } }, "geometry": { "type": "Polygon", "coordinates": [ [ [ 78.4065257, 17.5155156 ], [ 78.4094347, 17.5144322 ], [ 78.4125674, 17.5181256 ], [ 78.4123953, 17.519094 ], [ 78.4101748, 17.519094 ], [ 78.4091076, 17.5204236 ], [ 78.4103125, 17.5217367 ], [ 78.4091076, 17.5239198 ], [ 78.4106224, 17.5270385 ], [ 78.4093658, 17.528171 ], [ 78.4090388, 17.5289261 ], [ 78.4117412, 17.5294185 ], [ 78.4139961, 17.5302063 ], [ 78.414633, 17.5315851 ], [ 78.4117068, 17.5342933 ], [ 78.4077822, 17.5352616 ], [ 78.4062675, 17.5347528 ], [ 78.4053208, 17.5327504 ], [ 78.4040814, 17.5326027 ], [ 78.4015511, 17.5303212 ], [ 78.4015339, 17.5276294 ], [ 78.4038577, 17.5265625 ], [ 78.4030659, 17.5251345 ], [ 78.4021192, 17.5214413 ], [ 78.4040126, 17.5193074 ], [ 78.4037447, 17.5178646 ], [ 78.4035823, 17.5173541 ], [ 78.4065257, 17.5155156 ] ] ] } },
{ "type": "Feature", "properties": { "cn": 98, "tags": { "natural": "water", "water": "pond" } }, "geometry": { "type": "Polygon", "coordinates": [ [ [ 78.4166313, 17.4422709 ], [ 78.4165326, 17.4421767 ], [ 78.4164797, 17.4419918 ], [ 78.41673, 17.4419481 ], [ 78.4167547, 17.4419212 ], [ 78.4169767, 17.4417934 ], [ 78.4168639, 17.4416824 ], [ 78.4168745, 17.4415345 ], [ 78.4170014, 17.4414168 ], [ 78.4170683, 17.4414437 ], [ 78.4169943, 17.4415614 ], [ 78.4172164, 17.4416387 ], [ 78.4172551, 17.4416488 ], [ 78.4172199, 17.4418943 ], [ 78.4173468, 17.4420657 ], [ 78.4174102, 17.4421565 ], [ 78.4173256, 17.4422137 ], [ 78.4171177, 17.4422574 ], [ 78.416663, 17.4423247 ], [ 78.4166313, 17.4422709 ] ] ] } },
{ "type": "Feature", "properties": { "cn": 92, "tags": { "landuse": "industrial", "name": "IDA Jeedimetla" } }, "geometry": { "type": "Polygon", "coordinates": [ [ [ 78.4465907, 17.5174811 ], [ 78.4465031, 17.5181465 ], [ 78.4461001, 17.5187406 ], [ 78.4452818, 17.519982 ], [ 78.4436104, 17.5224409 ], [ 78.4378863, 17.5190273 ], [ 78.4371704, 17.5196161 ], [ 78.4373221, 17.5200914 ], [ 78.4368696, 17.5207298 ], [ 78.4370246, 17.5211377 ], [ 78.4366877, 17.5219768 ], [ 78.436043, 17.5227925 ], [ 78.4356091, 17.5241463 ], [ 78.4356196, 17.5257002 ], [ 78.4361693, 17.5258854 ], [ 78.4356494, 17.5274432 ], [ 78.4345971, 17.5292666 ], [ 78.4340284, 17.529348 ], [ 78.4337287, 17.5297845 ], [ 78.4331745, 17.5307717 ], [ 78.4334966, 17.5314404 ], [ 78.4333106, 17.5316833 ], [ 78.4330835, 17.5319045 ], [ 78.4324777, 17.5324098 ], [ 78.4334031, 17.533402 ], [ 78.4350245, 17.5339337 ], [ 78.4354169, 17.5337139 ], [ 78.4397382, 17.5332358 ], [ 78.4404177, 17.5318115 ], [ 78.4429928, 17.5332417 ], [ 78.4426542, 17.530028 ], [ 78.4429755, 17.5298681 ], [ 78.4434453, 17.5295887 ], [ 78.443935, 17.5292222 ], [ 78.4447099, 17.5287907 ], [ 78.4453856, 17.5292517 ], [ 78.4456907, 17.5289415 ], [ 78.4470481, 17.5287778 ], [ 78.4471809, 17.5293782 ], [ 78.4491671, 17.5292754 ], [ 78.4491857, 17.5288616 ], [ 78.451467, 17.5302626 ], [ 78.4516344, 17.5304901 ], [ 78.4507913, 17.5306675 ], [ 78.4502272, 17.5310044 ], [ 78.4503217, 17.5311916 ], [ 78.4514523, 17.53288 ], [ 78.4561956, 17.5325516 ], [ 78.4555888, 17.5311509 ], [ 78.4555666, 17.5308612 ], [ 78.4555438, 17.5305649 ], [ 78.4546496, 17.5299504 ], [ 78.4541465, 17.528142 ], [ 78.4569056, 17.5281236 ], [ 78.45904, 17.5267948 ], [ 78.4611205, 17.5263821 ], [ 78.4589645, 17.5217377 ], [ 78.4574793, 17.5198744 ], [ 78.4581593, 17.519411 ], [ 78.4591628, 17.518699 ], [ 78.4578426, 17.5166627 ], [ 78.4576654, 17.5147894 ], [ 78.4576209, 17.5138604 ], [ 78.4558682, 17.5122938 ], [ 78.4548144, 17.5112415 ], [ 78.4549108, 17.5107315 ], [ 78.4544655, 17.5081762 ], [ 78.4550003, 17.5079839 ], [ 78.4549389, 17.5074989 ], [ 78.4520206, 17.5087605 ], [ 78.4486213, 17.5100229 ], [ 78.4478764, 17.5097909 ], [ 78.4474676, 17.5122967 ], [ 78.4466827, 17.5171087 ], [ 78.4465907, 17.5174811 ] ] ] } },
{ "type": "Feature", "properties": { "cn": 92, "tags": { "building": "retail", "landuse": "retail", "layer": "-1", "name": "Night Bazaar", "surface": "concrete" } }, "geometry": { "type": "Polygon", "coordinates": [ [ [ 78.3781453, 17.454682 ], [ 78.3780135, 17.4546248 ], [ 78.3780734, 17.4532697 ], [ 78.37938, 17.4531782 ], [ 78.3783191, 17.4545333 ], [ 78.3781453, 17.454682 ] ] ] } },
{ "type": "Feature", "properties": { "cn": 82, "tags": { "landuse": "residential", "name": "Meenakshi Towers" } }, "geometry": { "type": "Polygon", "coordinates": [ [ [ 78.3721196, 17.4630661 ], [ 78.3719469, 17.462589 ], [ 78.3719178, 17.4624789 ], [ 78.3718155, 17.4620966 ], [ 78.3729349, 17.4627471 ], [ 78.3735103, 17.4625412 ], [ 78.373786, 17.4627699 ], [ 78.3746012, 17.4629072 ], [ 78.3748169, 17.4631358 ], [ 78.3748529, 17.4632388 ], [ 78.3748947, 17.4640142 ], [ 78.3755539, 17.4641461 ], [ 78.3753913, 17.4643524 ], [ 78.3748887, 17.4642228 ], [ 78.3740952, 17.4638966 ], [ 78.373644, 17.4640008 ], [ 78.3721196, 17.4630661 ] ] ] } },
{ "type": "Feature", "properties": { "cn": 65, "tags": { "leisure": "garden", "name": "yashoda gardens" } }, "geometry": { "type": "Polygon", "coordinates": [ [ [ 78.4147276, 17.487299 ], [ 78.4145197, 17.4873269 ], [ 78.414509, 17.487552 ], [ 78.4148047, 17.4875717 ], [ 78.4147538, 17.4873918 ], [ 78.4147276, 17.487299 ] ] ] } },
{ "type": "Feature", "properties": { "cn": 65, "tags": { "natural": "scrub" } }, "geometry": { "type": "Polygon", "coordinates": [ [ [ 78.4023608, 17.4262767 ], [ 78.4021578, 17.4260682 ], [ 78.4024335, 17.4260322 ], [ 78.4050791, 17.4256869 ], [ 78.4059736, 17.42536 ], [ 78.4059048, 17.4250421 ], [ 78.4066967, 17.4245883 ], [ 78.4072164, 17.4251649 ], [ 78.4076388, 17.4253325 ], [ 78.4074229, 17.4254873 ], [ 78.4066263, 17.4255078 ], [ 78.405709, 17.4256511 ], [ 78.4051773, 17.4259787 ], [ 78.404331, 17.4264904 ], [ 78.4043654, 17.4266674 ], [ 78.4038991, 17.4268671 ], [ 78.4034995, 17.4265494 ], [ 78.4031093, 17.4265494 ], [ 78.4029098, 17.4264518 ], [ 78.4027097, 17.4263587 ], [ 78.4025744, 17.4263228 ], [ 78.4023608, 17.4262767 ] ] ] } },
{ "type": "Feature", "properties": { "cn": 65, "tags": { "natural": "scrub" } }, "geometry": { "type": "Polygon", "coordinates": [ [ [ 78.4045863, 17.4289849 ], [ 78.4044525, 17.4288239 ], [ 78.4048728, 17.428243 ], [ 78.4055456, 17.4278032 ], [ 78.4056365, 17.4278738 ], [ 78.4055524, 17.4279701 ], [ 78.4056802, 17.4281692 ], [ 78.4058585, 17.4280279 ], [ 78.4058989, 17.4281692 ], [ 78.4054985, 17.4284452 ], [ 78.4054212, 17.4284003 ], [ 78.4050612, 17.4286442 ], [ 78.4051688, 17.4287822 ], [ 78.4049097, 17.4290317 ], [ 78.4047709, 17.4288954 ], [ 78.4045863, 17.4289849 ] ] ] } },
{ "type": "Feature", "properties": { "cn": 65, "tags": { "leisure": "park" } }, "geometry": { "type": "Polygon", "coordinates": [ [ [ 78.4352248, 17.4565024 ], [ 78.4354048, 17.4566372 ], [ 78.4353812, 17.456443 ], [ 78.4352248, 17.4565024 ] ] ] } },
{ "type": "Feature", "properties": { "cn": 65, "tags": { "leisure": "park" } }, "geometry": { "type": "Polygon", "coordinates": [ [ [ 78.4262509, 17.4499847 ], [ 78.4263318, 17.4493085 ], [ 78.4265316, 17.4493357 ], [ 78.4262509, 17.4499847 ] ] ] } },
{ "type": "Feature", "properties": { "cn": 65, "tags": { "leisure": "park" } }, "geometry": { "type": "Polygon", "coordinates": [ [ [ 78.4392901, 17.4559249 ], [ 78.43944, 17.4556457 ], [ 78.4395208, 17.4559022 ], [ 78.4392901, 17.4559249 ] ] ] } },
{ "type": "Feature", "properties": { "cn": 65, "tags": { "craft": "dressmaker", "leisure": "park" } }, "geometry": { "type": "Polygon", "coordinates": [ [ [ 78.3997565, 17.4397227 ], [ 78.4000424, 17.4393408 ], [ 78.3993837, 17.4388921 ], [ 78.3990979, 17.439274 ], [ 78.3997565, 17.4397227 ] ] ] } },
{ "type": "Feature", "properties": { "cn": 65, "tags": { "leisure": "park" } }, "geometry": { "type": "Polygon", "coordinates": [ [ [ 78.4038428, 17.4288507 ], [ 78.4040178, 17.4287479 ], [ 78.403641, 17.4279423 ], [ 78.4034257, 17.4280161 ], [ 78.4038428, 17.4288507 ] ] ] } },
{ "type": "Feature", "properties": { "cn": 65, "tags": { "leisure": "park" } }, "geometry": { "type": "Polygon", "coordinates": [ [ [ 78.4394049, 17.4563715 ], [ 78.4397649, 17.4563265 ], [ 78.4397414, 17.4562062 ], [ 78.4393982, 17.4562479 ], [ 78.4394049, 17.4563715 ] ] ] } },
{ "type": "Feature", "properties": { "cn": 65, "tags": { "leisure": "park" } }, "geometry": { "type": "Polygon", "coordinates": [ [ [ 78.4034331, 17.4275828 ], [ 78.4033288, 17.4274512 ], [ 78.4035222, 17.4272554 ], [ 78.4036265, 17.4275074 ], [ 78.4034331, 17.4275828 ] ] ] } },
{ "type": "Feature", "properties": { "cn": 65, "tags": { "leisure": "park" } }, "geometry": { "type": "Polygon", "coordinates": [ [ [ 78.4088813, 17.4211927 ], [ 78.4090073, 17.4211405 ], [ 78.4089154, 17.4208763 ], [ 78.4087902, 17.4209002 ], [ 78.4088813, 17.4211927 ] ] ] } },
{ "type": "Feature", "properties": { "cn": 65, "tags": { "leisure": "park" } }, "geometry": { "type": "Polygon", "coordinates": [ [ [ 78.4369434, 17.4504509 ], [ 78.4371171, 17.4504804 ], [ 78.4371956, 17.4502784 ], [ 78.4370148, 17.450267 ], [ 78.4369434, 17.4504509 ] ] ] } },
{ "type": "Feature", "properties": { "cn": 65, "tags": { "leisure": "park" } }, "geometry": { "type": "Polygon", "coordinates": [ [ [ 78.4005891, 17.4350444 ], [ 78.4004783, 17.4349114 ], [ 78.400635, 17.4347925 ], [ 78.4007458, 17.4349255 ], [ 78.4005891, 17.4350444 ] ] ] } },
{ "type": "Feature", "properties": { "cn": 65, "tags": { "leisure": "park" } }, "geometry": { "type": "Polygon", "coordinates": [ [ [ 78.3989019, 17.4330778 ], [ 78.3988472, 17.4329961 ], [ 78.3990185, 17.4328962 ], [ 78.3990684, 17.4329734 ], [ 78.3989019, 17.4330778 ] ] ] } },
{ "type": "Feature", "properties": { "cn": 65, "tags": { "leisure": "park" } }, "geometry": { "type": "Polygon", "coordinates": [ [ [ 78.4074361, 17.4294355 ], [ 78.4076746, 17.4292834 ], [ 78.4074659, 17.4289855 ], [ 78.4072274, 17.4291376 ], [ 78.4074361, 17.4294355 ] ] ] } },
{ "type": "Feature", "properties": { "cn": 65, "tags": { "leisure": "park" } }, "geometry": { "type": "Polygon", "coordinates": [ [ [ 78.400878, 17.4240723 ], [ 78.4007704, 17.423777 ], [ 78.4008998, 17.423696 ], [ 78.4017796, 17.4236358 ], [ 78.4017998, 17.4238348 ], [ 78.4012002, 17.4240286 ], [ 78.400878, 17.4240723 ] ] ] } },
{ "type": "Feature", "properties": { "cn": 65, "tags": { "leisure": "park" } }, "geometry": { "type": "Polygon", "coordinates": [ [ [ 78.439566, 17.4554402 ], [ 78.4403202, 17.4553312 ], [ 78.4402845, 17.4554651 ], [ 78.4395943, 17.455566 ], [ 78.439566, 17.4554402 ] ] ] } },
{ "type": "Feature", "properties": { "cn": 65, "tags": { "leisure": "park" } }, "geometry": { "type": "Polygon", "coordinates": [ [ [ 78.4266315, 17.4480336 ], [ 78.426779, 17.448054 ], [ 78.4269764, 17.4474231 ], [ 78.4267052, 17.4474004 ], [ 78.4266315, 17.4480336 ] ] ] } },
{ "type": "Feature", "properties": { "cn": 65, "tags": { "leisure": "park" } }, "geometry": { "type": "Polygon", "coordinates": [ [ [ 78.4109719, 17.420891 ], [ 78.4108038, 17.4206073 ], [ 78.410831, 17.420478 ], [ 78.4106446, 17.4199389 ], [ 78.4107945, 17.4199232 ], [ 78.4112558, 17.4206799 ], [ 78.4109719, 17.420891 ] ] ] } },
{ "type": "Feature", "properties": { "cn": 65, "tags": { "leisure": "park" } }, "geometry": { "type": "Polygon", "coordinates": [ [ [ 78.4035121, 17.4222255 ], [ 78.4039165, 17.4219894 ], [ 78.4038166, 17.4218215 ], [ 78.403619, 17.4219298 ], [ 78.403462, 17.4217482 ], [ 78.4032266, 17.4218487 ], [ 78.4035121, 17.4222255 ] ] ] } },
{ "type": "Feature", "properties": { "cn": 65, "tags": { "leisure": "park" } }, "geometry": { "type": "Polygon", "coordinates": [ [ [ 78.4045761, 17.4211827 ], [ 78.404942, 17.4209279 ], [ 78.4051042, 17.421133 ], [ 78.4051743, 17.4210768 ], [ 78.4050476, 17.4209251 ], [ 78.4051512, 17.4208524 ], [ 78.4047324, 17.4207206 ], [ 78.4044065, 17.4207161 ], [ 78.4042182, 17.420756 ], [ 78.4045761, 17.4211827 ] ] ] } },
{ "type": "Feature", "properties": { "cn": 82, "tags": { "landuse": "residential", "name": "aditya sunshine" } }, "geometry": { "type": "Polygon", "coordinates": [ [ [ 78.369134, 17.4665352 ], [ 78.3690314, 17.4661484 ], [ 78.3695142, 17.4659745 ], [ 78.369434, 17.465854 ], [ 78.37042, 17.4654543 ], [ 78.3714944, 17.4655598 ], [ 78.3718003, 17.4663331 ], [ 78.3710393, 17.4666446 ], [ 78.3709231, 17.4664998 ], [ 78.3708944, 17.466464 ], [ 78.3708082, 17.4663566 ], [ 78.3698839, 17.4667563 ], [ 78.3697021, 17.4663918 ], [ 78.369134, 17.4665352 ] ] ] } },
{ "type": "Feature", "properties": { "cn": 92, "tags": { "addr:city": "Hyderabad", "addr:housenumber": "2 nd floor plot no-658, Survey of India Colony Chanda Naik Nagar", "addr:postcode": "500081", "addr:street": "100 Feet Road", "addr:unit": "Madhapur", "building:levels": "2", "email": "info@fintown.com", "landuse": "commercial", "name": "FinTown", "website": "https://www.fintown.com/" } }, "geometry": { "type": "Polygon", "coordinates": [ [ [ 78.3942911, 17.4535461 ], [ 78.3942806, 17.4534187 ], [ 78.3944427, 17.4534065 ], [ 78.3944532, 17.453534 ], [ 78.3942911, 17.4535461 ] ] ] } },
{ "type": "Feature", "properties": { "cn": 92, "tags": { "addr:city": "Hyderabad", "addr:housenumber": "Aarvee Associates Architect Engineers and Consultants Private Limited", "addr:postcode": "500073", "addr:street": "Sri Nagar Colony Main Road", "description": "Office  - Civil designs", "landuse": "commercial", "level": "5", "name": "Aarvee Associates Architect Engineers and Consultants Private Limited", "website": "https://aarvee.com/" } }, "geometry": { "type": "Polygon", "coordinates": [ [ [ 78.438103, 17.4300542 ], [ 78.438274, 17.4300514 ], [ 78.4382707, 17.4298649 ], [ 78.4380998, 17.4298676 ], [ 78.438103, 17.4300542 ] ] ] } },
{ "type": "Feature", "properties": { "cn": 65, "tags": { "leisure": "park" } }, "geometry": { "type": "Polygon", "coordinates": [ [ [ 78.3839402, 17.4787578 ], [ 78.3839519, 17.4784081 ], [ 78.384015, 17.4784126 ], [ 78.3840523, 17.4784326 ], [ 78.384099, 17.4784705 ], [ 78.3841504, 17.4785373 ], [ 78.3841714, 17.4785907 ], [ 78.3841784, 17.4786152 ], [ 78.3839402, 17.4787578 ] ] ] } },
{ "type": "Feature", "properties": { "cn": 65, "tags": { "leisure": "park" } }, "geometry": { "type": "Polygon", "coordinates": [ [ [ 78.3842648, 17.478299 ], [ 78.3844283, 17.4784749 ], [ 78.3847388, 17.4783101 ], [ 78.3842578, 17.4782678 ], [ 78.3842648, 17.478299 ] ] ] } },
{ "type": "Feature", "properties": { "cn": 65, "tags": { "leisure": "park" } }, "geometry": { "type": "Polygon", "coordinates": [ [ [ 78.3831212, 17.4769767 ], [ 78.3830935, 17.4768474 ], [ 78.3830195, 17.4767651 ], [ 78.3828963, 17.4767034 ], [ 78.3825728, 17.4765829 ], [ 78.3823756, 17.4765623 ], [ 78.3823787, 17.4764771 ], [ 78.383124, 17.4765718 ], [ 78.3835125, 17.4766211 ], [ 78.3849544, 17.476768 ], [ 78.3851485, 17.4767709 ], [ 78.3852718, 17.4768238 ], [ 78.3853149, 17.4768914 ], [ 78.3853334, 17.4769443 ], [ 78.3853765, 17.4771383 ], [ 78.3839192, 17.4770325 ], [ 78.3836008, 17.4770112 ], [ 78.3835485, 17.4770489 ], [ 78.3831419, 17.4770345 ], [ 78.3831212, 17.4769767 ] ] ] } },
{ "type": "Feature", "properties": { "cn": 82, "tags": { "landuse": "residential", "name": "Indu Fortune Fields" } }, "geometry": { "type": "Polygon", "coordinates": [ [ [ 78.3790012, 17.4770904 ], [ 78.3806082, 17.4758025 ], [ 78.3820592, 17.474945 ], [ 78.3830595, 17.4743871 ], [ 78.3836262, 17.474062 ], [ 78.3845695, 17.4732869 ], [ 78.3845974, 17.4734197 ], [ 78.3851299, 17.4759507 ], [ 78.3855129, 17.4778483 ], [ 78.3826441, 17.4794167 ], [ 78.381422, 17.4800755 ], [ 78.3813006, 17.4794697 ], [ 78.3812165, 17.4790777 ], [ 78.3810764, 17.4788461 ], [ 78.3804644, 17.4781891 ], [ 78.380274, 17.4779664 ], [ 78.3797071, 17.4774559 ], [ 78.3794314, 17.477217 ], [ 78.3790012, 17.4770904 ] ] ] } },
{ "type": "Feature", "properties": { "cn": 65, "tags": { "leisure": "park" } }, "geometry": { "type": "Polygon", "coordinates": [ [ [ 78.3845516, 17.4765755 ], [ 78.3846216, 17.475796 ], [ 78.3844301, 17.4757826 ], [ 78.3845469, 17.4747937 ], [ 78.3848411, 17.4748071 ], [ 78.3850839, 17.4759074 ], [ 78.385224, 17.4766201 ], [ 78.3845516, 17.4765755 ] ] ] } },
{ "type": "Feature", "properties": { "cn": 65, "tags": { "natural": "grassland" } }, "geometry": { "type": "Polygon", "coordinates": [ [ [ 78.3855754, 17.4768525 ], [ 78.3891433, 17.4759706 ], [ 78.3899839, 17.477102 ], [ 78.3901571, 17.4774625 ], [ 78.3902537, 17.4777644 ], [ 78.3902752, 17.478184 ], [ 78.3902162, 17.4784859 ], [ 78.3900816, 17.478994 ], [ 78.3897173, 17.4801591 ], [ 78.3892988, 17.4813359 ], [ 78.389213, 17.4817145 ], [ 78.3891916, 17.4819755 ], [ 78.3891897, 17.4821672 ], [ 78.3876466, 17.4821807 ], [ 78.3876466, 17.4832205 ], [ 78.385155, 17.4829774 ], [ 78.3850984, 17.4835985 ], [ 78.3846737, 17.4835175 ], [ 78.3846171, 17.4838821 ], [ 78.3835695, 17.4838821 ], [ 78.3835836, 17.4841116 ], [ 78.3816725, 17.4840441 ], [ 78.38163, 17.4837066 ], [ 78.381899, 17.4828694 ], [ 78.381729, 17.4823766 ], [ 78.3816371, 17.4820727 ], [ 78.3815163, 17.4809658 ], [ 78.3814769, 17.4802619 ], [ 78.3857496, 17.4778868 ], [ 78.3855754, 17.4768525 ] ] ] } },
{ "type": "Feature", "properties": { "cn": 65, "tags": { "leisure": "pitch", "sport": "tennis" } }, "geometry": { "type": "Polygon", "coordinates": [ [ [ 78.3820087, 17.4772736 ], [ 78.3820697, 17.4766202 ], [ 78.3822527, 17.4766299 ], [ 78.3821795, 17.4772871 ], [ 78.3820087, 17.4772736 ] ] ] } },
{ "type": "Feature", "properties": { "cn": 65, "tags": { "leisure": "park" } }, "geometry": { "type": "Polygon", "coordinates": [ [ [ 78.381283, 17.4762567 ], [ 78.3815959, 17.4762767 ], [ 78.3815632, 17.4765485 ], [ 78.3815072, 17.4765462 ], [ 78.3814628, 17.476544 ], [ 78.3814605, 17.4764928 ], [ 78.3814418, 17.4764571 ], [ 78.3813974, 17.4764571 ], [ 78.3813344, 17.4764482 ], [ 78.3812924, 17.4764304 ], [ 78.381262, 17.4763926 ], [ 78.381283, 17.4762567 ] ] ] } },
{ "type": "Feature", "properties": { "cn": 98, "tags": { "leisure": "swimming_pool" } }, "geometry": { "type": "Polygon", "coordinates": [ [ [ 78.3813924, 17.4767173 ], [ 78.3814411, 17.4766549 ], [ 78.381449, 17.476638 ], [ 78.3814596, 17.476611 ], [ 78.3814676, 17.4765899 ], [ 78.3814835, 17.4765941 ], [ 78.3814986, 17.4766025 ], [ 78.381503, 17.4766177 ], [ 78.381503, 17.4766194 ], [ 78.381503, 17.4766354 ], [ 78.3814968, 17.4766532 ], [ 78.3814942, 17.476665 ], [ 78.3814968, 17.476681 ], [ 78.3815083, 17.4766971 ], [ 78.3815561, 17.4767325 ], [ 78.3815632, 17.4767519 ], [ 78.3815649, 17.4767646 ], [ 78.3815579, 17.4767848 ], [ 78.3815455, 17.4768017 ], [ 78.3815304, 17.4768118 ], [ 78.3815083, 17.4768169 ], [ 78.3814942, 17.476816 ], [ 78.3814738, 17.4768042 ], [ 78.3814605, 17.4767916 ], [ 78.3814552, 17.4767772 ], [ 78.3814508, 17.4767595 ], [ 78.3814428, 17.4767452 ], [ 78.3814243, 17.476735 ], [ 78.3814083, 17.4767308 ], [ 78.3813924, 17.4767173 ] ] ] } },
{ "type": "Feature", "properties": { "cn": 65, "tags": { "name": "janapriya", "natural": "grassland" } }, "geometry": { "type": "Polygon", "coordinates": [ [ [ 78.3704529, 17.489208 ], [ 78.3711988, 17.4888722 ], [ 78.371311, 17.4888254 ], [ 78.3715685, 17.4887256 ], [ 78.370435, 17.4875005 ], [ 78.3703931, 17.4875518 ], [ 78.3705006, 17.4879331 ], [ 78.3702703, 17.4881276 ], [ 78.3700139, 17.4882336 ], [ 78.3704529, 17.489208 ] ] ] } },
{ "type": "Feature", "properties": { "cn": 65, "tags": { "natural": "grassland" } }, "geometry": { "type": "Polygon", "coordinates": [ [ [ 78.3705281, 17.4873076 ], [ 78.3705298, 17.48727 ], [ 78.3707252, 17.4872308 ], [ 78.3707201, 17.4874858 ], [ 78.3707081, 17.4874956 ], [ 78.3706806, 17.4874727 ], [ 78.3705281, 17.4873076 ] ] ] } },
{ "type": "Feature", "properties": { "cn": 65, "tags": { "natural": "grassland" } }, "geometry": { "type": "Polygon", "coordinates": [ [ [ 78.3700671, 17.4867959 ], [ 78.3696285, 17.4863463 ], [ 78.3701208, 17.4859166 ], [ 78.3700671, 17.4867959 ] ] ] } },
{ "type": "Feature", "properties": { "cn": 65, "tags": { "leisure": "pitch", "sport": "tennis" } }, "geometry": { "type": "Polygon", "coordinates": [ [ [ 78.3831813, 17.4474628 ], [ 78.383098, 17.4471552 ], [ 78.3832481, 17.4471182 ], [ 78.3833314, 17.4474258 ], [ 78.3831813, 17.4474628 ] ] ] } },
{ "type": "Feature", "properties": { "cn": 65, "tags": { "leisure": "pitch", "sport": "tennis" } }, "geometry": { "type": "Polygon", "coordinates": [ [ [ 78.3816671, 17.4478075 ], [ 78.3815838, 17.4474999 ], [ 78.3817339, 17.4474629 ], [ 78.3818172, 17.4477705 ], [ 78.3816671, 17.4478075 ] ] ] } },
{ "type": "Feature", "properties": { "cn": 65, "tags": { "leisure": "playground" } }, "geometry": { "type": "Polygon", "coordinates": [ [ [ 78.3829472, 17.4467235 ], [ 78.3829928, 17.4467594 ], [ 78.3832338, 17.4466997 ], [ 78.3831707, 17.446468 ], [ 78.3828961, 17.446536 ], [ 78.3829472, 17.4467235 ] ] ] } },
{ "type": "Feature", "properties": { "cn": 65, "tags": { "leisure": "playground" } }, "geometry": { "type": "Polygon", "coordinates": [ [ [ 78.3814303, 17.4471328 ], [ 78.3813636, 17.4468935 ], [ 78.3815849, 17.4468374 ], [ 78.3816516, 17.4470766 ], [ 78.3814303, 17.4471328 ] ] ] } },
{ "type": "Feature", "properties": { "cn": 98, "tags": { "leisure": "swimming_pool" } }, "geometry": { "type": "Polygon", "coordinates": [ [ [ 78.38242, 17.44689 ], [ 78.3823648, 17.4466886 ], [ 78.3825091, 17.4466518 ], [ 78.382565, 17.4468547 ], [ 78.38242, 17.44689 ] ] ] } },
{ "type": "Feature", "properties": { "cn": 65, "tags": { "leisure": "park" } }, "geometry": { "type": "Polygon", "coordinates": [ [ [ 78.3825261, 17.4481232 ], [ 78.3823973, 17.44769 ], [ 78.3822477, 17.4477284 ], [ 78.3821412, 17.4473441 ], [ 78.3826892, 17.4472094 ], [ 78.3827879, 17.4475694 ], [ 78.3826253, 17.4476191 ], [ 78.3827594, 17.4480644 ], [ 78.3825261, 17.4481232 ] ] ] } },
{ "type": "Feature", "properties": { "cn": 65, "tags": { "leisure": "park", "name": "PV Narasimharao Park", "operator": "narasimha rao" } }, "geometry": { "type": "Polygon", "coordinates": [ [ [ 78.389344, 17.4889903 ], [ 78.3894944, 17.4893431 ], [ 78.3909702, 17.4891182 ], [ 78.3907695, 17.4886541 ], [ 78.3905612, 17.4887336 ], [ 78.3904717, 17.488558 ], [ 78.389344, 17.4889903 ] ] ] } },
{ "type": "Feature", "properties": { "cn": 65, "tags": { "access": "yes", "leisure": "playground", "name": "Netaji Grounds" } }, "geometry": { "type": "Polygon", "coordinates": [ [ [ 78.3881121, 17.4887344 ], [ 78.3886894, 17.4878968 ], [ 78.388913, 17.488017 ], [ 78.3890472, 17.4881023 ], [ 78.3891651, 17.4882613 ], [ 78.3891936, 17.4883311 ], [ 78.3881121, 17.4887344 ] ] ] } },
{ "type": "Feature", "properties": { "cn": 65, "tags": { "leisure": "park" } }, "geometry": { "type": "Polygon", "coordinates": [ [ [ 78.3898502, 17.4872994 ], [ 78.3901511, 17.4868336 ], [ 78.3899458, 17.4867121 ], [ 78.3900236, 17.4866513 ], [ 78.3899281, 17.4864521 ], [ 78.3900626, 17.4862563 ], [ 78.3904731, 17.4872792 ], [ 78.3900838, 17.4874412 ], [ 78.3898502, 17.4872994 ] ] ] } },
{ "type": "Feature", "properties": { "cn": 65, "tags": { "leisure": "park" } }, "geometry": { "type": "Polygon", "coordinates": [ [ [ 78.3915379, 17.482914 ], [ 78.3918163, 17.4824804 ], [ 78.3921199, 17.4826608 ], [ 78.3919525, 17.4827746 ], [ 78.3915724, 17.4829456 ], [ 78.3915379, 17.482914 ] ] ] } },
{ "type": "Feature", "properties": { "cn": 65, "tags": { "leisure": "park", "name": "HUDA Park" } }, "geometry": { "type": "Polygon", "coordinates": [ [ [ 78.3924991, 17.4812473 ], [ 78.3928089, 17.4807535 ], [ 78.3930704, 17.480357 ], [ 78.3934956, 17.4805898 ], [ 78.3933467, 17.4810605 ], [ 78.3931845, 17.4816099 ], [ 78.3924991, 17.4812473 ] ] ] } },
{ "type": "Feature", "properties": { "cn": 65, "tags": { "leisure": "park", "name": "HIG Park" } }, "geometry": { "type": "Polygon", "coordinates": [ [ [ 78.3872064, 17.4844874 ], [ 78.3877855, 17.484532 ], [ 78.3878182, 17.4840019 ], [ 78.3872345, 17.4839574 ], [ 78.3872064, 17.4844874 ] ] ] } },
{ "type": "Feature", "properties": { "cn": 65, "tags": { "leisure": "playground" } }, "geometry": { "type": "Polygon", "coordinates": [ [ [ 78.3960869, 17.486071 ], [ 78.3959141, 17.4857147 ], [ 78.3957644, 17.4854935 ], [ 78.3958369, 17.485294 ], [ 78.3960058, 17.4848974 ], [ 78.3963518, 17.4850126 ], [ 78.3964978, 17.4850777 ], [ 78.3968247, 17.4856791 ], [ 78.3960869, 17.486071 ] ] ] } },
{ "type": "Feature", "properties": { "cn": 65, "tags": { "addr:city": "Hyderabad", "addr:postcode": "500072", "addr:street": "Road Number 3", "leisure": "park", "name": "Shyam Prasad Mukharjee Municipal Park", "opening_hours": "9AM-11AM    4PM-7PM", "operator": "GHMC" } }, "geometry": { "type": "Polygon", "coordinates": [ [ [ 78.3972841, 17.4894351 ], [ 78.3976897, 17.4892635 ], [ 78.3978025, 17.4894777 ], [ 78.3973888, 17.4896542 ], [ 78.3972841, 17.4894351 ] ] ] } },
{ "type": "Feature", "properties": { "cn": 65, "tags": { "leisure": "park" } }, "geometry": { "type": "Polygon", "coordinates": [ [ [ 78.3861008, 17.4861687 ], [ 78.3861415, 17.4856763 ], [ 78.3861781, 17.4856297 ], [ 78.3862919, 17.4856181 ], [ 78.3871253, 17.4856879 ], [ 78.3871538, 17.4857422 ], [ 78.3861008, 17.4861687 ] ] ] } },
{ "type": "Feature", "properties": { "cn": 65, "tags": { "leisure": "park", "name": "Vasanth Nagar Park" } }, "geometry": { "type": "Polygon", "coordinates": [ [ [ 78.3844497, 17.4915231 ], [ 78.3841196, 17.491144 ], [ 78.384646, 17.4907271 ], [ 78.3849761, 17.4911061 ], [ 78.3844497, 17.4915231 ] ] ] } },
{ "type": "Feature", "properties": { "cn": 65, "tags": { "leisure": "park" } }, "geometry": { "type": "Polygon", "coordinates": [ [ [ 78.4394616, 17.4300991 ], [ 78.4394622, 17.4296179 ], [ 78.439949, 17.4296184 ], [ 78.4399484, 17.4300997 ], [ 78.4394616, 17.4300991 ] ] ] } },
{ "type": "Feature", "properties": { "cn": 82, "tags": { "landuse": "residential" } }, "geometry": { "type": "Polygon", "coordinates": [ [ [ 78.3861458, 17.4987705 ], [ 78.3863634, 17.4987327 ], [ 78.3863003, 17.4984025 ], [ 78.3860891, 17.4984388 ], [ 78.3861458, 17.4987705 ] ] ] } },
{ "type": "Feature", "properties": { "cn": 65, "tags": { "leisure": "park" } }, "geometry": { "type": "Polygon", "coordinates": [ [ [ 78.3840818, 17.4981621 ], [ 78.3840264, 17.4978066 ], [ 78.3845933, 17.4977155 ], [ 78.3846549, 17.4980857 ], [ 78.3840818, 17.4981621 ] ] ] } },
{ "type": "Feature", "properties": { "cn": 65, "tags": { "addr:city": "Hyderabad", "addr:postcode": "500072", "addr:street": "MIG-87-88, Dharma Reddy Colony Phase I, Kukatpally, Hyderabad, Telangana 500085", "dog": "yes", "leisure": "park", "name": "GHMC Park", "opening_hours": "mo-su 05:00-19:00", "operator": "Greater Hyderabad Municipal Corporation", "operator:short": "GHMC", "operator:type": "government", "operator:wikidata": "Q5259597" } }, "geometry": { "type": "Polygon", "coordinates": [ [ [ 78.3949374, 17.494587 ], [ 78.3949009, 17.4944872 ], [ 78.3947992, 17.4942091 ], [ 78.3947905, 17.4941853 ], [ 78.3954913, 17.4938967 ], [ 78.3957195, 17.4943912 ], [ 78.3949374, 17.494587 ] ] ] } },
{ "type": "Feature", "properties": { "cn": 65, "tags": { "leisure": "pitch", "name": "Cricket Ground", "sport": "cricket" } }, "geometry": { "type": "Polygon", "coordinates": [ [ [ 78.3519214, 17.4344599 ], [ 78.3518194, 17.4345784 ], [ 78.3516906, 17.4346679 ], [ 78.3515552, 17.4347114 ], [ 78.3513983, 17.4347204 ], [ 78.35124, 17.4346654 ], [ 78.3510952, 17.4345796 ], [ 78.3510053, 17.4344223 ], [ 78.3509731, 17.4342751 ], [ 78.3509865, 17.4340819 ], [ 78.3510321, 17.4339604 ], [ 78.3511394, 17.4338555 ], [ 78.3513071, 17.4337812 ], [ 78.3514331, 17.4337339 ], [ 78.3515149, 17.4337211 ], [ 78.3516571, 17.4337864 ], [ 78.3518475, 17.4338631 ], [ 78.35205, 17.4339604 ], [ 78.3520634, 17.4341075 ], [ 78.3519642, 17.4341305 ], [ 78.3519493, 17.4343086 ], [ 78.3519214, 17.4344599 ] ] ] } },
{ "type": "Feature", "properties": { "cn": 98, "tags": { "natural": "water", "water": "lake" } }, "geometry": { "type": "Polygon", "coordinates": [ [ [ 78.3415862, 17.4230475 ], [ 78.3414043, 17.4225545 ], [ 78.341659, 17.4222767 ], [ 78.3417463, 17.4222212 ], [ 78.3421174, 17.4221934 ], [ 78.3422412, 17.422242 ], [ 78.3423139, 17.4223114 ], [ 78.3423212, 17.4224225 ], [ 78.3423358, 17.4225267 ], [ 78.3415862, 17.4230475 ] ] ] } },
{ "type": "Feature", "properties": { "cn": 98, "tags": { "leisure": "swimming_pool" } }, "geometry": { "type": "Polygon", "coordinates": [ [ [ 78.3291689, 17.4290535 ], [ 78.3291959, 17.4291377 ], [ 78.3294167, 17.4290733 ], [ 78.3293897, 17.4289891 ], [ 78.3291689, 17.4290535 ] ] ] } },
{ "type": "Feature", "properties": { "cn": 65, "tags": { "leisure": "garden" } }, "geometry": { "type": "Polygon", "coordinates": [ [ [ 78.3667151, 17.4457291 ], [ 78.3669458, 17.4453913 ], [ 78.366978, 17.4453785 ], [ 78.3669994, 17.4453785 ], [ 78.3672703, 17.4456395 ], [ 78.3672113, 17.4457188 ], [ 78.3667151, 17.4457291 ] ] ] } },
{ "type": "Feature", "properties": { "cn": 65, "tags": { "leisure": "garden" } }, "geometry": { "type": "Polygon", "coordinates": [ [ [ 78.3708842, 17.4593774 ], [ 78.3707849, 17.4591714 ], [ 78.3710228, 17.459067 ], [ 78.3711221, 17.459273 ], [ 78.3708842, 17.4593774 ] ] ] } },
{ "type": "Feature", "properties": { "cn": 65, "tags": { "leisure": "garden" } }, "geometry": { "type": "Polygon", "coordinates": [ [ [ 78.3711782, 17.4600083 ], [ 78.3710789, 17.4598023 ], [ 78.3713168, 17.4596979 ], [ 78.3714161, 17.4599039 ], [ 78.3711782, 17.4600083 ] ] ] } },
{ "type": "Feature", "properties": { "cn": 65, "tags": { "building": "residential", "landuse": "grass" } }, "geometry": { "type": "Polygon", "coordinates": [ [ [ 78.3712232, 17.460637 ], [ 78.3717953, 17.4603525 ], [ 78.3720339, 17.4608878 ], [ 78.3714927, 17.4612018 ], [ 78.3712232, 17.460637 ] ] ] } },
{ "type": "Feature", "properties": { "cn": 98, "tags": { "leisure": "swimming_pool" } }, "geometry": { "type": "Polygon", "coordinates": [ [ [ 78.3714941, 17.4606172 ], [ 78.3715013, 17.4605856 ], [ 78.3715187, 17.4605577 ], [ 78.3715445, 17.4605365 ], [ 78.3715759, 17.4605242 ], [ 78.3716098, 17.4605221 ], [ 78.3716427, 17.4605302 ], [ 78.3716712, 17.4605479 ], [ 78.3716924, 17.4605733 ], [ 78.371704, 17.4606037 ], [ 78.371705, 17.4606361 ], [ 78.3716951, 17.4606671 ], [ 78.3716807, 17.4606882 ], [ 78.3716613, 17.4607052 ], [ 78.3716381, 17.4607171 ], [ 78.3716125, 17.4607231 ], [ 78.3715862, 17.460723 ], [ 78.3715607, 17.4607167 ], [ 78.3715376, 17.4607045 ], [ 78.3715184, 17.4606873 ], [ 78.3715042, 17.4606662 ], [ 78.3714959, 17.4606423 ], [ 78.3714941, 17.4606172 ] ] ] } },
{ "type": "Feature", "properties": { "cn": 92, "tags": { "landuse": "commercial", "name": "Western Pearl", "office": "yes" } }, "geometry": { "type": "Polygon", "coordinates": [ [ [ 78.3726588, 17.457754 ], [ 78.3727697, 17.4579668 ], [ 78.3730851, 17.4585718 ], [ 78.3736082, 17.4583638 ], [ 78.3736339, 17.4583522 ], [ 78.3733024, 17.4576929 ], [ 78.3732468, 17.4576984 ], [ 78.3730164, 17.4577399 ], [ 78.3726588, 17.457754 ] ] ] } },
{ "type": "Feature", "properties": { "cn": 92, "tags": { "landuse": "commercial", "name": "Franklin Templeton Park" } }, "geometry": { "type": "Polygon", "coordinates": [ [ [ 78.3337718, 17.4216412 ], [ 78.3346779, 17.4210975 ], [ 78.3343664, 17.4206147 ], [ 78.3342327, 17.4203773 ], [ 78.3337231, 17.4195583 ], [ 78.3328433, 17.4201316 ], [ 78.3337718, 17.4216412 ] ] ] } },
{ "type": "Feature", "properties": { "cn": 65, "tags": { "leisure": "park" } }, "geometry": { "type": "Polygon", "coordinates": [ [ [ 78.3713708, 17.4686581 ], [ 78.3715156, 17.468635 ], [ 78.3716873, 17.4686708 ], [ 78.3719662, 17.4687118 ], [ 78.3723605, 17.4687706 ], [ 78.372559, 17.4687757 ], [ 78.3727628, 17.468763 ], [ 78.3731169, 17.4686888 ], [ 78.3735782, 17.4685301 ], [ 78.3737821, 17.4684457 ], [ 78.3737713, 17.4683971 ], [ 78.3720199, 17.4684841 ], [ 78.3713305, 17.4684815 ], [ 78.3713305, 17.4686222 ], [ 78.3713708, 17.4686581 ] ] ] } },
{ "type": "Feature", "properties": { "cn": 98, "tags": { "leisure": "swimming_pool" } }, "geometry": { "type": "Polygon", "coordinates": [ [ [ 78.3723927, 17.4686299 ], [ 78.3725831, 17.4687323 ], [ 78.3728433, 17.4687374 ], [ 78.3728728, 17.4687143 ], [ 78.3728835, 17.4686632 ], [ 78.3728326, 17.4686094 ], [ 78.3727843, 17.4685787 ], [ 78.3726824, 17.4685173 ], [ 78.372559, 17.4684943 ], [ 78.3725053, 17.4684994 ], [ 78.3724007, 17.4685276 ], [ 78.3723927, 17.4686299 ] ] ] } },
{ "type": "Feature", "properties": { "cn": 92, "tags": { "landuse": "commercial" } }, "geometry": { "type": "Polygon", "coordinates": [ [ [ 78.3328558, 17.4221537 ], [ 78.3337421, 17.4216611 ], [ 78.3328192, 17.4201793 ], [ 78.3327566, 17.4202174 ], [ 78.331938, 17.4207157 ], [ 78.3319208, 17.4207262 ], [ 78.3328558, 17.4221537 ] ] ] } },
{ "type": "Feature", "properties": { "cn": 92, "tags": { "landuse": "construction" } }, "geometry": { "type": "Polygon", "coordinates": [ [ [ 78.3345706, 17.4267352 ], [ 78.3342823, 17.4261903 ], [ 78.3349499, 17.4257896 ], [ 78.3354597, 17.4266604 ], [ 78.3345706, 17.4267352 ] ] ] } },
{ "type": "Feature", "properties": { "cn": 65, "tags": { "leisure": "park" } }, "geometry": { "type": "Polygon", "coordinates": [ [ [ 78.3703799, 17.4626594 ], [ 78.3702981, 17.462419 ], [ 78.3705623, 17.4623371 ], [ 78.3706441, 17.4625775 ], [ 78.3703799, 17.4626594 ] ] ] } },
{ "type": "Feature", "properties": { "cn": 82, "tags": { "landuse": "residential", "name": "Ekta Prime Basil Hieghts" } }, "geometry": { "type": "Polygon", "coordinates": [ [ [ 78.3712321, 17.4622235 ], [ 78.3710899, 17.4618346 ], [ 78.3712428, 17.4617783 ], [ 78.3713984, 17.4621595 ], [ 78.3712321, 17.4622235 ] ] ] } },
{ "type": "Feature", "properties": { "cn": 65, "tags": { "leisure": "park" } }, "geometry": { "type": "Polygon", "coordinates": [ [ [ 78.3357752, 17.4244357 ], [ 78.3357399, 17.4244548 ], [ 78.3357135, 17.4244841 ], [ 78.3356989, 17.4245202 ], [ 78.335698, 17.4245589 ], [ 78.3357108, 17.4245956 ], [ 78.3357359, 17.424626 ], [ 78.3357703, 17.4246466 ], [ 78.3358068, 17.4246546 ], [ 78.3358441, 17.4246514 ], [ 78.3358786, 17.4246372 ], [ 78.3359066, 17.4246135 ], [ 78.3359254, 17.4245825 ], [ 78.3359331, 17.4245475 ], [ 78.335929, 17.424512 ], [ 78.3359134, 17.4244794 ], [ 78.3358879, 17.4244532 ], [ 78.3358551, 17.4244359 ], [ 78.3358152, 17.4244292 ], [ 78.3357752, 17.4244357 ] ] ] } },
{ "type": "Feature", "properties": { "cn": 65, "tags": { "leisure": "park" } }, "geometry": { "type": "Polygon", "coordinates": [ [ [ 78.33612, 17.4241678 ], [ 78.3360847, 17.4241869 ], [ 78.3360583, 17.4242162 ], [ 78.3360437, 17.4242523 ], [ 78.3360428, 17.424291 ], [ 78.3360556, 17.4243277 ], [ 78.3360807, 17.4243581 ], [ 78.3361151, 17.4243787 ], [ 78.3361516, 17.4243867 ], [ 78.3361889, 17.4243835 ], [ 78.3362234, 17.4243693 ], [ 78.3362514, 17.4243456 ], [ 78.3362702, 17.4243146 ], [ 78.3362779, 17.4242796 ], [ 78.3362738, 17.4242441 ], [ 78.3362582, 17.4242115 ], [ 78.3362327, 17.4241853 ], [ 78.3361999, 17.424168 ], [ 78.33616, 17.4241613 ], [ 78.33612, 17.4241678 ] ] ] } },
{ "type": "Feature", "properties": { "cn": 65, "tags": { "leisure": "park" } }, "geometry": { "type": "Polygon", "coordinates": [ [ [ 78.335176, 17.4249385 ], [ 78.3352899, 17.4248707 ], [ 78.3353021, 17.4248241 ], [ 78.3352797, 17.4248086 ], [ 78.3351537, 17.4248765 ], [ 78.3351395, 17.4249153 ], [ 78.335176, 17.4249385 ] ] ] } },
{ "type": "Feature", "properties": { "cn": 65, "tags": { "leisure": "garden" } }, "geometry": { "type": "Polygon", "coordinates": [ [ [ 78.3362115, 17.4257668 ], [ 78.3362095, 17.4256582 ], [ 78.3362197, 17.4255477 ], [ 78.3362827, 17.4253382 ], [ 78.3363701, 17.4251578 ], [ 78.3364636, 17.4250492 ], [ 78.3365571, 17.4249969 ], [ 78.3366099, 17.4249096 ], [ 78.3366567, 17.4248844 ], [ 78.3368823, 17.4248029 ], [ 78.3369047, 17.4248049 ], [ 78.3372137, 17.4249271 ], [ 78.3372083, 17.4249586 ], [ 78.3371893, 17.4249969 ], [ 78.3369169, 17.4250105 ], [ 78.3369149, 17.4253305 ], [ 78.3369067, 17.4253848 ], [ 78.3368905, 17.4254468 ], [ 78.3368559, 17.4255419 ], [ 78.3368478, 17.425602 ], [ 78.3368518, 17.4257668 ], [ 78.3362115, 17.4257668 ] ] ] } },
{ "type": "Feature", "properties": { "cn": 65, "tags": { "leisure": "garden" } }, "geometry": { "type": "Polygon", "coordinates": [ [ [ 78.3374707, 17.4258352 ], [ 78.337452, 17.4259689 ], [ 78.3381152, 17.425755 ], [ 78.3395675, 17.4254253 ], [ 78.3400953, 17.4254787 ], [ 78.3393468, 17.4242451 ], [ 78.3389604, 17.424191 ], [ 78.3388624, 17.4241955 ], [ 78.3385682, 17.4244361 ], [ 78.3384654, 17.4245252 ], [ 78.3383487, 17.4245876 ], [ 78.3381665, 17.4246322 ], [ 78.3379097, 17.4246856 ], [ 78.3378303, 17.4247213 ], [ 78.3377603, 17.424797 ], [ 78.3377276, 17.4249574 ], [ 78.3375034, 17.4249396 ], [ 78.3374707, 17.4258352 ] ] ] } },
{ "type": "Feature", "properties": { "cn": 65, "tags": { "leisure": "pitch", "sport": "basketball" } }, "geometry": { "type": "Polygon", "coordinates": [ [ [ 78.3380759, 17.4243809 ], [ 78.3382933, 17.4243206 ], [ 78.3382045, 17.4240291 ], [ 78.3379871, 17.4240894 ], [ 78.3380759, 17.4243809 ] ] ] } },
{ "type": "Feature", "properties": { "cn": 65, "tags": { "leisure": "pitch", "sport": "tennis" } }, "geometry": { "type": "Polygon", "coordinates": [ [ [ 78.338303, 17.4241077 ], [ 78.338703, 17.423976 ], [ 78.3386145, 17.4236721 ], [ 78.3382039, 17.4238105 ], [ 78.338303, 17.4241077 ] ] ] } },
{ "type": "Feature", "properties": { "cn": 98, "tags": { "access": "private", "leisure": "swimming_pool", "name": "ISB Swimming Pool", "operator": "ISB" } }, "geometry": { "type": "Polygon", "coordinates": [ [ [ 78.3374152, 17.4358478 ], [ 78.3377912, 17.4357951 ], [ 78.3377163, 17.4353084 ], [ 78.3373403, 17.435361 ], [ 78.3374152, 17.4358478 ] ] ] } },
{ "type": "Feature", "properties": { "cn": 65, "tags": { "leisure": "pitch", "sport": "tennis" } }, "geometry": { "type": "Polygon", "coordinates": [ [ [ 78.3370977, 17.4366876 ], [ 78.3374289, 17.4366421 ], [ 78.3373904, 17.4363246 ], [ 78.337053, 17.4363775 ], [ 78.3370977, 17.4366876 ] ] ] } },
{ "type": "Feature", "properties": { "cn": 65, "tags": { "leisure": "park" } }, "geometry": { "type": "Polygon", "coordinates": [ [ [ 78.3447397, 17.4429518 ], [ 78.3446442, 17.4427512 ], [ 78.3449929, 17.4426 ], [ 78.3450884, 17.4428006 ], [ 78.3447397, 17.4429518 ] ] ] } },
{ "type": "Feature", "properties": { "cn": 65, "tags": { "leisure": "park" } }, "geometry": { "type": "Polygon", "coordinates": [ [ [ 78.3457683, 17.4425174 ], [ 78.3456727, 17.4423168 ], [ 78.3460214, 17.4421656 ], [ 78.346117, 17.4423662 ], [ 78.3457683, 17.4425174 ] ] ] } },
{ "type": "Feature", "properties": { "cn": 65, "tags": { "leisure": "park" } }, "geometry": { "type": "Polygon", "coordinates": [ [ [ 78.3467603, 17.4420946 ], [ 78.3466647, 17.441894 ], [ 78.3470134, 17.4417428 ], [ 78.347109, 17.4419434 ], [ 78.3467603, 17.4420946 ] ] ] } },
{ "type": "Feature", "properties": { "cn": 65, "tags": { "leisure": "park" } }, "geometry": { "type": "Polygon", "coordinates": [ [ [ 78.3465574, 17.4429392 ], [ 78.3464557, 17.4427375 ], [ 78.3468094, 17.4425901 ], [ 78.3469029, 17.4427879 ], [ 78.3465574, 17.4429392 ] ] ] } },
{ "type": "Feature", "properties": { "cn": 65, "tags": { "leisure": "park" } }, "geometry": { "type": "Polygon", "coordinates": [ [ [ 78.3477933, 17.4416476 ], [ 78.3476916, 17.441446 ], [ 78.3480453, 17.4412986 ], [ 78.3481388, 17.4414964 ], [ 78.3477933, 17.4416476 ] ] ] } },
{ "type": "Feature", "properties": { "cn": 65, "tags": { "landuse": "grass" } }, "geometry": { "type": "Polygon", "coordinates": [ [ [ 78.3487283, 17.4419463 ], [ 78.3481592, 17.4406858 ], [ 78.3488543, 17.44036 ], [ 78.3493381, 17.4413451 ], [ 78.349513, 17.4416283 ], [ 78.3487283, 17.4419463 ] ] ] } },
{ "type": "Feature", "properties": { "cn": 82, "tags": { "landuse": "residential", "name": "Hill Ridge Appartments" } }, "geometry": { "type": "Polygon", "coordinates": [ [ [ 78.3430122, 17.4429226 ], [ 78.3436482, 17.4422147 ], [ 78.3431625, 17.4409761 ], [ 78.3481172, 17.4387732 ], [ 78.3497477, 17.44195 ], [ 78.3483207, 17.4425774 ], [ 78.347445, 17.4429334 ], [ 78.346385, 17.4433582 ], [ 78.3456459, 17.4436831 ], [ 78.3446345, 17.4441546 ], [ 78.344264, 17.4443273 ], [ 78.3437117, 17.4437046 ], [ 78.3430122, 17.4429226 ] ] ] } },
{ "type": "Feature", "properties": { "cn": 65, "tags": { "leisure": "pitch", "sport": "tennis" } }, "geometry": { "type": "Polygon", "coordinates": [ [ [ 78.345136, 17.4409551 ], [ 78.3451249, 17.4409782 ], [ 78.3450306, 17.4407327 ], [ 78.3454532, 17.4405505 ], [ 78.3455585, 17.4407729 ], [ 78.345136, 17.4409551 ] ] ] } },
{ "type": "Feature", "properties": { "cn": 65, "tags": { "leisure": "park" } }, "geometry": { "type": "Polygon", "coordinates": [ [ [ 78.3466616, 17.4411627 ], [ 78.3465356, 17.4408838 ], [ 78.3468011, 17.4407635 ], [ 78.3468414, 17.4407584 ], [ 78.3468682, 17.4407635 ], [ 78.3468977, 17.4407865 ], [ 78.3469889, 17.4410066 ], [ 78.3466616, 17.4411627 ] ] ] } },
{ "type": "Feature", "properties": { "cn": 98, "tags": { "leisure": "swimming_pool" } }, "geometry": { "type": "Polygon", "coordinates": [ [ [ 78.3452401, 17.4417896 ], [ 78.3451113, 17.4414826 ], [ 78.3460447, 17.4410859 ], [ 78.3461788, 17.4413904 ], [ 78.3452401, 17.4417896 ] ] ] } },
{ "type": "Feature", "properties": { "cn": 65, "tags": { "leisure": "park" } }, "geometry": { "type": "Polygon", "coordinates": [ [ [ 78.3462379, 17.43996 ], [ 78.3461896, 17.4398397 ], [ 78.3463934, 17.4397425 ], [ 78.3464122, 17.4397527 ], [ 78.3464766, 17.4398653 ], [ 78.3462379, 17.43996 ] ] ] } },
{ "type": "Feature", "properties": { "cn": 98, "tags": { "natural": "water", "water": "pond" } }, "geometry": { "type": "Polygon", "coordinates": [ [ [ 78.3465398, 17.4396304 ], [ 78.3470765, 17.4408522 ], [ 78.3486945, 17.4401928 ], [ 78.3480969, 17.4388663 ], [ 78.3465398, 17.4396304 ] ] ] } },
{ "type": "Feature", "properties": { "cn": 65, "tags": { "leisure": "pitch", "sport": "basketball" } }, "geometry": { "type": "Polygon", "coordinates": [ [ [ 78.3668809, 17.4296568 ], [ 78.367008, 17.4297742 ], [ 78.3672168, 17.4295685 ], [ 78.3670897, 17.429451 ], [ 78.3668809, 17.4296568 ] ] ] } },
{ "type": "Feature", "properties": { "cn": 65, "tags": { "leisure": "park" } }, "geometry": { "type": "Polygon", "coordinates": [ [ [ 78.3647591, 17.4333176 ], [ 78.3646022, 17.4330758 ], [ 78.3648718, 17.4329018 ], [ 78.3650367, 17.4331551 ], [ 78.3647591, 17.4333176 ] ] ] } },
{ "type": "Feature", "properties": { "cn": 98, "tags": { "natural": "water", "water": "lake" } }, "geometry": { "type": "Polygon", "coordinates": [ [ [ 78.3385392, 17.4325614 ], [ 78.3385376, 17.4324998 ], [ 78.3385434, 17.4324526 ], [ 78.3385781, 17.4323783 ], [ 78.3386401, 17.4322956 ], [ 78.3387274, 17.4322192 ], [ 78.3388053, 17.4321627 ], [ 78.3388624, 17.4321317 ], [ 78.3389321, 17.4320964 ], [ 78.3390895, 17.4320457 ], [ 78.3392524, 17.4320254 ], [ 78.3393851, 17.4320271 ], [ 78.339562, 17.4320626 ], [ 78.3397107, 17.4321166 ], [ 78.3398098, 17.432169 ], [ 78.3398611, 17.4322264 ], [ 78.3399036, 17.4322939 ], [ 78.339923, 17.4323867 ], [ 78.3397762, 17.432429 ], [ 78.3398098, 17.432613 ], [ 78.3400027, 17.4327041 ], [ 78.3400965, 17.4329067 ], [ 78.3400664, 17.4329557 ], [ 78.3400221, 17.4330064 ], [ 78.3399567, 17.4330266 ], [ 78.3398045, 17.4330486 ], [ 78.3397089, 17.4330486 ], [ 78.3396717, 17.4330317 ], [ 78.3396417, 17.4329962 ], [ 78.3391603, 17.4326332 ], [ 78.3390294, 17.4326805 ], [ 78.3388046, 17.4326957 ], [ 78.3385764, 17.4326451 ], [ 78.3385534, 17.4326164 ], [ 78.3385392, 17.4325614 ] ] ] } },
{ "type": "Feature", "properties": { "cn": 65, "tags": { "leisure": "park" } }, "geometry": { "type": "Polygon", "coordinates": [ [ [ 78.3669411, 17.4326413 ], [ 78.3672291, 17.4324572 ], [ 78.3669538, 17.432116 ], [ 78.3666534, 17.4322874 ], [ 78.3669411, 17.4326413 ] ] ] } },
{ "type": "Feature", "properties": { "cn": 92, "tags": { "landuse": "construction" } }, "geometry": { "type": "Polygon", "coordinates": [ [ [ 78.3483252, 17.4211258 ], [ 78.3480287, 17.4204775 ], [ 78.3487865, 17.4202955 ], [ 78.3488365, 17.420695 ], [ 78.3483252, 17.4211258 ] ] ] } },
{ "type": "Feature", "properties": { "cn": 98, "tags": { "natural": "water" } }, "geometry": { "type": "Polygon", "coordinates": [ [ [ 78.3713086, 17.4857816 ], [ 78.3713083, 17.4857978 ], [ 78.3713027, 17.4858131 ], [ 78.3712922, 17.4858259 ], [ 78.371278, 17.4858347 ], [ 78.3712616, 17.4858388 ], [ 78.3712446, 17.4858377 ], [ 78.371229, 17.4858314 ], [ 78.3712162, 17.4858207 ], [ 78.3712075, 17.4858061 ], [ 78.3712043, 17.4857896 ], [ 78.3712071, 17.485773 ], [ 78.3712155, 17.4857582 ], [ 78.3712285, 17.4857469 ], [ 78.3712448, 17.4857404 ], [ 78.3712624, 17.4857394 ], [ 78.3712793, 17.485744 ], [ 78.3712932, 17.4857532 ], [ 78.3713033, 17.4857662 ], [ 78.3713086, 17.4857816 ] ] ] } },
{ "type": "Feature", "properties": { "cn": 98, "tags": { "natural": "water" } }, "geometry": { "type": "Polygon", "coordinates": [ [ [ 78.3728655, 17.4878213 ], [ 78.3728697, 17.4878408 ], [ 78.3728666, 17.4878606 ], [ 78.3728568, 17.4878781 ], [ 78.3728412, 17.4878915 ], [ 78.3728219, 17.487899 ], [ 78.372801, 17.4878998 ], [ 78.3727811, 17.4878939 ], [ 78.3727658, 17.4878832 ], [ 78.3727547, 17.4878685 ], [ 78.3727489, 17.4878512 ], [ 78.372749, 17.4878331 ], [ 78.3727549, 17.4878159 ], [ 78.3727662, 17.4878013 ], [ 78.3727816, 17.4877907 ], [ 78.3727997, 17.4877851 ], [ 78.3728187, 17.4877852 ], [ 78.3728384, 17.4877918 ], [ 78.3728547, 17.4878043 ], [ 78.3728655, 17.4878213 ] ] ] } },
{ "type": "Feature", "properties": { "cn": 82, "tags": { "building": "yes", "building:levels": "4", "landuse": "residential", "name": "Sai Laxmi Girls Hostel" } }, "geometry": { "type": "Polygon", "coordinates": [ [ [ 78.4076417, 17.4910333 ], [ 78.4078273, 17.4912086 ], [ 78.4077817, 17.4912525 ], [ 78.4075961, 17.4910772 ], [ 78.4076417, 17.4910333 ] ] ] } },
{ "type": "Feature", "properties": { "cn": 65, "tags": { "leisure": "pitch", "sport": "tennis" } }, "geometry": { "type": "Polygon", "coordinates": [ [ [ 78.3958963, 17.4852238 ], [ 78.3961745, 17.4853316 ], [ 78.3962987, 17.48504 ], [ 78.3960204, 17.4849323 ], [ 78.3958963, 17.4852238 ] ] ] } },
{ "type": "Feature", "properties": { "cn": 65, "tags": { "leisure": "pitch", "sport": "badminton" } }, "geometry": { "type": "Polygon", "coordinates": [ [ [ 78.3923207, 17.4855362 ], [ 78.3921225, 17.4851217 ], [ 78.392483, 17.4849682 ], [ 78.3927111, 17.4853804 ], [ 78.3923207, 17.4855362 ] ] ] } },
{ "type": "Feature", "properties": { "cn": 65, "tags": { "leisure": "park", "name": "Patel Kunta Park" } }, "geometry": { "type": "Polygon", "coordinates": [ [ [ 78.4090254, 17.4977627 ], [ 78.4086915, 17.4976224 ], [ 78.4087032, 17.4974933 ], [ 78.4087149, 17.4973285 ], [ 78.4086729, 17.4972082 ], [ 78.4086659, 17.4970857 ], [ 78.4086822, 17.496961 ], [ 78.4087149, 17.4968563 ], [ 78.4086962, 17.4967673 ], [ 78.4087219, 17.4967005 ], [ 78.4086845, 17.4966092 ], [ 78.4086682, 17.4965023 ], [ 78.4086962, 17.496431 ], [ 78.4087593, 17.4963686 ], [ 78.4088807, 17.4963575 ], [ 78.4089507, 17.4963063 ], [ 78.4089974, 17.4962952 ], [ 78.4090745, 17.4962996 ], [ 78.4091329, 17.496235 ], [ 78.4092099, 17.4962261 ], [ 78.4092963, 17.4962773 ], [ 78.4093804, 17.4963241 ], [ 78.4094621, 17.4962907 ], [ 78.4095041, 17.4963441 ], [ 78.4095415, 17.4964065 ], [ 78.4097563, 17.4965691 ], [ 78.4098567, 17.4966136 ], [ 78.4099081, 17.4966381 ], [ 78.4100155, 17.4967027 ], [ 78.4100949, 17.4967851 ], [ 78.4101462, 17.4969232 ], [ 78.4101999, 17.497039 ], [ 78.410263, 17.4971592 ], [ 78.410256, 17.4972639 ], [ 78.410277, 17.4973463 ], [ 78.410221, 17.4974487 ], [ 78.4101439, 17.4975623 ], [ 78.4101023, 17.4976186 ], [ 78.4099682, 17.497667 ], [ 78.4098584, 17.4977058 ], [ 78.4098341, 17.4977795 ], [ 78.4097507, 17.4978299 ], [ 78.4096125, 17.4978318 ], [ 78.4095637, 17.4978939 ], [ 78.4094885, 17.4979326 ], [ 78.4093604, 17.4979074 ], [ 78.4092527, 17.4978745 ], [ 78.4090254, 17.4977627 ] ] ] } },
{ "type": "Feature", "properties": { "cn": 92, "tags": { "landuse": "commercial" } }, "geometry": { "type": "Polygon", "coordinates": [ [ [ 78.3783442, 17.5204815 ], [ 78.3787552, 17.5203167 ], [ 78.3785544, 17.5195017 ], [ 78.3784143, 17.5193236 ], [ 78.3781901, 17.5195819 ], [ 78.3779566, 17.5197333 ], [ 78.3783442, 17.5204815 ] ] ] } },
{ "type": "Feature", "properties": { "cn": 92, "tags": { "building": "construction", "building:levels": "3", "landuse": "construction" } }, "geometry": { "type": "Polygon", "coordinates": [ [ [ 78.3300551, 17.4894391 ], [ 78.3301152, 17.4894375 ], [ 78.3301117, 17.4893183 ], [ 78.3300517, 17.4893199 ], [ 78.3300551, 17.4894391 ] ] ] } },
{ "type": "Feature", "properties": { "cn": 82, "tags": { "addr:city": "Hyderabad", "addr:street": "Capital Park Road", "landuse": "residential", "name": "Vishnu Nest", "residential": "apartments", "source": "survey" } }, "geometry": { "type": "Polygon", "coordinates": [ [ [ 78.3857867, 17.4473557 ], [ 78.3857974, 17.447593 ], [ 78.3859109, 17.4475883 ], [ 78.3859003, 17.4473532 ], [ 78.3859002, 17.4473511 ], [ 78.3857867, 17.4473557 ] ] ] } },
{ "type": "Feature", "properties": { "cn": 65, "tags": { "indoor": "yes", "leisure": "playground" } }, "geometry": { "type": "Polygon", "coordinates": [ [ [ 78.3603776, 17.4285407 ], [ 78.3608518, 17.4283099 ], [ 78.3606984, 17.4280229 ], [ 78.3602241, 17.4282536 ], [ 78.3603776, 17.4285407 ] ] ] } },
{ "type": "Feature", "properties": { "cn": 65, "tags": { "leisure": "park" } }, "geometry": { "type": "Polygon", "coordinates": [ [ [ 78.3955043, 17.435883 ], [ 78.3957129, 17.4358017 ], [ 78.3956802, 17.4357227 ], [ 78.3954705, 17.4358074 ], [ 78.3955043, 17.435883 ] ] ] } },
{ "type": "Feature", "properties": { "cn": 82, "tags": { "landuse": "education", "name": "Government Institute of Leather Technology", "website": "https://gilthyd.dte.telangana.gov.in/" } }, "geometry": { "type": "Polygon", "coordinates": [ [ [ 78.3877118, 17.4201761 ], [ 78.3880216, 17.4199246 ], [ 78.3881639, 17.4200771 ], [ 78.3882737, 17.4199915 ], [ 78.387995, 17.4196672 ], [ 78.387815, 17.419808 ], [ 78.3878682, 17.41987 ], [ 78.3877525, 17.4199606 ], [ 78.3876985, 17.4198977 ], [ 78.3875634, 17.4200034 ], [ 78.3877118, 17.4201761 ] ] ] } },
{ "type": "Feature", "properties": { "cn": 75, "tags": { "landuse": "plant_nursery" } }, "geometry": { "type": "Polygon", "coordinates": [ [ [ 78.3501487, 17.4943307 ], [ 78.35022, 17.49434 ], [ 78.350228, 17.4942835 ], [ 78.3501568, 17.4942742 ], [ 78.3501487, 17.4943307 ] ] ] } },
{ "type": "Feature", "properties": { "cn": 65, "tags": { "leisure": "pitch", "sport": "basketball" } }, "geometry": { "type": "Polygon", "coordinates": [ [ [ 78.3502678, 17.4686886 ], [ 78.3502592, 17.4684193 ], [ 78.3501037, 17.4684238 ], [ 78.3501123, 17.4686931 ], [ 78.3502678, 17.4686886 ] ] ] } },
{ "type": "Feature", "properties": { "cn": 65, "tags": { "leisure": "pitch", "sport": "tennis" } }, "geometry": { "type": "Polygon", "coordinates": [ [ [ 78.349481, 17.4686307 ], [ 78.3494752, 17.4683418 ], [ 78.3491897, 17.4683391 ], [ 78.3491899, 17.4686296 ], [ 78.349481, 17.4686307 ] ] ] } },
{ "type": "Feature", "properties": { "cn": 65, "tags": { "natural": "grassland" } }, "geometry": { "type": "Polygon", "coordinates": [ [ [ 78.4055066, 17.4304519 ], [ 78.4054848, 17.4303929 ], [ 78.4054842, 17.4303807 ], [ 78.4054903, 17.4303671 ], [ 78.4055483, 17.4303191 ], [ 78.4056326, 17.4302779 ], [ 78.4057078, 17.430258 ], [ 78.4058578, 17.4302362 ], [ 78.4058689, 17.4302376 ], [ 78.405875, 17.430243 ], [ 78.4058918, 17.4302682 ], [ 78.4058918, 17.4302779 ], [ 78.4058877, 17.4302851 ], [ 78.4055589, 17.4304689 ], [ 78.4055249, 17.4304645 ], [ 78.4055066, 17.4304519 ] ] ] } },
{ "type": "Feature", "properties": { "cn": 65, "tags": { "leisure": "park" } }, "geometry": { "type": "Polygon", "coordinates": [ [ [ 78.3520137, 17.4377523 ], [ 78.3518958, 17.4372034 ], [ 78.3525452, 17.4370764 ], [ 78.3526631, 17.4376253 ], [ 78.3520137, 17.4377523 ] ] ] } },
{ "type": "Feature", "properties": { "cn": 65, "tags": { "leisure": "park" } }, "geometry": { "type": "Polygon", "coordinates": [ [ [ 78.3514441, 17.4370277 ], [ 78.3514614, 17.4371011 ], [ 78.3515132, 17.437144 ], [ 78.3516261, 17.4371806 ], [ 78.3517775, 17.4371654 ], [ 78.3518812, 17.4371537 ], [ 78.3521343, 17.4370778 ], [ 78.3523863, 17.4369944 ], [ 78.3522877, 17.4368919 ], [ 78.3521912, 17.4367811 ], [ 78.3521322, 17.4367694 ], [ 78.3520743, 17.436793 ], [ 78.3519117, 17.4368667 ], [ 78.3518425, 17.436888 ], [ 78.3516881, 17.43689 ], [ 78.3514706, 17.4369714 ], [ 78.3514441, 17.4370277 ] ] ] } },
{ "type": "Feature", "properties": { "cn": 65, "tags": { "leisure": "garden" } }, "geometry": { "type": "Polygon", "coordinates": [ [ [ 78.3528982, 17.4365309 ], [ 78.3527717, 17.4363024 ], [ 78.3530312, 17.4361716 ], [ 78.3531577, 17.4364001 ], [ 78.3528982, 17.4365309 ] ] ] } },
{ "type": "Feature", "properties": { "cn": 65, "tags": { "leisure": "garden" } }, "geometry": { "type": "Polygon", "coordinates": [ [ [ 78.3529126, 17.4368682 ], [ 78.3531789, 17.4368527 ], [ 78.3534981, 17.4368042 ], [ 78.3533558, 17.436587 ], [ 78.3532481, 17.4365172 ], [ 78.3530448, 17.4365754 ], [ 78.3529248, 17.4367208 ], [ 78.3529126, 17.4368682 ] ] ] } },
{ "type": "Feature", "properties": { "cn": 65, "tags": { "leisure": "park" } }, "geometry": { "type": "Polygon", "coordinates": [ [ [ 78.361841, 17.4333299 ], [ 78.3622384, 17.4332329 ], [ 78.3621999, 17.4330521 ], [ 78.362186, 17.4330315 ], [ 78.3618194, 17.4332681 ], [ 78.361841, 17.4333299 ] ] ] } },
{ "type": "Feature", "properties": { "cn": 65, "tags": { "leisure": "park", "name": "Central Park" } }, "geometry": { "type": "Polygon", "coordinates": [ [ [ 78.362357, 17.4329409 ], [ 78.3625569, 17.4339004 ], [ 78.3626327, 17.4339298 ], [ 78.3628384, 17.43378 ], [ 78.3630371, 17.433648 ], [ 78.3628049, 17.4326505 ], [ 78.362357, 17.4329409 ] ] ] } },
{ "type": "Feature", "properties": { "cn": 65, "tags": { "natural": "grassland" } }, "geometry": { "type": "Polygon", "coordinates": [ [ [ 78.3619253, 17.4271863 ], [ 78.3619514, 17.4272538 ], [ 78.3619628, 17.4272614 ], [ 78.3619672, 17.4272624 ], [ 78.3619742, 17.4272618 ], [ 78.3619792, 17.4272589 ], [ 78.3619813, 17.427255 ], [ 78.3620201, 17.4271168 ], [ 78.3620201, 17.4271053 ], [ 78.3620144, 17.4270906 ], [ 78.3620064, 17.4270855 ], [ 78.3619903, 17.4270845 ], [ 78.3619239, 17.4270964 ], [ 78.3619164, 17.4271016 ], [ 78.3619134, 17.4271074 ], [ 78.3619113, 17.4271156 ], [ 78.3619112, 17.4271284 ], [ 78.3619253, 17.4271863 ] ] ] } },
{ "type": "Feature", "properties": { "cn": 70, "tags": { "natural": "wood" } }, "geometry": { "type": "Polygon", "coordinates": [ [ [ 78.359744, 17.4233751 ], [ 78.360334, 17.4229704 ], [ 78.3607779, 17.4228105 ], [ 78.3609097, 17.4227887 ], [ 78.3609546, 17.4227874 ], [ 78.3610046, 17.4227823 ], [ 78.3610455, 17.4227763 ], [ 78.361075, 17.422767 ], [ 78.3610908, 17.4227587 ], [ 78.3611042, 17.4227423 ], [ 78.3611129, 17.4227238 ], [ 78.3611146, 17.4227113 ], [ 78.3611136, 17.4226995 ], [ 78.3609094, 17.4225866 ], [ 78.3606935, 17.4224663 ], [ 78.359902, 17.4220258 ], [ 78.359891, 17.4220248 ], [ 78.3598781, 17.4220319 ], [ 78.3598635, 17.4220445 ], [ 78.3593832, 17.4224714 ], [ 78.359343, 17.4225264 ], [ 78.3593054, 17.4225878 ], [ 78.3592772, 17.4226429 ], [ 78.3592719, 17.4227043 ], [ 78.3593081, 17.4227951 ], [ 78.3592679, 17.4229167 ], [ 78.3589198, 17.4230977 ], [ 78.358891, 17.4231579 ], [ 78.358881, 17.4231944 ], [ 78.3588742, 17.4232417 ], [ 78.3588649, 17.4233287 ], [ 78.3588682, 17.4233825 ], [ 78.3588964, 17.4234272 ], [ 78.358946, 17.423472 ], [ 78.3589903, 17.4235002 ], [ 78.3590573, 17.4235501 ], [ 78.3590975, 17.4235872 ], [ 78.359123, 17.4236243 ], [ 78.3591673, 17.4236691 ], [ 78.3592357, 17.4237164 ], [ 78.359284, 17.4237228 ], [ 78.3593349, 17.4237087 ], [ 78.3593872, 17.4236832 ], [ 78.3594315, 17.423646 ], [ 78.3594865, 17.4235949 ], [ 78.359744, 17.4233751 ] ] ] } },
{ "type": "Feature", "properties": { "cn": 65, "tags": { "leisure": "park" } }, "geometry": { "type": "Polygon", "coordinates": [ [ [ 78.3507792, 17.4404789 ], [ 78.350857, 17.440397 ], [ 78.3510287, 17.4404073 ], [ 78.3512352, 17.4406376 ], [ 78.3510099, 17.4408193 ], [ 78.3509697, 17.44096 ], [ 78.3508946, 17.4410726 ], [ 78.3508275, 17.4411084 ], [ 78.3508517, 17.4408551 ], [ 78.3509455, 17.4407553 ], [ 78.3507792, 17.4404789 ] ] ] } },
{ "type": "Feature", "properties": { "cn": 65, "tags": { "leisure": "park" } }, "geometry": { "type": "Polygon", "coordinates": [ [ [ 78.3608743, 17.4514564 ], [ 78.3610471, 17.4511601 ], [ 78.3611218, 17.4512113 ], [ 78.3611101, 17.4513338 ], [ 78.3610447, 17.4513984 ], [ 78.360984, 17.4515276 ], [ 78.3608743, 17.4514564 ] ] ] } },
{ "type": "Feature", "properties": { "cn": 65, "tags": { "leisure": "park" } }, "geometry": { "type": "Polygon", "coordinates": [ [ [ 78.3655122, 17.4472362 ], [ 78.3654818, 17.447178 ], [ 78.3655062, 17.4470966 ], [ 78.3655488, 17.447019 ], [ 78.365622, 17.4469899 ], [ 78.3656322, 17.4472362 ], [ 78.3655122, 17.4472362 ] ] ] } },
{ "type": "Feature", "properties": { "cn": 65, "tags": { "leisure": "park" } }, "geometry": { "type": "Polygon", "coordinates": [ [ [ 78.3762268, 17.468924 ], [ 78.3763346, 17.4691528 ], [ 78.3765236, 17.4690811 ], [ 78.3764504, 17.4688193 ], [ 78.3762268, 17.468924 ] ] ] } },
{ "type": "Feature", "properties": { "cn": 65, "tags": { "leisure": "garden" } }, "geometry": { "type": "Polygon", "coordinates": [ [ [ 78.3787014, 17.4700473 ], [ 78.3788252, 17.4697671 ], [ 78.3784147, 17.4695544 ], [ 78.3780325, 17.4698009 ], [ 78.3780962, 17.4698515 ], [ 78.3787014, 17.4700473 ] ] ] } },
{ "type": "Feature", "properties": { "cn": 65, "tags": { "leisure": "garden" } }, "geometry": { "type": "Polygon", "coordinates": [ [ [ 78.3786836, 17.4702759 ], [ 78.3786602, 17.4701044 ], [ 78.3782913, 17.4699284 ], [ 78.3782259, 17.4700799 ], [ 78.378345, 17.4701601 ], [ 78.3782376, 17.4703382 ], [ 78.3786836, 17.4702759 ] ] ] } },
{ "type": "Feature", "properties": { "cn": 65, "tags": { "leisure": "park" } }, "geometry": { "type": "Polygon", "coordinates": [ [ [ 78.4137462, 17.4393009 ], [ 78.413825, 17.4392645 ], [ 78.4137834, 17.4391826 ], [ 78.4137047, 17.439219 ], [ 78.4137462, 17.4393009 ] ] ] } },
{ "type": "Feature", "properties": { "cn": 65, "tags": { "leisure": "park" } }, "geometry": { "type": "Polygon", "coordinates": [ [ [ 78.4274385, 17.4635985 ], [ 78.4277801, 17.4634532 ], [ 78.4276639, 17.4632046 ], [ 78.4273223, 17.4633499 ], [ 78.4274385, 17.4635985 ] ] ] } },
{ "type": "Feature", "properties": { "cn": 65, "tags": { "leisure": "park" } }, "geometry": { "type": "Polygon", "coordinates": [ [ [ 78.425629, 17.4780787 ], [ 78.4262394, 17.478023 ], [ 78.4262085, 17.4777149 ], [ 78.4255981, 17.4777707 ], [ 78.425629, 17.4780787 ] ] ] } },
{ "type": "Feature", "properties": { "cn": 65, "tags": { "leisure": "park" } }, "geometry": { "type": "Polygon", "coordinates": [ [ [ 78.426539, 17.4580145 ], [ 78.4268396, 17.4578799 ], [ 78.4271, 17.4589031 ], [ 78.4269808, 17.4589499 ], [ 78.426539, 17.4580145 ] ] ] } },
{ "type": "Feature", "properties": { "cn": 65, "tags": { "landuse": "grass" } }, "geometry": { "type": "Polygon", "coordinates": [ [ [ 78.4127027, 17.4244798 ], [ 78.4127805, 17.4245406 ], [ 78.4129982, 17.4244916 ], [ 78.4129946, 17.4244714 ], [ 78.4128336, 17.4243599 ], [ 78.4127027, 17.4244798 ] ] ] } },
{ "type": "Feature", "properties": { "cn": 65, "tags": { "landuse": "grass" } }, "geometry": { "type": "Polygon", "coordinates": [ [ [ 78.4068104, 17.4363774 ], [ 78.4070116, 17.4362991 ], [ 78.4069034, 17.436046 ], [ 78.4067021, 17.4361244 ], [ 78.4068104, 17.4363774 ] ] ] } },
{ "type": "Feature", "properties": { "cn": 65, "tags": { "landuse": "grass" } }, "geometry": { "type": "Polygon", "coordinates": [ [ [ 78.4189413, 17.4324951 ], [ 78.4190245, 17.43271 ], [ 78.4191774, 17.4326512 ], [ 78.4190915, 17.4324464 ], [ 78.4189413, 17.4324951 ] ] ] } },
{ "type": "Feature", "properties": { "cn": 98, "tags": { "natural": "water" } }, "geometry": { "type": "Polygon", "coordinates": [ [ [ 78.4267767, 17.4215346 ], [ 78.4267383, 17.4214952 ], [ 78.4267534, 17.4214567 ], [ 78.4267937, 17.4214513 ], [ 78.4268969, 17.4214479 ], [ 78.4269571, 17.4214513 ], [ 78.4269441, 17.4214921 ], [ 78.4268969, 17.4215089 ], [ 78.4268582, 17.4215342 ], [ 78.4268174, 17.421541 ], [ 78.4267767, 17.4215346 ] ] ] } },
{ "type": "Feature", "properties": { "cn": 98, "tags": { "natural": "water" } }, "geometry": { "type": "Polygon", "coordinates": [ [ [ 78.4215002, 17.42381 ], [ 78.4214694, 17.4237659 ], [ 78.4214818, 17.4237248 ], [ 78.4215526, 17.4236777 ], [ 78.4215988, 17.423666 ], [ 78.4216605, 17.423619 ], [ 78.4217252, 17.4236278 ], [ 78.4217067, 17.4237013 ], [ 78.4216697, 17.4237512 ], [ 78.4216235, 17.4237953 ], [ 78.4215742, 17.423813 ], [ 78.4215002, 17.42381 ] ] ] } },
{ "type": "Feature", "properties": { "cn": 98, "tags": { "natural": "water" } }, "geometry": { "type": "Polygon", "coordinates": [ [ [ 78.4169803, 17.4249065 ], [ 78.4170759, 17.4249947 ], [ 78.4171252, 17.4250094 ], [ 78.4171837, 17.4249741 ], [ 78.4172669, 17.424883 ], [ 78.4171067, 17.4247831 ], [ 78.4170481, 17.4247948 ], [ 78.4169865, 17.4248654 ], [ 78.4169803, 17.4249065 ] ] ] } },
{ "type": "Feature", "properties": { "cn": 98, "tags": { "natural": "water" } }, "geometry": { "type": "Polygon", "coordinates": [ [ [ 78.4167087, 17.4251866 ], [ 78.4167355, 17.4250165 ], [ 78.4168938, 17.4250113 ], [ 78.4170185, 17.4250638 ], [ 78.4171768, 17.4251508 ], [ 78.4171687, 17.4252673 ], [ 78.4170697, 17.4253798 ], [ 78.4170235, 17.4254121 ], [ 78.4169095, 17.4254121 ], [ 78.4168294, 17.4253504 ], [ 78.4167087, 17.4251866 ] ] ] } },
{ "type": "Feature", "properties": { "cn": 98, "tags": { "intermittent": "yes", "natural": "water" } }, "geometry": { "type": "Polygon", "coordinates": [ [ [ 78.4150779, 17.4202436 ], [ 78.4151385, 17.4201705 ], [ 78.4151525, 17.4201125 ], [ 78.4152272, 17.4201103 ], [ 78.4152898, 17.4201336 ], [ 78.4153569, 17.420172 ], [ 78.415373, 17.4202308 ], [ 78.4154025, 17.4202974 ], [ 78.4153864, 17.4204228 ], [ 78.4154025, 17.4205482 ], [ 78.4152764, 17.420561 ], [ 78.4151906, 17.4205072 ], [ 78.4150189, 17.4203511 ], [ 78.4150779, 17.4202436 ] ] ] } },
{ "type": "Feature", "properties": { "cn": 98, "tags": { "leisure": "swimming_pool", "name": "Swimming Pool", "sport": "swimming" } }, "geometry": { "type": "Polygon", "coordinates": [ [ [ 78.4109594, 17.4433445 ], [ 78.4109257, 17.4433626 ], [ 78.4108836, 17.4433465 ], [ 78.4109047, 17.4432702 ], [ 78.4109636, 17.443226 ], [ 78.4110373, 17.44323 ], [ 78.4110647, 17.4432762 ], [ 78.4110331, 17.4433184 ], [ 78.4109826, 17.4433204 ], [ 78.4109594, 17.4433445 ] ] ] } },
{ "type": "Feature", "properties": { "cn": 65, "tags": { "leisure": "pitch", "name": "Tennis Court", "sport": "tennis" } }, "geometry": { "type": "Polygon", "coordinates": [ [ [ 78.4105888, 17.4432581 ], [ 78.410612, 17.4429568 ], [ 78.410772, 17.4429729 ], [ 78.4107467, 17.4432722 ], [ 78.4105888, 17.4432581 ] ] ] } },
{ "type": "Feature", "properties": { "cn": 65, "tags": { "leisure": "pitch", "name": "Volleyball court", "sport": "volleyball" } }, "geometry": { "type": "Polygon", "coordinates": [ [ [ 78.4100329, 17.4431115 ], [ 78.4099297, 17.4429447 ], [ 78.4100497, 17.4428805 ], [ 78.4101424, 17.4430492 ], [ 78.4100329, 17.4431115 ] ] ] } },
{ "type": "Feature", "properties": { "cn": 65, "tags": { "leisure": "park", "name": "Jubilee Hills Urban Park" } }, "geometry": { "type": "Polygon", "coordinates": [ [ [ 78.411271, 17.4358906 ], [ 78.4110508, 17.4357905 ], [ 78.4111819, 17.4355405 ], [ 78.411444, 17.4355905 ], [ 78.4115593, 17.4356005 ], [ 78.411575, 17.4357955 ], [ 78.4114859, 17.4359556 ], [ 78.411271, 17.4358906 ] ] ] } },
{ "type": "Feature", "properties": { "cn": 65, "tags": { "leisure": "park", "name": "Muncipal Park" } }, "geometry": { "type": "Polygon", "coordinates": [ [ [ 78.4060373, 17.433059 ], [ 78.4058445, 17.4325992 ], [ 78.4059859, 17.4326382 ], [ 78.405556, 17.4320581 ], [ 78.4054093, 17.432013 ], [ 78.4051681, 17.4321681 ], [ 78.4053516, 17.4324982 ], [ 78.4054197, 17.4325332 ], [ 78.4057448, 17.4332034 ], [ 78.4060373, 17.433059 ] ] ] } },
{ "type": "Feature", "properties": { "cn": 65, "tags": { "landuse": "grass", "name": "Rajiv Gandhi circle" } }, "geometry": { "type": "Polygon", "coordinates": [ [ [ 78.389954, 17.4841497 ], [ 78.3898913, 17.4841803 ], [ 78.3898434, 17.4842294 ], [ 78.389816, 17.4842913 ], [ 78.3898124, 17.4843583 ], [ 78.389833, 17.4844225 ], [ 78.3898755, 17.484476 ], [ 78.3899345, 17.4845125 ], [ 78.3899961, 17.4845271 ], [ 78.3900593, 17.4845228 ], [ 78.3901181, 17.4845001 ], [ 78.3901666, 17.4844611 ], [ 78.3902001, 17.4844098 ], [ 78.3902154, 17.4843511 ], [ 78.3902109, 17.4842908 ], [ 78.3901871, 17.4842348 ], [ 78.3901462, 17.4841885 ], [ 78.3900924, 17.4841565 ], [ 78.3900238, 17.4841415 ], [ 78.389954, 17.4841497 ] ] ] } },
{ "type": "Feature", "properties": { "cn": 65, "tags": { "leisure": "park" } }, "geometry": { "type": "Polygon", "coordinates": [ [ [ 78.3902337, 17.4841497 ], [ 78.390572, 17.4840328 ], [ 78.390416, 17.483637 ], [ 78.3901607, 17.4840032 ], [ 78.3902337, 17.4841497 ] ] ] } },
{ "type": "Feature", "properties": { "cn": 65, "tags": { "landuse": "grass" } }, "geometry": { "type": "Polygon", "coordinates": [ [ [ 78.3983972, 17.4873903 ], [ 78.3990095, 17.4871377 ], [ 78.3987722, 17.4866146 ], [ 78.39816, 17.4868673 ], [ 78.3983972, 17.4873903 ] ] ] } },
{ "type": "Feature", "properties": { "cn": 65, "tags": { "leisure": "park" } }, "geometry": { "type": "Polygon", "coordinates": [ [ [ 78.4002835, 17.488427 ], [ 78.4001549, 17.4881059 ], [ 78.4006434, 17.4878899 ], [ 78.4007071, 17.4880047 ], [ 78.4004053, 17.4881483 ], [ 78.4004902, 17.4883465 ], [ 78.4002835, 17.488427 ] ] ] } },
{ "type": "Feature", "properties": { "cn": 65, "tags": { "leisure": "park" } }, "geometry": { "type": "Polygon", "coordinates": [ [ [ 78.386374, 17.4899869 ], [ 78.3866916, 17.4894836 ], [ 78.387252, 17.489791 ], [ 78.387238, 17.4899825 ], [ 78.386799, 17.4900716 ], [ 78.3865421, 17.4900493 ], [ 78.386374, 17.4899869 ] ] ] } },
{ "type": "Feature", "properties": { "cn": 65, "tags": { "leisure": "park" } }, "geometry": { "type": "Polygon", "coordinates": [ [ [ 78.3850374, 17.4898175 ], [ 78.3860892, 17.4893545 ], [ 78.3860425, 17.4892075 ], [ 78.386276, 17.4890917 ], [ 78.3865655, 17.4893411 ], [ 78.3861779, 17.4899068 ], [ 78.3859491, 17.4899602 ], [ 78.3850374, 17.4898175 ] ] ] } },
{ "type": "Feature", "properties": { "cn": 65, "tags": { "landuse": "grass" } }, "geometry": { "type": "Polygon", "coordinates": [ [ [ 78.3844047, 17.4897554 ], [ 78.3849391, 17.4898061 ], [ 78.3848082, 17.4894651 ], [ 78.3841924, 17.4897453 ], [ 78.3844047, 17.4897554 ] ] ] } },
{ "type": "Feature", "properties": { "cn": 65, "tags": { "landuse": "grass" } }, "geometry": { "type": "Polygon", "coordinates": [ [ [ 78.3848293, 17.4868205 ], [ 78.3851511, 17.4866414 ], [ 78.3845986, 17.4856539 ], [ 78.3845879, 17.4853316 ], [ 78.3842928, 17.4853316 ], [ 78.3842875, 17.4856232 ], [ 78.3848293, 17.4868205 ] ] ] } },
{ "type": "Feature", "properties": { "cn": 65, "tags": { "landuse": "grass" } }, "geometry": { "type": "Polygon", "coordinates": [ [ [ 78.3838175, 17.4864862 ], [ 78.3840977, 17.4863637 ], [ 78.3839647, 17.4860875 ], [ 78.3838526, 17.485818 ], [ 78.3838175, 17.4864862 ] ] ] } },
{ "type": "Feature", "properties": { "cn": 65, "tags": { "leisure": "park" } }, "geometry": { "type": "Polygon", "coordinates": [ [ [ 78.382232, 17.4867916 ], [ 78.3824761, 17.4867916 ], [ 78.3825405, 17.4863439 ], [ 78.3821704, 17.4863567 ], [ 78.382232, 17.4867916 ] ] ] } },
{ "type": "Feature", "properties": { "cn": 65, "tags": { "leisure": "park" } }, "geometry": { "type": "Polygon", "coordinates": [ [ [ 78.3731531, 17.4862021 ], [ 78.3735283, 17.4860603 ], [ 78.3734716, 17.4857227 ], [ 78.3729974, 17.4859421 ], [ 78.3731531, 17.4862021 ] ] ] } },
{ "type": "Feature", "properties": { "cn": 65, "tags": { "leisure": "park", "name": "KPHB Park" } }, "geometry": { "type": "Polygon", "coordinates": [ [ [ 78.3849367, 17.4734946 ], [ 78.3854806, 17.4733679 ], [ 78.3855907, 17.4733579 ], [ 78.3855727, 17.4732701 ], [ 78.3855645, 17.4732134 ], [ 78.385485, 17.4727739 ], [ 78.38544, 17.472611 ], [ 78.3853178, 17.4727123 ], [ 78.3848381, 17.4730836 ], [ 78.3849367, 17.4734946 ] ] ] } },
{ "type": "Feature", "properties": { "cn": 65, "tags": { "leisure": "park" } }, "geometry": { "type": "Polygon", "coordinates": [ [ [ 78.3635445, 17.4898769 ], [ 78.3639542, 17.4898816 ], [ 78.3639563, 17.4897201 ], [ 78.3635465, 17.4897154 ], [ 78.3635445, 17.4898769 ] ] ] } },
{ "type": "Feature", "properties": { "cn": 65, "tags": { "leisure": "park" } }, "geometry": { "type": "Polygon", "coordinates": [ [ [ 78.3629762, 17.4898464 ], [ 78.3634538, 17.4898652 ], [ 78.363461, 17.4896982 ], [ 78.3629858, 17.4896885 ], [ 78.3629762, 17.4898464 ] ] ] } },
{ "type": "Feature", "properties": { "cn": 65, "tags": { "landuse": "grass" } }, "geometry": { "type": "Polygon", "coordinates": [ [ [ 78.3625891, 17.489958 ], [ 78.3625877, 17.4900552 ], [ 78.3626521, 17.4901512 ], [ 78.3627165, 17.4901768 ], [ 78.3628479, 17.4901832 ], [ 78.3628519, 17.4899043 ], [ 78.3627929, 17.4898723 ], [ 78.3627004, 17.4898621 ], [ 78.3626159, 17.4899069 ], [ 78.3625891, 17.489958 ] ] ] } },
{ "type": "Feature", "properties": { "cn": 65, "tags": { "leisure": "park" } }, "geometry": { "type": "Polygon", "coordinates": [ [ [ 78.3628003, 17.4896836 ], [ 78.3629415, 17.4896925 ], [ 78.3629112, 17.4898094 ], [ 78.3628715, 17.4898751 ], [ 78.3627968, 17.4898428 ], [ 78.3627419, 17.4898127 ], [ 78.3628003, 17.4896836 ] ] ] } },
{ "type": "Feature", "properties": { "cn": 65, "tags": { "landuse": "grass" } }, "geometry": { "type": "Polygon", "coordinates": [ [ [ 78.3628128, 17.4896282 ], [ 78.3629465, 17.489627 ], [ 78.3629448, 17.4894577 ], [ 78.3628111, 17.4894589 ], [ 78.3628128, 17.4896282 ] ] ] } },
{ "type": "Feature", "properties": { "cn": 65, "tags": { "landuse": "grass" } }, "geometry": { "type": "Polygon", "coordinates": [ [ [ 78.3627979, 17.4894275 ], [ 78.3629217, 17.4894252 ], [ 78.3629217, 17.4892493 ], [ 78.3627407, 17.4892493 ], [ 78.3627793, 17.4893384 ], [ 78.3627979, 17.4894275 ] ] ] } },
{ "type": "Feature", "properties": { "cn": 65, "tags": { "landuse": "grass" } }, "geometry": { "type": "Polygon", "coordinates": [ [ [ 78.3625076, 17.4890916 ], [ 78.3627032, 17.4890931 ], [ 78.3627001, 17.4892238 ], [ 78.3625784, 17.4891915 ], [ 78.3624937, 17.4891151 ], [ 78.3625076, 17.4890916 ] ] ] } },
{ "type": "Feature", "properties": { "cn": 65, "tags": { "leisure": "park" } }, "geometry": { "type": "Polygon", "coordinates": [ [ [ 78.3640928, 17.4898765 ], [ 78.364117, 17.4896002 ], [ 78.3643396, 17.4896207 ], [ 78.3645032, 17.4896233 ], [ 78.3646507, 17.4895056 ], [ 78.3648546, 17.4899507 ], [ 78.3647124, 17.4900403 ], [ 78.3646051, 17.489897 ], [ 78.3640928, 17.4898765 ] ] ] } },
{ "type": "Feature", "properties": { "cn": 65, "tags": { "leisure": "garden" } }, "geometry": { "type": "Polygon", "coordinates": [ [ [ 78.3626667, 17.4957529 ], [ 78.3626804, 17.4962603 ], [ 78.362872, 17.4962556 ], [ 78.3628583, 17.4957482 ], [ 78.3626667, 17.4957529 ] ] ] } },
{ "type": "Feature", "properties": { "cn": 65, "tags": { "leisure": "park", "name": "Alwyn Park" } }, "geometry": { "type": "Polygon", "coordinates": [ [ [ 78.3516858, 17.4900565 ], [ 78.3519919, 17.4899403 ], [ 78.3517592, 17.4893826 ], [ 78.3514819, 17.4895678 ], [ 78.3516858, 17.4900565 ] ] ] } },
{ "type": "Feature", "properties": { "cn": 65, "tags": { "leisure": "park", "name": "HIG Park" } }, "geometry": { "type": "Polygon", "coordinates": [ [ [ 78.3492315, 17.4894227 ], [ 78.3498285, 17.4892746 ], [ 78.3499586, 17.4899803 ], [ 78.3493935, 17.4899803 ], [ 78.3492315, 17.4894227 ] ] ] } },
{ "type": "Feature", "properties": { "cn": 65, "tags": { "leisure": "park" } }, "geometry": { "type": "Polygon", "coordinates": [ [ [ 78.3508946, 17.4913156 ], [ 78.351187, 17.4912091 ], [ 78.3509835, 17.4907013 ], [ 78.3506912, 17.4908078 ], [ 78.3508946, 17.4913156 ] ] ] } },
{ "type": "Feature", "properties": { "cn": 65, "tags": { "leisure": "park", "name": "Madinaguda Park" } }, "geometry": { "type": "Polygon", "coordinates": [ [ [ 78.3463866, 17.4907248 ], [ 78.3463839, 17.4912901 ], [ 78.3467326, 17.4912978 ], [ 78.3467299, 17.4907197 ], [ 78.3463866, 17.4907248 ] ] ] } },
{ "type": "Feature", "properties": { "cn": 65, "tags": { "leisure": "park" } }, "geometry": { "type": "Polygon", "coordinates": [ [ [ 78.3460485, 17.4926912 ], [ 78.3466299, 17.4927052 ], [ 78.3466779, 17.4926715 ], [ 78.346691, 17.4922183 ], [ 78.3461978, 17.4921865 ], [ 78.3461452, 17.4922488 ], [ 78.3461478, 17.4923511 ], [ 78.3461291, 17.492456 ], [ 78.346082, 17.4924687 ], [ 78.3460485, 17.4926912 ] ] ] } },
{ "type": "Feature", "properties": { "cn": 65, "tags": { "leisure": "park" } }, "geometry": { "type": "Polygon", "coordinates": [ [ [ 78.3448954, 17.4894504 ], [ 78.3450987, 17.4894291 ], [ 78.3450723, 17.4898439 ], [ 78.3448974, 17.4898265 ], [ 78.3448954, 17.4894504 ] ] ] } },
{ "type": "Feature", "properties": { "cn": 65, "tags": { "leisure": "park" } }, "geometry": { "type": "Polygon", "coordinates": [ [ [ 78.3369223, 17.4915507 ], [ 78.337662, 17.4913853 ], [ 78.3375629, 17.4909296 ], [ 78.3374744, 17.4909296 ], [ 78.3368763, 17.4913211 ], [ 78.3369223, 17.4915507 ] ] ] } },
{ "type": "Feature", "properties": { "cn": 65, "tags": { "leisure": "park" } }, "geometry": { "type": "Polygon", "coordinates": [ [ [ 78.3376107, 17.492141 ], [ 78.3378668, 17.4920846 ], [ 78.3377873, 17.491756 ], [ 78.3375311, 17.4918123 ], [ 78.3376107, 17.492141 ] ] ] } },
{ "type": "Feature", "properties": { "cn": 65, "tags": { "leisure": "park", "name": "Walkers Assosciation - HUDA Colony" } }, "geometry": { "type": "Polygon", "coordinates": [ [ [ 78.3316036, 17.4890728 ], [ 78.3315989, 17.4882844 ], [ 78.3325843, 17.4885739 ], [ 78.3324302, 17.489046 ], [ 78.3316036, 17.4890728 ] ] ] } },
{ "type": "Feature", "properties": { "cn": 65, "tags": { "leisure": "park" } }, "geometry": { "type": "Polygon", "coordinates": [ [ [ 78.3971218, 17.4297129 ], [ 78.3974792, 17.4296306 ], [ 78.3973991, 17.4294424 ], [ 78.3972944, 17.4293219 ], [ 78.3969863, 17.4292866 ], [ 78.3970725, 17.4296805 ], [ 78.3971218, 17.4297129 ] ] ] } },
{ "type": "Feature", "properties": { "cn": 65, "tags": { "landuse": "grass" } }, "geometry": { "type": "Polygon", "coordinates": [ [ [ 78.3956989, 17.4301137 ], [ 78.3957294, 17.4302127 ], [ 78.3957558, 17.4302379 ], [ 78.3958839, 17.4302359 ], [ 78.3958005, 17.4300808 ], [ 78.3956989, 17.4301137 ] ] ] } },
{ "type": "Feature", "properties": { "cn": 65, "tags": { "landuse": "grass" } }, "geometry": { "type": "Polygon", "coordinates": [ [ [ 78.3962341, 17.4305113 ], [ 78.3963758, 17.4305377 ], [ 78.3963311, 17.4304363 ], [ 78.3962865, 17.4304569 ], [ 78.3962572, 17.4304231 ], [ 78.3962264, 17.4304452 ], [ 78.3962156, 17.4304819 ], [ 78.3962341, 17.4305113 ] ] ] } },
{ "type": "Feature", "properties": { "cn": 65, "tags": { "landuse": "grass" } }, "geometry": { "type": "Polygon", "coordinates": [ [ [ 78.3947193, 17.4284314 ], [ 78.3946555, 17.4282416 ], [ 78.3947978, 17.4281981 ], [ 78.3947366, 17.4280159 ], [ 78.3948157, 17.4279918 ], [ 78.3949406, 17.4283637 ], [ 78.3947193, 17.4284314 ] ] ] } },
{ "type": "Feature", "properties": { "cn": 65, "tags": { "leisure": "park", "name": "GHMC HUDA Park", "operator": "Greater Hyderabad Municipal Corporation", "operator:short": "GHMC", "operator:type": "government", "operator:wikidata": "Q5259597" } }, "geometry": { "type": "Polygon", "coordinates": [ [ [ 78.4006802, 17.4264919 ], [ 78.4012681, 17.4265842 ], [ 78.4012672, 17.4265468 ], [ 78.4011787, 17.4264009 ], [ 78.4014013, 17.4260452 ], [ 78.4012619, 17.4258968 ], [ 78.4010504, 17.4253809 ], [ 78.4004463, 17.4255495 ], [ 78.4006802, 17.4264919 ] ] ] } },
{ "type": "Feature", "properties": { "cn": 65, "tags": { "leisure": "park" } }, "geometry": { "type": "Polygon", "coordinates": [ [ [ 78.389725, 17.4369384 ], [ 78.3897295, 17.4369494 ], [ 78.3897391, 17.4369608 ], [ 78.3897475, 17.4369675 ], [ 78.3897599, 17.4369704 ], [ 78.3901798, 17.4369278 ], [ 78.3901926, 17.4369216 ], [ 78.3902021, 17.4369118 ], [ 78.3902048, 17.4369029 ], [ 78.390175, 17.4366985 ], [ 78.3901589, 17.436685 ], [ 78.3901361, 17.436678 ], [ 78.3897612, 17.4367074 ], [ 78.3897466, 17.4367113 ], [ 78.3897332, 17.436718 ], [ 78.3897253, 17.4367276 ], [ 78.3897176, 17.4367401 ], [ 78.389725, 17.4369384 ] ] ] } },
{ "type": "Feature", "properties": { "cn": 65, "tags": { "leisure": "park" } }, "geometry": { "type": "Polygon", "coordinates": [ [ [ 78.3688283, 17.4446359 ], [ 78.3689579, 17.4445302 ], [ 78.3687553, 17.4443041 ], [ 78.3686257, 17.4444098 ], [ 78.3688283, 17.4446359 ] ] ] } },
{ "type": "Feature", "properties": { "cn": 65, "tags": { "leisure": "garden" } }, "geometry": { "type": "Polygon", "coordinates": [ [ [ 78.3664369, 17.4470404 ], [ 78.3679641, 17.4469712 ], [ 78.3679601, 17.4469065 ], [ 78.3664418, 17.4469504 ], [ 78.3664369, 17.4470404 ] ] ] } },
{ "type": "Feature", "properties": { "cn": 65, "tags": { "leisure": "park" } }, "geometry": { "type": "Polygon", "coordinates": [ [ [ 78.367829, 17.4473587 ], [ 78.3679899, 17.4472448 ], [ 78.3679912, 17.4471808 ], [ 78.3678316, 17.4472 ], [ 78.367829, 17.4473587 ] ] ] } },
{ "type": "Feature", "properties": { "cn": 65, "tags": { "leisure": "garden" } }, "geometry": { "type": "Polygon", "coordinates": [ [ [ 78.3674736, 17.4476841 ], [ 78.3674813, 17.4475122 ], [ 78.3676847, 17.4474975 ], [ 78.3674736, 17.4476841 ] ] ] } },
{ "type": "Feature", "properties": { "cn": 65, "tags": { "leisure": "park" } }, "geometry": { "type": "Polygon", "coordinates": [ [ [ 78.3605974, 17.4513546 ], [ 78.3608352, 17.4514583 ], [ 78.3609991, 17.4511164 ], [ 78.3607613, 17.4510127 ], [ 78.3605974, 17.4513546 ] ] ] } },
{ "type": "Feature", "properties": { "cn": 65, "tags": { "leisure": "pitch", "sport": "basketball" } }, "geometry": { "type": "Polygon", "coordinates": [ [ [ 78.3610004, 17.450905 ], [ 78.3611863, 17.4510373 ], [ 78.361271, 17.450929 ], [ 78.3610852, 17.4507967 ], [ 78.3610004, 17.450905 ] ] ] } },
{ "type": "Feature", "properties": { "cn": 75, "tags": { "landuse": "farmland" } }, "geometry": { "type": "Polygon", "coordinates": [ [ [ 78.344822, 17.456541 ], [ 78.348359, 17.4561178 ], [ 78.3472005, 17.4576226 ], [ 78.3464488, 17.4584691 ], [ 78.3458079, 17.4590452 ], [ 78.344822, 17.456541 ] ] ] } },
{ "type": "Feature", "properties": { "cn": 65, "tags": { "leisure": "park", "name": "Pearl Village Park", "opening_hours": "sunrise-sunset" } }, "geometry": { "type": "Polygon", "coordinates": [ [ [ 78.3465804, 17.4610861 ], [ 78.3464425, 17.460623 ], [ 78.3469407, 17.4604898 ], [ 78.3471005, 17.4609653 ], [ 78.3465804, 17.4610861 ] ] ] } },
{ "type": "Feature", "properties": { "cn": 65, "tags": { "landuse": "grass" } }, "geometry": { "type": "Polygon", "coordinates": [ [ [ 78.3365014, 17.4615077 ], [ 78.3368, 17.461761 ], [ 78.3370043, 17.4615419 ], [ 78.3367057, 17.4612886 ], [ 78.3365014, 17.4615077 ] ] ] } },
{ "type": "Feature", "properties": { "cn": 65, "tags": { "landuse": "grass" } }, "geometry": { "type": "Polygon", "coordinates": [ [ [ 78.3357991, 17.461986 ], [ 78.3360425, 17.4622035 ], [ 78.3365232, 17.4616304 ], [ 78.336326, 17.461504 ], [ 78.3357991, 17.461986 ] ] ] } },
{ "type": "Feature", "properties": { "cn": 65, "tags": { "leisure": "garden" } }, "geometry": { "type": "Polygon", "coordinates": [ [ [ 78.3372932, 17.4616701 ], [ 78.3374505, 17.46152 ], [ 78.3372975, 17.461374 ], [ 78.3371401, 17.461524 ], [ 78.3372932, 17.4616701 ] ] ] } },
{ "type": "Feature", "properties": { "cn": 65, "tags": { "leisure": "garden" } }, "geometry": { "type": "Polygon", "coordinates": [ [ [ 78.3376083, 17.4613349 ], [ 78.3374471, 17.4611901 ], [ 78.3375032, 17.4611188 ], [ 78.3374822, 17.4609273 ], [ 78.3377343, 17.461179 ], [ 78.3376083, 17.4613349 ] ] ] } },
{ "type": "Feature", "properties": { "cn": 65, "tags": { "landuse": "grass" } }, "geometry": { "type": "Polygon", "coordinates": [ [ [ 78.336815, 17.4611501 ], [ 78.3369901, 17.4610076 ], [ 78.3372983, 17.4604841 ], [ 78.3374991, 17.4606022 ], [ 78.3371746, 17.4609875 ], [ 78.336892, 17.4612749 ], [ 78.336815, 17.4611501 ] ] ] } },
{ "type": "Feature", "properties": { "cn": 65, "tags": { "leisure": "park" } }, "geometry": { "type": "Polygon", "coordinates": [ [ [ 78.3351718, 17.4629964 ], [ 78.3352796, 17.4627759 ], [ 78.3353782, 17.4628347 ], [ 78.3352935, 17.4629846 ], [ 78.3352226, 17.4630405 ], [ 78.3351718, 17.4629964 ] ] ] } },
{ "type": "Feature", "properties": { "cn": 65, "tags": { "landuse": "grass" } }, "geometry": { "type": "Polygon", "coordinates": [ [ [ 78.3327748, 17.4676306 ], [ 78.3329438, 17.4677086 ], [ 78.3329478, 17.467605 ], [ 78.3327748, 17.4676306 ] ] ] } },
{ "type": "Feature", "properties": { "cn": 65, "tags": { "landuse": "grass" } }, "geometry": { "type": "Polygon", "coordinates": [ [ [ 78.3330028, 17.4675884 ], [ 78.3330189, 17.4677483 ], [ 78.333161, 17.4677355 ], [ 78.3330028, 17.4675884 ] ] ] } },
{ "type": "Feature", "properties": { "cn": 65, "tags": { "landuse": "grass" } }, "geometry": { "type": "Polygon", "coordinates": [ [ [ 78.3326505, 17.4676278 ], [ 78.3326639, 17.4678248 ], [ 78.3327175, 17.4678235 ], [ 78.332735, 17.4676495 ], [ 78.3326505, 17.4676278 ] ] ] } },
{ "type": "Feature", "properties": { "cn": 65, "tags": { "leisure": "garden" } }, "geometry": { "type": "Polygon", "coordinates": [ [ [ 78.329273, 17.4686196 ], [ 78.3292438, 17.4686221 ], [ 78.3292208, 17.4686179 ], [ 78.3291993, 17.4686097 ], [ 78.3291773, 17.4685998 ], [ 78.32916, 17.4685836 ], [ 78.3291421, 17.4685597 ], [ 78.3291394, 17.4685352 ], [ 78.3291447, 17.4685082 ], [ 78.3291571, 17.4684905 ], [ 78.3291783, 17.4684761 ], [ 78.3292022, 17.4684651 ], [ 78.3292305, 17.468466 ], [ 78.3292536, 17.4684719 ], [ 78.3292748, 17.4684871 ], [ 78.3292898, 17.468509 ], [ 78.3292951, 17.4685352 ], [ 78.3292987, 17.4685647 ], [ 78.3292943, 17.4686019 ], [ 78.329273, 17.4686196 ] ] ] } },
{ "type": "Feature", "properties": { "cn": 65, "tags": { "leisure": "park" } }, "geometry": { "type": "Polygon", "coordinates": [ [ [ 78.3289661, 17.4686448 ], [ 78.3290508, 17.4685861 ], [ 78.3291494, 17.468708 ], [ 78.3292634, 17.468758 ], [ 78.3293512, 17.4688432 ], [ 78.3292357, 17.4689652 ], [ 78.3289661, 17.4686448 ] ] ] } },
{ "type": "Feature", "properties": { "cn": 65, "tags": { "leisure": "park" } }, "geometry": { "type": "Polygon", "coordinates": [ [ [ 78.3293728, 17.4683715 ], [ 78.3296146, 17.4686683 ], [ 78.3294667, 17.4687888 ], [ 78.3293974, 17.4686375 ], [ 78.3293728, 17.4683715 ] ] ] } },
{ "type": "Feature", "properties": { "cn": 65, "tags": { "leisure": "park" } }, "geometry": { "type": "Polygon", "coordinates": [ [ [ 78.3294911, 17.4688017 ], [ 78.3297524, 17.4691315 ], [ 78.3298976, 17.4690268 ], [ 78.3296364, 17.468697 ], [ 78.3294911, 17.4688017 ] ] ] } },
{ "type": "Feature", "properties": { "cn": 65, "tags": { "leisure": "park" } }, "geometry": { "type": "Polygon", "coordinates": [ [ [ 78.3305282, 17.4725986 ], [ 78.3300606, 17.4727382 ], [ 78.3297476, 17.4728274 ], [ 78.3297069, 17.4727731 ], [ 78.3299753, 17.4725211 ], [ 78.3302477, 17.4722768 ], [ 78.3303777, 17.4721721 ], [ 78.3304263, 17.4722534 ], [ 78.3304614, 17.4723603 ], [ 78.3305034, 17.4724828 ], [ 78.3305282, 17.4725986 ] ] ] } },
{ "type": "Feature", "properties": { "cn": 65, "tags": { "leisure": "garden" } }, "geometry": { "type": "Polygon", "coordinates": [ [ [ 78.3298087, 17.47291 ], [ 78.3303575, 17.4727879 ], [ 78.3306685, 17.4729139 ], [ 78.3306563, 17.4728751 ], [ 78.3305466, 17.4727491 ], [ 78.3303616, 17.4727471 ], [ 78.3298351, 17.4728635 ], [ 78.3298087, 17.47291 ] ] ] } },
{ "type": "Feature", "properties": { "cn": 65, "tags": { "landuse": "grass" } }, "geometry": { "type": "Polygon", "coordinates": [ [ [ 78.3297361, 17.4717865 ], [ 78.3298066, 17.4717391 ], [ 78.3297506, 17.4716633 ], [ 78.3296801, 17.4717106 ], [ 78.3297361, 17.4717865 ] ] ] } },
{ "type": "Feature", "properties": { "cn": 65, "tags": { "landuse": "grass" } }, "geometry": { "type": "Polygon", "coordinates": [ [ [ 78.329836, 17.471707 ], [ 78.3299065, 17.4716597 ], [ 78.3298505, 17.4715838 ], [ 78.32978, 17.4716312 ], [ 78.329836, 17.471707 ] ] ] } },
{ "type": "Feature", "properties": { "cn": 65, "tags": { "landuse": "grass" } }, "geometry": { "type": "Polygon", "coordinates": [ [ [ 78.3299329, 17.4716425 ], [ 78.3300034, 17.4715951 ], [ 78.3299474, 17.4715192 ], [ 78.3298769, 17.4715666 ], [ 78.3299329, 17.4716425 ] ] ] } },
{ "type": "Feature", "properties": { "cn": 65, "tags": { "leisure": "park" } }, "geometry": { "type": "Polygon", "coordinates": [ [ [ 78.3281947, 17.4735347 ], [ 78.3282913, 17.4736473 ], [ 78.3284764, 17.4735578 ], [ 78.3285515, 17.4733889 ], [ 78.3283557, 17.4732687 ], [ 78.3281947, 17.4735347 ] ] ] } },
{ "type": "Feature", "properties": { "cn": 65, "tags": { "landuse": "grass" } }, "geometry": { "type": "Polygon", "coordinates": [ [ [ 78.3477385, 17.4853385 ], [ 78.3479814, 17.4853136 ], [ 78.3479489, 17.4850256 ], [ 78.3477061, 17.4850505 ], [ 78.3477385, 17.4853385 ] ] ] } },
{ "type": "Feature", "properties": { "cn": 65, "tags": { "leisure": "park" } }, "geometry": { "type": "Polygon", "coordinates": [ [ [ 78.3885547, 17.5112777 ], [ 78.3886834, 17.5113443 ], [ 78.3890697, 17.5110271 ], [ 78.3887451, 17.5108582 ], [ 78.388662, 17.5109734 ], [ 78.3885547, 17.5112777 ] ] ] } },
{ "type": "Feature", "properties": { "cn": 65, "tags": { "landuse": "grass" } }, "geometry": { "type": "Polygon", "coordinates": [ [ [ 78.388686, 17.5117174 ], [ 78.388749, 17.5118721 ], [ 78.3886346, 17.51192 ], [ 78.3885751, 17.5119167 ], [ 78.3885552, 17.5118944 ], [ 78.3885529, 17.5118521 ], [ 78.3885681, 17.5118098 ], [ 78.3885891, 17.511773 ], [ 78.388686, 17.5117174 ] ] ] } },
{ "type": "Feature", "properties": { "cn": 65, "tags": { "landuse": "grass" } }, "geometry": { "type": "Polygon", "coordinates": [ [ [ 78.3880132, 17.5125305 ], [ 78.3881128, 17.5125848 ], [ 78.3878974, 17.5128038 ], [ 78.3880132, 17.5125305 ] ] ] } },
{ "type": "Feature", "properties": { "cn": 65, "tags": { "landuse": "grass" } }, "geometry": { "type": "Polygon", "coordinates": [ [ [ 78.3834242, 17.5049261 ], [ 78.3835222, 17.5049059 ], [ 78.3834616, 17.5046378 ], [ 78.3833636, 17.5046579 ], [ 78.3834242, 17.5049261 ] ] ] } },
{ "type": "Feature", "properties": { "cn": 65, "tags": { "landuse": "grass" } }, "geometry": { "type": "Polygon", "coordinates": [ [ [ 78.3846361, 17.5054143 ], [ 78.3849938, 17.5052941 ], [ 78.3849451, 17.5050886 ], [ 78.3845873, 17.5051972 ], [ 78.3846361, 17.5054143 ] ] ] } },
{ "type": "Feature", "properties": { "cn": 65, "tags": { "landuse": "grass" } }, "geometry": { "type": "Polygon", "coordinates": [ [ [ 78.3847495, 17.5048704 ], [ 78.3848929, 17.504839 ], [ 78.384831, 17.5045823 ], [ 78.3846877, 17.5046137 ], [ 78.3847495, 17.5048704 ] ] ] } },
{ "type": "Feature", "properties": { "cn": 65, "tags": { "leisure": "park" } }, "geometry": { "type": "Polygon", "coordinates": [ [ [ 78.3973045, 17.5022897 ], [ 78.3978672, 17.5021783 ], [ 78.3978424, 17.5015742 ], [ 78.3973045, 17.5022897 ] ] ] } },
{ "type": "Feature", "properties": { "cn": 65, "tags": { "leisure": "park" } }, "geometry": { "type": "Polygon", "coordinates": [ [ [ 78.4030863, 17.5009566 ], [ 78.4039642, 17.500955 ], [ 78.4039635, 17.5006232 ], [ 78.4034571, 17.5005944 ], [ 78.4030814, 17.5006002 ], [ 78.4030863, 17.5009566 ] ] ] } },
{ "type": "Feature", "properties": { "cn": 65, "tags": { "leisure": "park" } }, "geometry": { "type": "Polygon", "coordinates": [ [ [ 78.4123866, 17.4894617 ], [ 78.4127325, 17.4893638 ], [ 78.4126519, 17.4891047 ], [ 78.412306, 17.4892026 ], [ 78.4123866, 17.4894617 ] ] ] } },
{ "type": "Feature", "properties": { "cn": 65, "tags": { "landuse": "grass" } }, "geometry": { "type": "Polygon", "coordinates": [ [ [ 78.4151293, 17.4875624 ], [ 78.4153735, 17.487505 ], [ 78.4152886, 17.4872316 ], [ 78.4150798, 17.4872822 ], [ 78.4151293, 17.4875624 ] ] ] } },
{ "type": "Feature", "properties": { "cn": 65, "tags": { "landuse": "grass" } }, "geometry": { "type": "Polygon", "coordinates": [ [ [ 78.422234, 17.4811336 ], [ 78.4227391, 17.48108 ], [ 78.422709, 17.4808214 ], [ 78.4222038, 17.480875 ], [ 78.422234, 17.4811336 ] ] ] } },
{ "type": "Feature", "properties": { "cn": 65, "tags": { "leisure": "park" } }, "geometry": { "type": "Polygon", "coordinates": [ [ [ 78.423923, 17.4783677 ], [ 78.4242079, 17.4787507 ], [ 78.4244694, 17.4787151 ], [ 78.4244273, 17.478283 ], [ 78.423923, 17.4783677 ] ] ] } },
{ "type": "Feature", "properties": { "cn": 65, "tags": { "leisure": "park" } }, "geometry": { "type": "Polygon", "coordinates": [ [ [ 78.4259709, 17.4792812 ], [ 78.4261302, 17.4790651 ], [ 78.4262045, 17.4791191 ], [ 78.4262328, 17.4797572 ], [ 78.4259709, 17.4792812 ] ] ] } },
{ "type": "Feature", "properties": { "cn": 65, "tags": { "leisure": "garden" } }, "geometry": { "type": "Polygon", "coordinates": [ [ [ 78.3742573, 17.4456765 ], [ 78.3741987, 17.4456973 ], [ 78.3741511, 17.445736 ], [ 78.3741203, 17.4457879 ], [ 78.3741099, 17.4458468 ], [ 78.3741213, 17.4459055 ], [ 78.374153, 17.4459569 ], [ 78.3742012, 17.4459949 ], [ 78.3742539, 17.4460138 ], [ 78.3743102, 17.4460162 ], [ 78.3743645, 17.4460018 ], [ 78.3744116, 17.4459722 ], [ 78.3744467, 17.4459302 ], [ 78.3744665, 17.4458798 ], [ 78.374469, 17.4458261 ], [ 78.3744539, 17.4457743 ], [ 78.3744229, 17.4457295 ], [ 78.3743788, 17.445696 ], [ 78.3743199, 17.445676 ], [ 78.3742573, 17.4456765 ] ] ] } },
{ "type": "Feature", "properties": { "cn": 65, "tags": { "leisure": "park" } }, "geometry": { "type": "Polygon", "coordinates": [ [ [ 78.4195898, 17.471161 ], [ 78.419361, 17.4708759 ], [ 78.418964, 17.4711343 ], [ 78.4195898, 17.471161 ] ] ] } },
{ "type": "Feature", "properties": { "cn": 65, "tags": { "leisure": "park" } }, "geometry": { "type": "Polygon", "coordinates": [ [ [ 78.4196691, 17.4735676 ], [ 78.4199439, 17.4734667 ], [ 78.4198163, 17.4731507 ], [ 78.4195415, 17.4732516 ], [ 78.4196691, 17.4735676 ] ] ] } },
{ "type": "Feature", "properties": { "cn": 65, "tags": { "natural": "grassland" } }, "geometry": { "type": "Polygon", "coordinates": [ [ [ 78.4188373, 17.485289 ], [ 78.4200036, 17.4868094 ], [ 78.4221112, 17.4853387 ], [ 78.4205663, 17.4840823 ], [ 78.4188373, 17.485289 ] ] ] } },
{ "type": "Feature", "properties": { "cn": 65, "tags": { "landuse": "grass" } }, "geometry": { "type": "Polygon", "coordinates": [ [ [ 78.4291464, 17.4497624 ], [ 78.4297051, 17.4497567 ], [ 78.4300323, 17.4497285 ], [ 78.4302684, 17.4495724 ], [ 78.430263, 17.4495213 ], [ 78.4291334, 17.4495078 ], [ 78.4291464, 17.4497624 ] ] ] } },
{ "type": "Feature", "properties": { "cn": 65, "tags": { "leisure": "park" } }, "geometry": { "type": "Polygon", "coordinates": [ [ [ 78.428409, 17.4470313 ], [ 78.4290955, 17.4470246 ], [ 78.4290955, 17.4467729 ], [ 78.4283833, 17.446764 ], [ 78.428409, 17.4470313 ] ] ] } },
{ "type": "Feature", "properties": { "cn": 65, "tags": { "leisure": "park" } }, "geometry": { "type": "Polygon", "coordinates": [ [ [ 78.4130497, 17.4425339 ], [ 78.4141897, 17.4420401 ], [ 78.4137583, 17.441076 ], [ 78.4126183, 17.4415874 ], [ 78.4130497, 17.4425339 ] ] ] } },
{ "type": "Feature", "properties": { "cn": 65, "tags": { "landuse": "grass" } }, "geometry": { "type": "Polygon", "coordinates": [ [ [ 78.4094819, 17.4444973 ], [ 78.4095034, 17.4445255 ], [ 78.409616, 17.4448812 ], [ 78.4095892, 17.4449195 ], [ 78.4095195, 17.4449375 ], [ 78.4094551, 17.4449247 ], [ 78.4093612, 17.4448812 ], [ 78.4093353, 17.444859 ], [ 78.4092942, 17.444702 ], [ 78.4092754, 17.4446688 ], [ 78.4092915, 17.444633 ], [ 78.4093076, 17.4445869 ], [ 78.4093317, 17.4445536 ], [ 78.40938, 17.4445153 ], [ 78.409447, 17.4444897 ], [ 78.4094819, 17.4444973 ] ] ] } },
{ "type": "Feature", "properties": { "cn": 65, "tags": { "landuse": "grass" } }, "geometry": { "type": "Polygon", "coordinates": [ [ [ 78.4090575, 17.4448049 ], [ 78.4089195, 17.4448286 ], [ 78.4090345, 17.4452338 ], [ 78.4096202, 17.4450835 ], [ 78.4096592, 17.4450531 ], [ 78.4096433, 17.4449636 ], [ 78.4096096, 17.4449518 ], [ 78.4095176, 17.4449636 ], [ 78.4093654, 17.4449299 ], [ 78.4093796, 17.4450312 ], [ 78.4092929, 17.4450666 ], [ 78.4092168, 17.4450835 ], [ 78.4091478, 17.4450666 ], [ 78.4091053, 17.4450092 ], [ 78.4090575, 17.4448049 ] ] ] } },
{ "type": "Feature", "properties": { "cn": 65, "tags": { "landuse": "grass" } }, "geometry": { "type": "Polygon", "coordinates": [ [ [ 78.4089642, 17.4447537 ], [ 78.4089553, 17.4447756 ], [ 78.4089199, 17.4447807 ], [ 78.4088969, 17.444757 ], [ 78.4088952, 17.444703 ], [ 78.4088828, 17.4445578 ], [ 78.4089005, 17.4445342 ], [ 78.409373, 17.4443603 ], [ 78.4094172, 17.4443434 ], [ 78.4094561, 17.4443704 ], [ 78.4094685, 17.4444177 ], [ 78.409442, 17.4444464 ], [ 78.4093907, 17.4444802 ], [ 78.4093358, 17.4444937 ], [ 78.4092739, 17.4444633 ], [ 78.4091358, 17.4444785 ], [ 78.4090721, 17.444492 ], [ 78.4090155, 17.4445106 ], [ 78.4089748, 17.4445578 ], [ 78.408943, 17.4446254 ], [ 78.4089412, 17.4446608 ], [ 78.4089624, 17.4447216 ], [ 78.4089642, 17.4447537 ] ] ] } },
{ "type": "Feature", "properties": { "cn": 65, "tags": { "landuse": "grass" } }, "geometry": { "type": "Polygon", "coordinates": [ [ [ 78.4096422, 17.4442941 ], [ 78.4095497, 17.4443235 ], [ 78.4095282, 17.4443735 ], [ 78.4098363, 17.4453141 ], [ 78.4098671, 17.4453317 ], [ 78.4099533, 17.44532 ], [ 78.4099903, 17.4452553 ], [ 78.4097069, 17.4443294 ], [ 78.4096422, 17.4442941 ] ] ] } },
{ "type": "Feature", "properties": { "cn": 65, "tags": { "landuse": "grass", "name": "MCH Herbal Garden" } }, "geometry": { "type": "Polygon", "coordinates": [ [ [ 78.4124591, 17.4345976 ], [ 78.4126578, 17.4350314 ], [ 78.412947, 17.4349108 ], [ 78.4127482, 17.434477 ], [ 78.4124591, 17.4345976 ] ] ] } },
{ "type": "Feature", "properties": { "cn": 65, "tags": { "landuse": "grass" } }, "geometry": { "type": "Polygon", "coordinates": [ [ [ 78.4095423, 17.4256465 ], [ 78.4095959, 17.4257156 ], [ 78.4096335, 17.4257335 ], [ 78.4097274, 17.4256644 ], [ 78.4097461, 17.4256311 ], [ 78.409671, 17.4255365 ], [ 78.4095423, 17.4256465 ] ] ] } },
{ "type": "Feature", "properties": { "cn": 65, "tags": { "landuse": "grass" } }, "geometry": { "type": "Polygon", "coordinates": [ [ [ 78.4097646, 17.4255749 ], [ 78.4098644, 17.425685 ], [ 78.4099729, 17.4255954 ], [ 78.409873, 17.4254853 ], [ 78.4097646, 17.4255749 ] ] ] } },
{ "type": "Feature", "properties": { "cn": 65, "tags": { "leisure": "playground" } }, "geometry": { "type": "Polygon", "coordinates": [ [ [ 78.3636273, 17.4204612 ], [ 78.3641102, 17.4204864 ], [ 78.3641479, 17.4198282 ], [ 78.3636651, 17.419803 ], [ 78.3636273, 17.4204612 ] ] ] } },
{ "type": "Feature", "properties": { "cn": 65, "tags": { "leisure": "pitch", "sport": "basketball" } }, "geometry": { "type": "Polygon", "coordinates": [ [ [ 78.3641343, 17.420363 ], [ 78.3642922, 17.4203625 ], [ 78.364293, 17.4206105 ], [ 78.3639534, 17.4206114 ], [ 78.3639531, 17.4205225 ], [ 78.3641348, 17.420522 ], [ 78.3641343, 17.420363 ] ] ] } },
{ "type": "Feature", "properties": { "cn": 65, "tags": { "leisure": "pitch", "sport": "tennis" } }, "geometry": { "type": "Polygon", "coordinates": [ [ [ 78.3634548, 17.4202589 ], [ 78.3635958, 17.420263 ], [ 78.3636046, 17.4199956 ], [ 78.3634635, 17.4199914 ], [ 78.3634548, 17.4202589 ] ] ] } },
{ "type": "Feature", "properties": { "cn": 98, "tags": { "leisure": "swimming_pool" } }, "geometry": { "type": "Polygon", "coordinates": [ [ [ 78.3634703, 17.4205704 ], [ 78.3635794, 17.420575 ], [ 78.3635893, 17.4203616 ], [ 78.3634802, 17.420357 ], [ 78.3634703, 17.4205704 ] ] ] } },
{ "type": "Feature", "properties": { "cn": 82, "tags": { "addr:city": "Hyderabad", "landuse": "residential", "name": "Green Grace" } }, "geometry": { "type": "Polygon", "coordinates": [ [ [ 78.3617859, 17.4198849 ], [ 78.3621904, 17.4208117 ], [ 78.3605812, 17.4212154 ], [ 78.3601015, 17.4202689 ], [ 78.361147, 17.4200306 ], [ 78.3617859, 17.4198849 ] ] ] } },
{ "type": "Feature", "properties": { "cn": 65, "tags": { "natural": "grassland" } }, "geometry": { "type": "Polygon", "coordinates": [ [ [ 78.3885191, 17.4459391 ], [ 78.3888152, 17.4453719 ], [ 78.3885964, 17.4452679 ], [ 78.3888346, 17.4446531 ], [ 78.389539, 17.4449537 ], [ 78.3892402, 17.4455791 ], [ 78.389596, 17.4457573 ], [ 78.3892868, 17.4463038 ], [ 78.3885191, 17.4459391 ] ] ] } },
{ "type": "Feature", "properties": { "cn": 65, "tags": { "natural": "grassland" } }, "geometry": { "type": "Polygon", "coordinates": [ [ [ 78.3890469, 17.4467116 ], [ 78.3891246, 17.4465702 ], [ 78.3891997, 17.4464336 ], [ 78.3896557, 17.4466617 ], [ 78.3895871, 17.4467866 ], [ 78.3893727, 17.4466794 ], [ 78.3892886, 17.4468325 ], [ 78.3890469, 17.4467116 ] ] ] } },
{ "type": "Feature", "properties": { "cn": 65, "tags": { "landuse": "grass" } }, "geometry": { "type": "Polygon", "coordinates": [ [ [ 78.3197057, 17.4826803 ], [ 78.3197626, 17.4825911 ], [ 78.319787, 17.4825097 ], [ 78.3197748, 17.482405 ], [ 78.3197463, 17.4823236 ], [ 78.3196772, 17.482246 ], [ 78.3200512, 17.4821995 ], [ 78.3201163, 17.4826415 ], [ 78.3197057, 17.4826803 ] ] ] } },
{ "type": "Feature", "properties": { "cn": 65, "tags": { "leisure": "pitch" } }, "geometry": { "type": "Polygon", "coordinates": [ [ [ 78.3200441, 17.4820139 ], [ 78.3200599, 17.4821565 ], [ 78.3198713, 17.4821756 ], [ 78.3198555, 17.482033 ], [ 78.3200441, 17.4820139 ] ] ] } },
{ "type": "Feature", "properties": { "cn": 65, "tags": { "leisure": "park" } }, "geometry": { "type": "Polygon", "coordinates": [ [ [ 78.3369988, 17.5083472 ], [ 78.3369563, 17.5080738 ], [ 78.3385277, 17.5078814 ], [ 78.3385666, 17.5081616 ], [ 78.3369988, 17.5083472 ] ] ] } },
{ "type": "Feature", "properties": { "cn": 82, "tags": { "addr:city": "Hyderabad", "addr:street": "ISB Road", "designation": "Residential", "landuse": "residential", "name": "Hill Ridge Springs", "source": "GPS" } }, "geometry": { "type": "Polygon", "coordinates": [ [ [ 78.3436893, 17.4418246 ], [ 78.3433752, 17.4410225 ], [ 78.3446323, 17.4404316 ], [ 78.3447987, 17.4407256 ], [ 78.3455314, 17.4404943 ], [ 78.3459287, 17.4398696 ], [ 78.3464309, 17.4396727 ], [ 78.3467273, 17.4402605 ], [ 78.3469029, 17.4406576 ], [ 78.3470421, 17.4410307 ], [ 78.3466563, 17.441224 ], [ 78.3448773, 17.4419822 ], [ 78.3440962, 17.4423151 ], [ 78.3439392, 17.442392 ], [ 78.3436893, 17.4418246 ] ] ] } },
{ "type": "Feature", "properties": { "cn": 65, "tags": { "leisure": "pitch", "sport": "tennis" } }, "geometry": { "type": "Polygon", "coordinates": [ [ [ 78.3672931, 17.5083287 ], [ 78.3674191, 17.5083287 ], [ 78.3673789, 17.5080767 ], [ 78.3672528, 17.508078 ], [ 78.3672931, 17.5083287 ] ] ] } },
{ "type": "Feature", "properties": { "cn": 65, "tags": { "name": "Grass land", "natural": "grassland" } }, "geometry": { "type": "Polygon", "coordinates": [ [ [ 78.366294, 17.5089553 ], [ 78.3662757, 17.5085936 ], [ 78.3666552, 17.5085761 ], [ 78.3666735, 17.5089379 ], [ 78.366294, 17.5089553 ] ] ] } },
{ "type": "Feature", "properties": { "cn": 65, "tags": { "name": "Grassland", "natural": "grassland" } }, "geometry": { "type": "Polygon", "coordinates": [ [ [ 78.3714508, 17.4892916 ], [ 78.3719096, 17.48908 ], [ 78.3716159, 17.4887492 ], [ 78.3712593, 17.4889137 ], [ 78.3714508, 17.4892916 ] ] ] } },
{ "type": "Feature", "properties": { "cn": 92, "tags": { "landuse": "construction" } }, "geometry": { "type": "Polygon", "coordinates": [ [ [ 78.3380258, 17.5104138 ], [ 78.3394639, 17.5101954 ], [ 78.3392235, 17.5087557 ], [ 78.3377854, 17.5089741 ], [ 78.3380258, 17.5104138 ] ] ] } },
{ "type": "Feature", "properties": { "cn": 65, "tags": { "leisure": "park" } }, "geometry": { "type": "Polygon", "coordinates": [ [ [ 78.3544572, 17.4925518 ], [ 78.3546871, 17.492449 ], [ 78.354908, 17.4923528 ], [ 78.3551147, 17.492252 ], [ 78.3550868, 17.4921528 ], [ 78.3548491, 17.492244 ], [ 78.3546147, 17.4923317 ], [ 78.3543963, 17.4924166 ], [ 78.3544572, 17.4925518 ] ] ] } },
{ "type": "Feature", "properties": { "cn": 82, "tags": { "landuse": "residential", "name": "Ramky Towers" } }, "geometry": { "type": "Polygon", "coordinates": [ [ [ 78.3657643, 17.445891 ], [ 78.3668729, 17.4441062 ], [ 78.3654515, 17.4437428 ], [ 78.3651253, 17.4436734 ], [ 78.3651671, 17.4441513 ], [ 78.3652031, 17.4443371 ], [ 78.3651858, 17.4446113 ], [ 78.3652266, 17.4446123 ], [ 78.3652692, 17.4447634 ], [ 78.3654962, 17.444814 ], [ 78.3656717, 17.4448167 ], [ 78.3656547, 17.4449378 ], [ 78.3655658, 17.444991 ], [ 78.3652984, 17.4450662 ], [ 78.3653424, 17.4453439 ], [ 78.3651271, 17.4454065 ], [ 78.3651335, 17.4454575 ], [ 78.3644025, 17.4457293 ], [ 78.364329, 17.4459366 ], [ 78.3646105, 17.4461334 ], [ 78.3648768, 17.4460792 ], [ 78.36502, 17.4460493 ], [ 78.3651974, 17.4460423 ], [ 78.3653191, 17.4463215 ], [ 78.3654716, 17.4464127 ], [ 78.3657643, 17.445891 ] ] ] } },
{ "type": "Feature", "properties": { "cn": 82, "tags": { "landuse": "residential", "name": "SMR Vinay Fountainhead" } }, "geometry": { "type": "Polygon", "coordinates": [ [ [ 78.3701146, 17.4904524 ], [ 78.3728814, 17.4900645 ], [ 78.3716675, 17.4887245 ], [ 78.3696278, 17.4895767 ], [ 78.3701146, 17.4904524 ] ] ] } },
{ "type": "Feature", "properties": { "cn": 82, "tags": { "landuse": "residential", "name": "Casa Rouge SHL Ventures" } }, "geometry": { "type": "Polygon", "coordinates": [ [ [ 78.3703476, 17.4636375 ], [ 78.3708883, 17.4634631 ], [ 78.3711169, 17.4633894 ], [ 78.3711631, 17.4633745 ], [ 78.3714861, 17.4632704 ], [ 78.3721196, 17.4630661 ], [ 78.3719469, 17.462589 ], [ 78.3701565, 17.4631295 ], [ 78.3703476, 17.4636375 ] ] ] } },
{ "type": "Feature", "properties": { "cn": 82, "tags": { "access": "private", "landuse": "residential", "name": "Lodha Belleza" } }, "geometry": { "type": "Polygon", "coordinates": [ [ [ 78.3919407, 17.475723 ], [ 78.3923665, 17.4755373 ], [ 78.3942707, 17.4747388 ], [ 78.393425, 17.4731806 ], [ 78.391041, 17.4743015 ], [ 78.3916852, 17.4756092 ], [ 78.3919407, 17.475723 ] ] ] } },
{ "type": "Feature", "properties": { "cn": 98, "tags": { "leisure": "swimming_pool" } }, "geometry": { "type": "Polygon", "coordinates": [ [ [ 78.3619227, 17.4319151 ], [ 78.3619258, 17.4319202 ], [ 78.3619291, 17.4319237 ], [ 78.361935, 17.4319266 ], [ 78.3619419, 17.4319282 ], [ 78.3619482, 17.431929 ], [ 78.3619529, 17.4319298 ], [ 78.3619578, 17.4319316 ], [ 78.3619606, 17.4319336 ], [ 78.3619633, 17.4319381 ], [ 78.3619643, 17.4319445 ], [ 78.3619633, 17.4319514 ], [ 78.3619655, 17.431989 ], [ 78.3619782, 17.4320091 ], [ 78.3619859, 17.4320194 ], [ 78.361997, 17.432029 ], [ 78.3620131, 17.4320347 ], [ 78.3620242, 17.432037 ], [ 78.3620419, 17.4320379 ], [ 78.3620574, 17.4320379 ], [ 78.3620711, 17.432035 ], [ 78.3620815, 17.4320302 ], [ 78.3620949, 17.4320245 ], [ 78.362107, 17.4320174 ], [ 78.3621177, 17.4320091 ], [ 78.3621261, 17.4320018 ], [ 78.3621325, 17.4319909 ], [ 78.3621365, 17.4319787 ], [ 78.3621361, 17.4319653 ], [ 78.3621321, 17.431934 ], [ 78.3621519, 17.4319304 ], [ 78.3621583, 17.4319224 ], [ 78.3621646, 17.4319138 ], [ 78.3621703, 17.4319023 ], [ 78.362173, 17.4318936 ], [ 78.362174, 17.431886 ], [ 78.3621724, 17.4318789 ], [ 78.3621603, 17.4318681 ], [ 78.362119, 17.4318543 ], [ 78.3620771, 17.4318377 ], [ 78.3620607, 17.4318322 ], [ 78.3620436, 17.4318342 ], [ 78.3620252, 17.4318386 ], [ 78.3620054, 17.4318453 ], [ 78.3619719, 17.4318591 ], [ 78.3619544, 17.4318706 ], [ 78.3619393, 17.4318857 ], [ 78.3619227, 17.4319151 ] ] ] } },
{ "type": "Feature", "properties": { "cn": 98, "tags": { "leisure": "swimming_pool" } }, "geometry": { "type": "Polygon", "coordinates": [ [ [ 78.382346, 17.4769416 ], [ 78.3826423, 17.4769685 ], [ 78.3826678, 17.4768457 ], [ 78.3823594, 17.4768201 ], [ 78.382346, 17.4769416 ] ] ] } },
{ "type": "Feature", "properties": { "cn": 65, "tags": { "leisure": "pitch", "sport": "tennis" } }, "geometry": { "type": "Polygon", "coordinates": [ [ [ 78.3813204, 17.4771136 ], [ 78.3813398, 17.4768581 ], [ 78.381534, 17.4768715 ], [ 78.3815146, 17.4771271 ], [ 78.3813204, 17.4771136 ] ] ] } },
{ "type": "Feature", "properties": { "cn": 65, "tags": { "leisure": "park" } }, "geometry": { "type": "Polygon", "coordinates": [ [ [ 78.338602, 17.4352121 ], [ 78.3386467, 17.4354759 ], [ 78.3387402, 17.435759 ], [ 78.338915, 17.4360305 ], [ 78.3391264, 17.43624 ], [ 78.3392917, 17.4363512 ], [ 78.3395289, 17.4364512 ], [ 78.3398001, 17.4365041 ], [ 78.3400818, 17.4365115 ], [ 78.3402961, 17.4364659 ], [ 78.3405453, 17.4363951 ], [ 78.3407404, 17.4362555 ], [ 78.340964, 17.4360499 ], [ 78.3410694, 17.4359044 ], [ 78.3411632, 17.4357474 ], [ 78.3412486, 17.4354798 ], [ 78.3412512, 17.4352078 ], [ 78.3411711, 17.4349432 ], [ 78.3411157, 17.4347962 ], [ 78.3410448, 17.434664 ], [ 78.3409308, 17.4344905 ], [ 78.3407922, 17.4343436 ], [ 78.3405826, 17.4341819 ], [ 78.3403885, 17.4340996 ], [ 78.3402314, 17.4340555 ], [ 78.3400404, 17.4340408 ], [ 78.3396984, 17.4340526 ], [ 78.3394735, 17.4340878 ], [ 78.3392886, 17.4341407 ], [ 78.339113, 17.4342377 ], [ 78.3389589, 17.4343494 ], [ 78.3387525, 17.434614 ], [ 78.3386601, 17.4348198 ], [ 78.3386138, 17.4349844 ], [ 78.338602, 17.4352121 ] ] ] } },
{ "type": "Feature", "properties": { "cn": 65, "tags": { "leisure": "park" } }, "geometry": { "type": "Polygon", "coordinates": [ [ [ 78.3378968, 17.4359841 ], [ 78.3378805, 17.4359046 ], [ 78.3382525, 17.4358406 ], [ 78.3382667, 17.4358348 ], [ 78.3382464, 17.4356389 ], [ 78.3382952, 17.4356214 ], [ 78.338287, 17.4355788 ], [ 78.3385188, 17.43554 ], [ 78.3386672, 17.4359085 ], [ 78.3378988, 17.4360132 ], [ 78.3378968, 17.4359841 ] ] ] } },
{ "type": "Feature", "properties": { "cn": 65, "tags": { "leisure": "park" } }, "geometry": { "type": "Polygon", "coordinates": [ [ [ 78.3382098, 17.4353441 ], [ 78.3381366, 17.4349213 ], [ 78.3382789, 17.4349058 ], [ 78.3385045, 17.4350202 ], [ 78.3384984, 17.4351385 ], [ 78.3385005, 17.4353092 ], [ 78.3382098, 17.4353441 ] ] ] } },
{ "type": "Feature", "properties": { "cn": 65, "tags": { "leisure": "park" } }, "geometry": { "type": "Polygon", "coordinates": [ [ [ 78.337299, 17.4353128 ], [ 78.3372337, 17.4348628 ], [ 78.3376446, 17.4348027 ], [ 78.3377193, 17.435246 ], [ 78.337299, 17.4353128 ] ] ] } },
{ "type": "Feature", "properties": { "cn": 65, "tags": { "leisure": "park" } }, "geometry": { "type": "Polygon", "coordinates": [ [ [ 78.3378107, 17.4343366 ], [ 78.3377189, 17.4337433 ], [ 78.3377703, 17.4337361 ], [ 78.3378385, 17.4341769 ], [ 78.3380246, 17.4341507 ], [ 78.3379554, 17.4337034 ], [ 78.338182, 17.4336715 ], [ 78.3382194, 17.4339131 ], [ 78.3382417, 17.434057 ], [ 78.3380869, 17.4340788 ], [ 78.3381201, 17.434293 ], [ 78.3378107, 17.4343366 ] ] ] } },
{ "type": "Feature", "properties": { "cn": 65, "tags": { "leisure": "pitch", "sport": "tennis" } }, "geometry": { "type": "Polygon", "coordinates": [ [ [ 78.3377011, 17.433705 ], [ 78.3379717, 17.4336672 ], [ 78.3379491, 17.4335203 ], [ 78.3376785, 17.4335581 ], [ 78.3377011, 17.433705 ] ] ] } },
{ "type": "Feature", "properties": { "cn": 82, "tags": { "landuse": "residential" } }, "geometry": { "type": "Polygon", "coordinates": [ [ [ 78.3391498, 17.4233186 ], [ 78.3401905, 17.4226863 ], [ 78.3404832, 17.4225467 ], [ 78.341276, 17.4225777 ], [ 78.3415667, 17.4232415 ], [ 78.3416582, 17.4234505 ], [ 78.3400279, 17.4247344 ], [ 78.3391498, 17.4233186 ] ] ] } },
{ "type": "Feature", "properties": { "cn": 65, "tags": { "leisure": "park" } }, "geometry": { "type": "Polygon", "coordinates": [ [ [ 78.3917756, 17.4949733 ], [ 78.391435, 17.4946203 ], [ 78.3915611, 17.4944822 ], [ 78.391671, 17.4945845 ], [ 78.3916067, 17.4946792 ], [ 78.3918454, 17.4949247 ], [ 78.3920439, 17.4947559 ], [ 78.3924837, 17.4951601 ], [ 78.3922397, 17.4954568 ], [ 78.3917756, 17.4949733 ] ] ] } },
{ "type": "Feature", "properties": { "cn": 65, "tags": { "leisure": "park" } }, "geometry": { "type": "Polygon", "coordinates": [ [ [ 78.3905672, 17.4950065 ], [ 78.3906304, 17.4950669 ], [ 78.3908654, 17.4948428 ], [ 78.3908021, 17.4947825 ], [ 78.3905672, 17.4950065 ] ] ] } },
{ "type": "Feature", "properties": { "cn": 65, "tags": { "landuse": "grass" } }, "geometry": { "type": "Polygon", "coordinates": [ [ [ 78.3910917, 17.4948147 ], [ 78.3912365, 17.494674 ], [ 78.3916603, 17.4950245 ], [ 78.3915423, 17.4951933 ], [ 78.3916415, 17.4952957 ], [ 78.3915986, 17.495334 ], [ 78.3914538, 17.495288 ], [ 78.3913384, 17.4953264 ], [ 78.3912499, 17.4953622 ], [ 78.3911963, 17.4954415 ], [ 78.3912043, 17.4955566 ], [ 78.3914726, 17.4958022 ], [ 78.3916281, 17.4957612 ], [ 78.3917007, 17.4958467 ], [ 78.391809, 17.495953 ], [ 78.3918918, 17.4960289 ], [ 78.3915159, 17.4964345 ], [ 78.3911821, 17.4961283 ], [ 78.3904552, 17.4956013 ], [ 78.3901972, 17.4952502 ], [ 78.3901614, 17.4950529 ], [ 78.3904899, 17.4953707 ], [ 78.390456, 17.4954177 ], [ 78.390607, 17.4955764 ], [ 78.3908396, 17.4953673 ], [ 78.3909012, 17.4952931 ], [ 78.3910783, 17.4954312 ], [ 78.3913975, 17.4951217 ], [ 78.3910917, 17.4948147 ] ] ] } },
{ "type": "Feature", "properties": { "cn": 65, "tags": { "landuse": "grass" } }, "geometry": { "type": "Polygon", "coordinates": [ [ [ 78.3933179, 17.4962473 ], [ 78.3932884, 17.4963189 ], [ 78.3930416, 17.4962652 ], [ 78.3926608, 17.4958508 ], [ 78.3930121, 17.4957024 ], [ 78.393106, 17.4958124 ], [ 78.3933179, 17.4962473 ] ] ] } },
{ "type": "Feature", "properties": { "cn": 65, "tags": { "landuse": "grass" } }, "geometry": { "type": "Polygon", "coordinates": [ [ [ 78.3934279, 17.4963164 ], [ 78.3934467, 17.4962524 ], [ 78.3935003, 17.4962064 ], [ 78.3935593, 17.4961757 ], [ 78.3936371, 17.4961629 ], [ 78.3937176, 17.4961833 ], [ 78.3937685, 17.4962089 ], [ 78.3934279, 17.4963164 ] ] ] } },
{ "type": "Feature", "properties": { "cn": 65, "tags": { "landuse": "grass" } }, "geometry": { "type": "Polygon", "coordinates": [ [ [ 78.3930742, 17.4942806 ], [ 78.3935702, 17.4953236 ], [ 78.3932734, 17.4954671 ], [ 78.3933019, 17.4952771 ], [ 78.393123, 17.4951957 ], [ 78.3931393, 17.4950289 ], [ 78.3929279, 17.4949514 ], [ 78.392875, 17.4949785 ], [ 78.3926595, 17.4946451 ], [ 78.3928059, 17.4944473 ], [ 78.3930742, 17.4942806 ] ] ] } },
{ "type": "Feature", "properties": { "cn": 65, "tags": { "landuse": "grass" } }, "geometry": { "type": "Polygon", "coordinates": [ [ [ 78.3924033, 17.4924788 ], [ 78.3929741, 17.4939296 ], [ 78.3937343, 17.493628 ], [ 78.3930851, 17.4921626 ], [ 78.3927956, 17.4922828 ], [ 78.3926929, 17.4920468 ], [ 78.3925995, 17.492078 ], [ 78.3925014, 17.491833 ], [ 78.3921362, 17.4919798 ], [ 78.3924033, 17.4924788 ] ] ] } },
{ "type": "Feature", "properties": { "cn": 65, "tags": { "access": "permissive", "leisure": "playground", "name": "Playground 2" } }, "geometry": { "type": "Polygon", "coordinates": [ [ [ 78.3886962, 17.4923645 ], [ 78.3889821, 17.4921 ], [ 78.3891001, 17.492012 ], [ 78.3893716, 17.4919743 ], [ 78.3894937, 17.4919775 ], [ 78.389593, 17.4921308 ], [ 78.3897219, 17.4934441 ], [ 78.3889494, 17.4926357 ], [ 78.3886962, 17.4923645 ] ] ] } },
{ "type": "Feature", "properties": { "cn": 65, "tags": { "landuse": "grass" } }, "geometry": { "type": "Polygon", "coordinates": [ [ [ 78.3896897, 17.492032 ], [ 78.3896153, 17.4915377 ], [ 78.3900823, 17.4913907 ], [ 78.3906427, 17.491413 ], [ 78.3906567, 17.4917827 ], [ 78.3905166, 17.4917337 ], [ 78.3902831, 17.4916936 ], [ 78.3901524, 17.4917159 ], [ 78.3899609, 17.491796 ], [ 78.3898815, 17.4918584 ], [ 78.3896897, 17.492032 ] ] ] } },
{ "type": "Feature", "properties": { "cn": 65, "tags": { "landuse": "grass" } }, "geometry": { "type": "Polygon", "coordinates": [ [ [ 78.388686, 17.4899565 ], [ 78.3890689, 17.489912 ], [ 78.3893865, 17.4899877 ], [ 78.3895453, 17.4902238 ], [ 78.3904933, 17.490059 ], [ 78.3908902, 17.4899654 ], [ 78.3911564, 17.490491 ], [ 78.3913561, 17.4909042 ], [ 78.3915767, 17.4908562 ], [ 78.3916561, 17.4910611 ], [ 78.3914179, 17.4911591 ], [ 78.3912492, 17.4912108 ], [ 78.3911481, 17.4909478 ], [ 78.3906903, 17.4911757 ], [ 78.3907047, 17.4913522 ], [ 78.390194, 17.4913345 ], [ 78.3901524, 17.4908963 ], [ 78.3900216, 17.4907449 ], [ 78.3895079, 17.4908206 ], [ 78.3896153, 17.4911814 ], [ 78.3893304, 17.4912215 ], [ 78.3892464, 17.4910522 ], [ 78.3890923, 17.4911057 ], [ 78.3889101, 17.4906647 ], [ 78.3887747, 17.4903574 ], [ 78.388686, 17.4899565 ] ] ] } },
{ "type": "Feature", "properties": { "cn": 65, "tags": { "landuse": "grass" } }, "geometry": { "type": "Polygon", "coordinates": [ [ [ 78.3873877, 17.4907939 ], [ 78.3877798, 17.4904022 ], [ 78.3882563, 17.4898496 ], [ 78.3880695, 17.4894621 ], [ 78.3878407, 17.4894977 ], [ 78.3876119, 17.4898808 ], [ 78.3868273, 17.490099 ], [ 78.3873877, 17.4907939 ] ] ] } },
{ "type": "Feature", "properties": { "cn": 65, "tags": { "landuse": "grass" } }, "geometry": { "type": "Polygon", "coordinates": [ [ [ 78.3900889, 17.4946015 ], [ 78.3899881, 17.4939148 ], [ 78.3905251, 17.493927 ], [ 78.3900889, 17.4946015 ] ] ] } },
{ "type": "Feature", "properties": { "cn": 65, "tags": { "landuse": "grass" } }, "geometry": { "type": "Polygon", "coordinates": [ [ [ 78.3916231, 17.4943099 ], [ 78.3915373, 17.4942024 ], [ 78.3914922, 17.4941272 ], [ 78.3915692, 17.4940185 ], [ 78.3911687, 17.4936423 ], [ 78.390876, 17.4938862 ], [ 78.3907338, 17.4937881 ], [ 78.3906942, 17.4937599 ], [ 78.3908513, 17.4935659 ], [ 78.391483, 17.4935806 ], [ 78.3914398, 17.4933896 ], [ 78.3914922, 17.4930693 ], [ 78.3922594, 17.4936012 ], [ 78.3921608, 17.493704 ], [ 78.3925151, 17.493992 ], [ 78.3923672, 17.494186 ], [ 78.3926784, 17.4944798 ], [ 78.3925921, 17.4946062 ], [ 78.3921392, 17.4942242 ], [ 78.392093, 17.494186 ], [ 78.391751, 17.4944681 ], [ 78.3916231, 17.4943099 ] ] ] } },
{ "type": "Feature", "properties": { "cn": 65, "tags": { "landuse": "grass" } }, "geometry": { "type": "Polygon", "coordinates": [ [ [ 78.3946965, 17.4959079 ], [ 78.3945794, 17.4959403 ], [ 78.3945042, 17.4957124 ], [ 78.3942813, 17.4957749 ], [ 78.3942406, 17.4956888 ], [ 78.3943839, 17.4956381 ], [ 78.3943237, 17.4954795 ], [ 78.3944972, 17.4954154 ], [ 78.3946007, 17.4956711 ], [ 78.3946965, 17.4959079 ] ] ] } },
{ "type": "Feature", "properties": { "cn": 65, "tags": { "landuse": "grass" } }, "geometry": { "type": "Polygon", "coordinates": [ [ [ 78.392089, 17.4957175 ], [ 78.3919195, 17.4955588 ], [ 78.3920551, 17.4954089 ], [ 78.3922307, 17.4955764 ], [ 78.392089, 17.4957175 ] ] ] } },
{ "type": "Feature", "properties": { "cn": 65, "tags": { "landuse": "grass" } }, "geometry": { "type": "Polygon", "coordinates": [ [ [ 78.3926383, 17.4911454 ], [ 78.3927904, 17.4914998 ], [ 78.3924507, 17.4916348 ], [ 78.3923976, 17.4915437 ], [ 78.3921003, 17.4916551 ], [ 78.3921817, 17.4918745 ], [ 78.3918242, 17.4920197 ], [ 78.3916154, 17.4916112 ], [ 78.3926383, 17.4911454 ] ] ] } },
{ "type": "Feature", "properties": { "cn": 65, "tags": { "landuse": "grass" } }, "geometry": { "type": "Polygon", "coordinates": [ [ [ 78.3914668, 17.4900382 ], [ 78.3914562, 17.4903623 ], [ 78.391619, 17.4903825 ], [ 78.391626, 17.4901327 ], [ 78.3918065, 17.4901327 ], [ 78.3918136, 17.490288 ], [ 78.3916402, 17.4902846 ], [ 78.3916508, 17.4903994 ], [ 78.3918809, 17.4903994 ], [ 78.3919163, 17.4905108 ], [ 78.3921003, 17.4904635 ], [ 78.3923056, 17.4910644 ], [ 78.3919658, 17.491169 ], [ 78.3917322, 17.4905243 ], [ 78.3915659, 17.4905918 ], [ 78.3919056, 17.491331 ], [ 78.3925569, 17.4909631 ], [ 78.3921569, 17.4899876 ], [ 78.3917428, 17.4900213 ], [ 78.3914668, 17.4900382 ] ] ] } },
{ "type": "Feature", "properties": { "cn": 65, "tags": { "landuse": "grass" } }, "geometry": { "type": "Polygon", "coordinates": [ [ [ 78.3852665, 17.486587 ], [ 78.3847119, 17.4856172 ], [ 78.3846996, 17.485341 ], [ 78.3858334, 17.4853998 ], [ 78.3857879, 17.4864085 ], [ 78.3852665, 17.486587 ] ] ] } },
{ "type": "Feature", "properties": { "cn": 98, "tags": { "natural": "water" } }, "geometry": { "type": "Polygon", "coordinates": [ [ [ 78.3840791, 17.4880892 ], [ 78.3840935, 17.4881032 ], [ 78.3841023, 17.488121 ], [ 78.3841045, 17.4881406 ], [ 78.3841, 17.4881598 ], [ 78.3840891, 17.4881765 ], [ 78.3840731, 17.4881889 ], [ 78.3840538, 17.4881957 ], [ 78.3840333, 17.4881961 ], [ 78.3840138, 17.4881902 ], [ 78.3839973, 17.4881786 ], [ 78.3839857, 17.4881625 ], [ 78.3839801, 17.4881437 ], [ 78.3839813, 17.4881242 ], [ 78.383989, 17.4881061 ], [ 78.3840024, 17.4880913 ], [ 78.3840201, 17.4880815 ], [ 78.3840402, 17.4880777 ], [ 78.3840606, 17.4880803 ], [ 78.3840791, 17.4880892 ] ] ] } },
{ "type": "Feature", "properties": { "cn": 70, "tags": { "natural": "wood" } }, "geometry": { "type": "Polygon", "coordinates": [ [ [ 78.3671763, 17.5001129 ], [ 78.3660605, 17.5001129 ], [ 78.365776, 17.5008863 ], [ 78.3660162, 17.502018 ], [ 78.367069, 17.5058634 ], [ 78.3674552, 17.5067842 ], [ 78.3675411, 17.5073572 ], [ 78.3677127, 17.5073367 ], [ 78.3680131, 17.5066205 ], [ 78.3689143, 17.5058634 ], [ 78.369365, 17.5064568 ], [ 78.3694293, 17.5075823 ], [ 78.3698585, 17.5075414 ], [ 78.369837, 17.5071321 ], [ 78.370588, 17.5069479 ], [ 78.3725331, 17.5065279 ], [ 78.372748, 17.5073397 ], [ 78.3764515, 17.506881 ], [ 78.3764106, 17.5059525 ], [ 78.3769151, 17.5059466 ], [ 78.3781411, 17.5040216 ], [ 78.3773687, 17.5010952 ], [ 78.3764245, 17.5004813 ], [ 78.3774774, 17.4978483 ], [ 78.3749351, 17.4972693 ], [ 78.3741109, 17.4970376 ], [ 78.3741726, 17.4974955 ], [ 78.374194, 17.4977232 ], [ 78.3742182, 17.4979406 ], [ 78.3742289, 17.4982885 ], [ 78.3743624, 17.4994043 ], [ 78.3744165, 17.5006139 ], [ 78.374448, 17.5008468 ], [ 78.374641, 17.502131 ], [ 78.3748944, 17.503585 ], [ 78.3749856, 17.504071 ], [ 78.3751009, 17.504204 ], [ 78.3746289, 17.5044163 ], [ 78.3742802, 17.504511 ], [ 78.3740321, 17.5044765 ], [ 78.3737974, 17.5032205 ], [ 78.37378, 17.5032198 ], [ 78.3712721, 17.5038817 ], [ 78.3709931, 17.5039303 ], [ 78.3699015, 17.5043345 ], [ 78.3696601, 17.5043575 ], [ 78.3689761, 17.5044752 ], [ 78.3682532, 17.5019123 ], [ 78.3708698, 17.5013083 ], [ 78.3709073, 17.5013211 ], [ 78.370959, 17.5013062 ], [ 78.3709379, 17.4997621 ], [ 78.3708027, 17.4997147 ], [ 78.3690209, 17.4997671 ], [ 78.369304, 17.4971088 ], [ 78.3674981, 17.4969818 ], [ 78.3671763, 17.5001129 ] ] ] } },
{ "type": "Feature", "properties": { "cn": 85, "tags": { "name": "Krishnaja Hills", "natural": "hill" } }, "geometry": { "type": "Polygon", "coordinates": [ [ [ 78.3592592, 17.5255644 ], [ 78.3600882, 17.5261522 ], [ 78.361028, 17.5271905 ], [ 78.3605992, 17.5275317 ], [ 78.3609371, 17.5279116 ], [ 78.3611175, 17.5281102 ], [ 78.3612592, 17.5282669 ], [ 78.3612733, 17.5282852 ], [ 78.3615699, 17.5286325 ], [ 78.36147, 17.528726 ], [ 78.3615459, 17.5289092 ], [ 78.3616277, 17.5291034 ], [ 78.361665, 17.5291596 ], [ 78.36258, 17.5289709 ], [ 78.3625638, 17.5286458 ], [ 78.3618276, 17.5279574 ], [ 78.3617887, 17.5278122 ], [ 78.3618878, 17.5277515 ], [ 78.3623054, 17.5276874 ], [ 78.3625638, 17.5276874 ], [ 78.3628045, 17.5278156 ], [ 78.3632044, 17.5280147 ], [ 78.3632999, 17.5280451 ], [ 78.3634238, 17.5282273 ], [ 78.3632504, 17.5291082 ], [ 78.3635335, 17.5291622 ], [ 78.3640055, 17.529108 ], [ 78.3652076, 17.5289698 ], [ 78.3652996, 17.5288753 ], [ 78.3653598, 17.5287606 ], [ 78.3651934, 17.5282543 ], [ 78.3655969, 17.5280788 ], [ 78.3657208, 17.5282037 ], [ 78.3659968, 17.5280248 ], [ 78.3658128, 17.5277549 ], [ 78.3656641, 17.5276334 ], [ 78.3654376, 17.5273634 ], [ 78.3651297, 17.5261923 ], [ 78.3650667, 17.5261824 ], [ 78.3650589, 17.5261788 ], [ 78.3650556, 17.5261696 ], [ 78.3650586, 17.5261651 ], [ 78.3650674, 17.5261611 ], [ 78.3657057, 17.5261059 ], [ 78.3671441, 17.5256739 ], [ 78.3683489, 17.5256606 ], [ 78.3687739, 17.5253978 ], [ 78.3689233, 17.5250995 ], [ 78.368914, 17.5245161 ], [ 78.3688066, 17.524191 ], [ 78.3687038, 17.5237368 ], [ 78.3699398, 17.5224237 ], [ 78.3706679, 17.5216502 ], [ 78.3713116, 17.5227347 ], [ 78.371376, 17.5240033 ], [ 78.372642, 17.5253743 ], [ 78.3738522, 17.5242032 ], [ 78.3738635, 17.5230119 ], [ 78.3741417, 17.5229405 ], [ 78.3740361, 17.5218513 ], [ 78.3750882, 17.5215274 ], [ 78.3716335, 17.5191743 ], [ 78.3688869, 17.5193789 ], [ 78.3701307, 17.5213708 ], [ 78.3699181, 17.5213665 ], [ 78.3694858, 17.5217242 ], [ 78.3684792, 17.5225505 ], [ 78.3677364, 17.5230779 ], [ 78.3662456, 17.5216182 ], [ 78.3644807, 17.5220427 ], [ 78.3633166, 17.5194389 ], [ 78.3657306, 17.518912 ], [ 78.3686213, 17.518713 ], [ 78.3705391, 17.5185809 ], [ 78.3705606, 17.5162072 ], [ 78.3694448, 17.5159617 ], [ 78.3694663, 17.5151227 ], [ 78.3690816, 17.514875 ], [ 78.368608, 17.5145702 ], [ 78.3654108, 17.5146111 ], [ 78.3652606, 17.5131173 ], [ 78.3613338, 17.5128104 ], [ 78.3607544, 17.5154705 ], [ 78.3578577, 17.5162891 ], [ 78.3564415, 17.5188878 ], [ 78.3608846, 17.5197615 ], [ 78.3606836, 17.5208163 ], [ 78.3606836, 17.5228738 ], [ 78.3596258, 17.522857 ], [ 78.3597216, 17.5239871 ], [ 78.3596349, 17.5239954 ], [ 78.3590802, 17.5240486 ], [ 78.3590759, 17.5240365 ], [ 78.3590637, 17.5244299 ], [ 78.3591028, 17.5250901 ], [ 78.3592592, 17.5255644 ] ] ] } },
{ "type": "Feature", "properties": { "cn": 65, "tags": { "natural": "grassland" } }, "geometry": { "type": "Polygon", "coordinates": [ [ [ 78.4376039, 17.4394818 ], [ 78.4380121, 17.4394586 ], [ 78.4380387, 17.4398836 ], [ 78.4376305, 17.4399068 ], [ 78.4376039, 17.4394818 ] ] ] } },
{ "type": "Feature", "properties": { "cn": 65, "tags": { "leisure": "park" } }, "geometry": { "type": "Polygon", "coordinates": [ [ [ 78.4385758, 17.4364004 ], [ 78.4385921, 17.436015 ], [ 78.4387883, 17.4360573 ], [ 78.4387065, 17.4364115 ], [ 78.4385758, 17.4364004 ] ] ] } },
{ "type": "Feature", "properties": { "cn": 65, "tags": { "leisure": "park" } }, "geometry": { "type": "Polygon", "coordinates": [ [ [ 78.4378423, 17.4365661 ], [ 78.4376837, 17.4362334 ], [ 78.437889, 17.4362097 ], [ 78.4380218, 17.4364883 ], [ 78.4378423, 17.4365661 ] ] ] } },
{ "type": "Feature", "properties": { "cn": 65, "tags": { "leisure": "park" } }, "geometry": { "type": "Polygon", "coordinates": [ [ [ 78.4377273, 17.4382524 ], [ 78.4395975, 17.437688 ], [ 78.4396806, 17.4379437 ], [ 78.4387502, 17.438173 ], [ 78.4387733, 17.4382529 ], [ 78.4379768, 17.4384669 ], [ 78.4377273, 17.4382524 ] ] ] } },
{ "type": "Feature", "properties": { "cn": 65, "tags": { "leisure": "park" } }, "geometry": { "type": "Polygon", "coordinates": [ [ [ 78.4381247, 17.4380437 ], [ 78.4378074, 17.4371295 ], [ 78.4387224, 17.4368385 ], [ 78.4387901, 17.4370619 ], [ 78.4390028, 17.4377644 ], [ 78.4381247, 17.4380437 ] ] ] } },
{ "type": "Feature", "properties": { "cn": 65, "tags": { "leisure": "park" } }, "geometry": { "type": "Polygon", "coordinates": [ [ [ 78.4334383, 17.4378039 ], [ 78.4333457, 17.4376211 ], [ 78.4334961, 17.4375518 ], [ 78.4335887, 17.4377346 ], [ 78.4334383, 17.4378039 ] ] ] } },
{ "type": "Feature", "properties": { "cn": 65, "tags": { "natural": "grassland" } }, "geometry": { "type": "Polygon", "coordinates": [ [ [ 78.4335999, 17.4394262 ], [ 78.4335633, 17.4392542 ], [ 78.4337231, 17.4392233 ], [ 78.4337597, 17.4393953 ], [ 78.4335999, 17.4394262 ] ] ] } },
{ "type": "Feature", "properties": { "cn": 65, "tags": { "natural": "grassland" } }, "geometry": { "type": "Polygon", "coordinates": [ [ [ 78.4338348, 17.4390834 ], [ 78.4337698, 17.4389543 ], [ 78.4339131, 17.4388887 ], [ 78.4339781, 17.4390178 ], [ 78.4338348, 17.4390834 ] ] ] } },
{ "type": "Feature", "properties": { "cn": 65, "tags": { "leisure": "park" } }, "geometry": { "type": "Polygon", "coordinates": [ [ [ 78.4373113, 17.4382819 ], [ 78.4371268, 17.4377985 ], [ 78.4373019, 17.4377517 ], [ 78.4374794, 17.4382329 ], [ 78.4373113, 17.4382819 ] ] ] } },
{ "type": "Feature", "properties": { "cn": 65, "tags": { "natural": "grassland" } }, "geometry": { "type": "Polygon", "coordinates": [ [ [ 78.4371136, 17.438429 ], [ 78.4369803, 17.4381222 ], [ 78.4371291, 17.4380634 ], [ 78.4372624, 17.4383702 ], [ 78.4371136, 17.438429 ] ] ] } },
{ "type": "Feature", "properties": { "cn": 65, "tags": { "leisure": "park" } }, "geometry": { "type": "Polygon", "coordinates": [ [ [ 78.4376037, 17.4374522 ], [ 78.4375122, 17.4372118 ], [ 78.4377825, 17.4371181 ], [ 78.4378741, 17.4373585 ], [ 78.4376037, 17.4374522 ] ] ] } },
{ "type": "Feature", "properties": { "cn": 98, "tags": { "natural": "water" } }, "geometry": { "type": "Polygon", "coordinates": [ [ [ 78.4369527, 17.4417834 ], [ 78.4369415, 17.4417732 ], [ 78.4369275, 17.4417671 ], [ 78.4369121, 17.4417655 ], [ 78.436897, 17.4417687 ], [ 78.4368838, 17.4417763 ], [ 78.4368738, 17.4417876 ], [ 78.4368681, 17.4418013 ], [ 78.4368673, 17.441816 ], [ 78.4368715, 17.4418302 ], [ 78.4368802, 17.4418424 ], [ 78.4368925, 17.4418513 ], [ 78.436908, 17.441856 ], [ 78.4369243, 17.4418556 ], [ 78.4369394, 17.4418499 ], [ 78.4369517, 17.4418397 ], [ 78.4369597, 17.4418262 ], [ 78.4369625, 17.4418109 ], [ 78.43696, 17.4417964 ], [ 78.4369527, 17.4417834 ] ] ] } },
{ "type": "Feature", "properties": { "cn": 65, "tags": { "natural": "grassland" } }, "geometry": { "type": "Polygon", "coordinates": [ [ [ 78.4374615, 17.4430054 ], [ 78.437343, 17.4425818 ], [ 78.4376287, 17.4425091 ], [ 78.4376498, 17.4425847 ], [ 78.4378334, 17.442538 ], [ 78.4379306, 17.442886 ], [ 78.4374615, 17.4430054 ] ] ] } },
{ "type": "Feature", "properties": { "cn": 65, "tags": { "natural": "grassland" } }, "geometry": { "type": "Polygon", "coordinates": [ [ [ 78.4356665, 17.4413372 ], [ 78.4356527, 17.4412664 ], [ 78.4357862, 17.4412427 ], [ 78.4358, 17.4413135 ], [ 78.4356665, 17.4413372 ] ] ] } },
{ "type": "Feature", "properties": { "cn": 65, "tags": { "natural": "grassland" } }, "geometry": { "type": "Polygon", "coordinates": [ [ [ 78.4364476, 17.4414417 ], [ 78.4364338, 17.4413703 ], [ 78.4365337, 17.4413527 ], [ 78.4365475, 17.4414241 ], [ 78.4364476, 17.4414417 ] ] ] } },
{ "type": "Feature", "properties": { "cn": 65, "tags": { "natural": "grassland" } }, "geometry": { "type": "Polygon", "coordinates": [ [ [ 78.4381079, 17.4440564 ], [ 78.438085, 17.4439111 ], [ 78.4383333, 17.4438755 ], [ 78.4383562, 17.4440208 ], [ 78.4381079, 17.4440564 ] ] ] } },
{ "type": "Feature", "properties": { "cn": 65, "tags": { "leisure": "park" } }, "geometry": { "type": "Polygon", "coordinates": [ [ [ 78.4384578, 17.4441561 ], [ 78.4383585, 17.4435778 ], [ 78.4388118, 17.4435138 ], [ 78.4387823, 17.4441382 ], [ 78.4384578, 17.4441561 ] ] ] } },
{ "type": "Feature", "properties": { "cn": 65, "tags": { "natural": "grassland" } }, "geometry": { "type": "Polygon", "coordinates": [ [ [ 78.43767, 17.4425117 ], [ 78.4376245, 17.4422455 ], [ 78.4378136, 17.4422154 ], [ 78.4378615, 17.4424449 ], [ 78.43767, 17.4425117 ] ] ] } },
{ "type": "Feature", "properties": { "cn": 65, "tags": { "natural": "grassland" } }, "geometry": { "type": "Polygon", "coordinates": [ [ [ 78.4382095, 17.4417511 ], [ 78.4381957, 17.4416541 ], [ 78.4383702, 17.4416314 ], [ 78.4383841, 17.4417285 ], [ 78.4382095, 17.4417511 ] ] ] } },
{ "type": "Feature", "properties": { "cn": 65, "tags": { "natural": "grassland" } }, "geometry": { "type": "Polygon", "coordinates": [ [ [ 78.4390065, 17.4412552 ], [ 78.4389891, 17.4411687 ], [ 78.4390859, 17.4411509 ], [ 78.4391033, 17.4412375 ], [ 78.4390065, 17.4412552 ] ] ] } },
{ "type": "Feature", "properties": { "cn": 65, "tags": { "natural": "grassland" } }, "geometry": { "type": "Polygon", "coordinates": [ [ [ 78.346455, 17.4403949 ], [ 78.3466035, 17.4403277 ], [ 78.3465625, 17.4402452 ], [ 78.346414, 17.4403123 ], [ 78.346455, 17.4403949 ] ] ] } },
{ "type": "Feature", "properties": { "cn": 65, "tags": { "natural": "grassland" } }, "geometry": { "type": "Polygon", "coordinates": [ [ [ 78.3475186, 17.4425399 ], [ 78.3479611, 17.442348 ], [ 78.3479236, 17.4422636 ], [ 78.3477653, 17.4422892 ], [ 78.3475588, 17.4423864 ], [ 78.3474837, 17.442435 ], [ 78.3475186, 17.4425399 ] ] ] } },
{ "type": "Feature", "properties": { "cn": 65, "tags": { "natural": "grassland" } }, "geometry": { "type": "Polygon", "coordinates": [ [ [ 78.347244, 17.4426431 ], [ 78.3474107, 17.4424802 ], [ 78.3473782, 17.4424104 ], [ 78.347177, 17.4424919 ], [ 78.347244, 17.4426431 ] ] ] } },
{ "type": "Feature", "properties": { "cn": 65, "tags": { "leisure": "pitch", "sport": "tennis" } }, "geometry": { "type": "Polygon", "coordinates": [ [ [ 78.3933656, 17.4770012 ], [ 78.393616, 17.4771556 ], [ 78.3937012, 17.4770297 ], [ 78.3934509, 17.4768754 ], [ 78.3933656, 17.4770012 ] ] ] } },
{ "type": "Feature", "properties": { "cn": 65, "tags": { "leisure": "pitch", "sport": "basketball" } }, "geometry": { "type": "Polygon", "coordinates": [ [ [ 78.3358797, 17.4930021 ], [ 78.3362572, 17.4929226 ], [ 78.3362203, 17.492763 ], [ 78.3358428, 17.4928424 ], [ 78.3358797, 17.4930021 ] ] ] } },
{ "type": "Feature", "properties": { "cn": 98, "tags": { "leisure": "swimming_pool" } }, "geometry": { "type": "Polygon", "coordinates": [ [ [ 78.3362106, 17.492692 ], [ 78.3361673, 17.492509 ], [ 78.3360694, 17.4925301 ], [ 78.3361127, 17.492713 ], [ 78.3362106, 17.492692 ] ] ] } },
{ "type": "Feature", "properties": { "cn": 65, "tags": { "natural": "grassland" } }, "geometry": { "type": "Polygon", "coordinates": [ [ [ 78.3381977, 17.4928891 ], [ 78.3382793, 17.4929317 ], [ 78.3382346, 17.4930096 ], [ 78.3382778, 17.4930522 ], [ 78.3383425, 17.493036 ], [ 78.3384041, 17.4929831 ], [ 78.3384442, 17.4929743 ], [ 78.3384503, 17.4930243 ], [ 78.3382423, 17.4930845 ], [ 78.338173, 17.4930155 ], [ 78.3381622, 17.4929626 ], [ 78.3381977, 17.4928891 ] ] ] } },
{ "type": "Feature", "properties": { "cn": 65, "tags": { "natural": "grassland" } }, "geometry": { "type": "Polygon", "coordinates": [ [ [ 78.3381409, 17.4929277 ], [ 78.3381958, 17.4928531 ], [ 78.3381663, 17.492825 ], [ 78.3381734, 17.4928017 ], [ 78.3380636, 17.4927455 ], [ 78.3381409, 17.4929277 ] ] ] } },
{ "type": "Feature", "properties": { "cn": 65, "tags": { "natural": "grassland" } }, "geometry": { "type": "Polygon", "coordinates": [ [ [ 78.3383426, 17.4926079 ], [ 78.3384336, 17.492658 ], [ 78.3383741, 17.4927516 ], [ 78.3383029, 17.4927171 ], [ 78.338213, 17.4927293 ], [ 78.3381721, 17.4927872 ], [ 78.3380635, 17.4927315 ], [ 78.3380519, 17.4926725 ], [ 78.3383426, 17.4926079 ] ] ] } },
{ "type": "Feature", "properties": { "cn": 65, "tags": { "natural": "grassland" } }, "geometry": { "type": "Polygon", "coordinates": [ [ [ 78.3392673, 17.4925471 ], [ 78.3394869, 17.4925286 ], [ 78.3394672, 17.4924192 ], [ 78.339245, 17.4924556 ], [ 78.3392673, 17.4925471 ] ] ] } },
{ "type": "Feature", "properties": { "cn": 98, "tags": { "leisure": "swimming_pool" } }, "geometry": { "type": "Polygon", "coordinates": [ [ [ 78.3394872, 17.4924134 ], [ 78.339988, 17.4923105 ], [ 78.3400209, 17.4924956 ], [ 78.3395152, 17.4925307 ], [ 78.3394872, 17.4924134 ] ] ] } },
{ "type": "Feature", "properties": { "cn": 65, "tags": { "natural": "grassland" } }, "geometry": { "type": "Polygon", "coordinates": [ [ [ 78.3358646, 17.4930046 ], [ 78.3357406, 17.4930317 ], [ 78.3356938, 17.4929949 ], [ 78.33579, 17.4922292 ], [ 78.3361279, 17.4921652 ], [ 78.3361628, 17.4922727 ], [ 78.335798, 17.4923865 ], [ 78.3358463, 17.4927293 ], [ 78.335832, 17.4928262 ], [ 78.3358646, 17.4930046 ] ] ] } },
{ "type": "Feature", "properties": { "cn": 65, "tags": { "natural": "grassland" } }, "geometry": { "type": "Polygon", "coordinates": [ [ [ 78.3918939, 17.4781827 ], [ 78.3919978, 17.4782601 ], [ 78.3920557, 17.4781895 ], [ 78.3919517, 17.478112 ], [ 78.3918939, 17.4781827 ] ] ] } },
{ "type": "Feature", "properties": { "cn": 65, "tags": { "natural": "grassland" } }, "geometry": { "type": "Polygon", "coordinates": [ [ [ 78.391953, 17.4780837 ], [ 78.3920303, 17.4779986 ], [ 78.3921387, 17.4780882 ], [ 78.3920614, 17.4781734 ], [ 78.391953, 17.4780837 ] ] ] } },
{ "type": "Feature", "properties": { "cn": 65, "tags": { "access": "private", "leisure": "park" } }, "geometry": { "type": "Polygon", "coordinates": [ [ [ 78.3904077, 17.4811288 ], [ 78.3905805, 17.4809233 ], [ 78.3907207, 17.4809078 ], [ 78.3908691, 17.4808302 ], [ 78.3909321, 17.4808593 ], [ 78.3906618, 17.4812703 ], [ 78.3904077, 17.4811288 ] ] ] } },
{ "type": "Feature", "properties": { "cn": 65, "tags": { "leisure": "pitch", "sport": "badminton" } }, "geometry": { "type": "Polygon", "coordinates": [ [ [ 78.3948327, 17.4774685 ], [ 78.3950419, 17.4768238 ], [ 78.3948837, 17.4767138 ], [ 78.3945377, 17.4772511 ], [ 78.3948327, 17.4774685 ] ] ] } },
{ "type": "Feature", "properties": { "cn": 65, "tags": { "natural": "grassland" } }, "geometry": { "type": "Polygon", "coordinates": [ [ [ 78.3290715, 17.429051 ], [ 78.3289869, 17.4287639 ], [ 78.3291958, 17.4287152 ], [ 78.3292574, 17.4289466 ], [ 78.3292361, 17.4289904 ], [ 78.3292095, 17.4290039 ], [ 78.3290715, 17.429051 ] ] ] } },
{ "type": "Feature", "properties": { "cn": 65, "tags": { "leisure": "pitch", "sport": "tennis" } }, "geometry": { "type": "Polygon", "coordinates": [ [ [ 78.3300145, 17.429257 ], [ 78.3303558, 17.4292914 ], [ 78.3303382, 17.4294499 ], [ 78.329997, 17.4294156 ], [ 78.3300145, 17.429257 ] ] ] } },
{ "type": "Feature", "properties": { "cn": 65, "tags": { "natural": "grassland" } }, "geometry": { "type": "Polygon", "coordinates": [ [ [ 78.3293348, 17.4292389 ], [ 78.3292998, 17.4291543 ], [ 78.3294749, 17.4290986 ], [ 78.3294364, 17.4289836 ], [ 78.3296664, 17.4289271 ], [ 78.3297131, 17.4290919 ], [ 78.3297341, 17.4291253 ], [ 78.3298042, 17.4291253 ], [ 78.3303669, 17.4291766 ], [ 78.3303622, 17.429279 ], [ 78.330005, 17.4292367 ], [ 78.3299816, 17.4294127 ], [ 78.3298628, 17.4293969 ], [ 78.3293348, 17.4292389 ] ] ] } },
{ "type": "Feature", "properties": { "cn": 98, "tags": { "leisure": "swimming_pool" } }, "geometry": { "type": "Polygon", "coordinates": [ [ [ 78.3409433, 17.4217933 ], [ 78.3412076, 17.4217973 ], [ 78.3412087, 17.4217258 ], [ 78.3409445, 17.4217218 ], [ 78.3409433, 17.4217933 ] ] ] } },
{ "type": "Feature", "properties": { "cn": 65, "tags": { "natural": "grassland" } }, "geometry": { "type": "Polygon", "coordinates": [ [ [ 78.354058, 17.490104 ], [ 78.3544221, 17.4902702 ], [ 78.3543497, 17.4904144 ], [ 78.3539856, 17.4902483 ], [ 78.354058, 17.490104 ] ] ] } },
{ "type": "Feature", "properties": { "cn": 65, "tags": { "leisure": "park" } }, "geometry": { "type": "Polygon", "coordinates": [ [ [ 78.3538661, 17.4929161 ], [ 78.3541631, 17.4928007 ], [ 78.3541227, 17.492706 ], [ 78.3538256, 17.4928214 ], [ 78.3538661, 17.4929161 ] ] ] } },
{ "type": "Feature", "properties": { "cn": 98, "tags": { "leisure": "swimming_pool" } }, "geometry": { "type": "Polygon", "coordinates": [ [ [ 78.3560349, 17.4913793 ], [ 78.3561634, 17.4913376 ], [ 78.3561387, 17.4912683 ], [ 78.3560102, 17.49131 ], [ 78.3560349, 17.4913793 ] ] ] } },
{ "type": "Feature", "properties": { "cn": 65, "tags": { "natural": "grassland" } }, "geometry": { "type": "Polygon", "coordinates": [ [ [ 78.3559713, 17.4912938 ], [ 78.3562183, 17.4912175 ], [ 78.3561621, 17.4910519 ], [ 78.355915, 17.4911282 ], [ 78.3559713, 17.4912938 ] ] ] } },
{ "type": "Feature", "properties": { "cn": 65, "tags": { "leisure": "pitch", "sport": "tennis" } }, "geometry": { "type": "Polygon", "coordinates": [ [ [ 78.3642742, 17.4891003 ], [ 78.3644013, 17.4889911 ], [ 78.3646382, 17.4892418 ], [ 78.3645111, 17.489351 ], [ 78.3642742, 17.4891003 ] ] ] } },
{ "type": "Feature", "properties": { "cn": 65, "tags": { "natural": "grassland" } }, "geometry": { "type": "Polygon", "coordinates": [ [ [ 78.3627771, 17.4878067 ], [ 78.3629524, 17.4878077 ], [ 78.3629484, 17.4876444 ], [ 78.3627771, 17.4878067 ] ] ] } },
{ "type": "Feature", "properties": { "cn": 65, "tags": { "natural": "grassland" } }, "geometry": { "type": "Polygon", "coordinates": [ [ [ 78.3631046, 17.4875335 ], [ 78.3632378, 17.4875386 ], [ 78.3632478, 17.4873689 ], [ 78.3631046, 17.4875335 ] ] ] } },
{ "type": "Feature", "properties": { "cn": 65, "tags": { "natural": "grassland" } }, "geometry": { "type": "Polygon", "coordinates": [ [ [ 78.3625631, 17.4879321 ], [ 78.3627293, 17.4879277 ], [ 78.3627318, 17.4878279 ], [ 78.3625631, 17.4879321 ] ] ] } },
{ "type": "Feature", "properties": { "cn": 65, "tags": { "natural": "grassland" } }, "geometry": { "type": "Polygon", "coordinates": [ [ [ 78.363063, 17.4880184 ], [ 78.3630639, 17.4879128 ], [ 78.3631392, 17.4879134 ], [ 78.3631383, 17.488019 ], [ 78.363063, 17.4880184 ] ] ] } },
{ "type": "Feature", "properties": { "cn": 65, "tags": { "natural": "grassland" } }, "geometry": { "type": "Polygon", "coordinates": [ [ [ 78.3632442, 17.4880172 ], [ 78.3632451, 17.4879116 ], [ 78.3633204, 17.4879122 ], [ 78.3633195, 17.4880178 ], [ 78.3632442, 17.4880172 ] ] ] } },
{ "type": "Feature", "properties": { "cn": 65, "tags": { "natural": "grassland" } }, "geometry": { "type": "Polygon", "coordinates": [ [ [ 78.3690728, 17.4643639 ], [ 78.3690321, 17.4642795 ], [ 78.3692603, 17.4641731 ], [ 78.3693807, 17.4643639 ], [ 78.369324, 17.4643892 ], [ 78.3692922, 17.4643403 ], [ 78.3692285, 17.4643132 ], [ 78.3691648, 17.4643234 ], [ 78.3690728, 17.4643639 ] ] ] } },
{ "type": "Feature", "properties": { "cn": 65, "tags": { "natural": "grassland" } }, "geometry": { "type": "Polygon", "coordinates": [ [ [ 78.368894, 17.4644432 ], [ 78.3688622, 17.4643926 ], [ 78.368618, 17.4645192 ], [ 78.3687578, 17.4647758 ], [ 78.3688215, 17.4647454 ], [ 78.3687613, 17.464634 ], [ 78.3687542, 17.4645698 ], [ 78.3687684, 17.4645242 ], [ 78.3688285, 17.4644871 ], [ 78.368894, 17.4644432 ] ] ] } },
{ "type": "Feature", "properties": { "cn": 65, "tags": { "natural": "grassland" } }, "geometry": { "type": "Polygon", "coordinates": [ [ [ 78.344479, 17.440782 ], [ 78.3446324, 17.4407132 ], [ 78.3445492, 17.4405443 ], [ 78.3443958, 17.4406131 ], [ 78.344479, 17.440782 ] ] ] } },
{ "type": "Feature", "properties": { "cn": 65, "tags": { "natural": "grassland" } }, "geometry": { "type": "Polygon", "coordinates": [ [ [ 78.3440172, 17.4409804 ], [ 78.3441706, 17.4409117 ], [ 78.3440874, 17.4407428 ], [ 78.343934, 17.4408116 ], [ 78.3440172, 17.4409804 ] ] ] } },
{ "type": "Feature", "properties": { "cn": 98, "tags": { "leisure": "swimming_pool" } }, "geometry": { "type": "Polygon", "coordinates": [ [ [ 78.3451135, 17.4401789 ], [ 78.3452129, 17.4404097 ], [ 78.3455475, 17.4402785 ], [ 78.3454481, 17.4400477 ], [ 78.3451135, 17.4401789 ] ] ] } },
{ "type": "Feature", "properties": { "cn": 65, "tags": { "leisure": "park" } }, "geometry": { "type": "Polygon", "coordinates": [ [ [ 78.3449778, 17.4407277 ], [ 78.3455112, 17.4405023 ], [ 78.3454379, 17.4403445 ], [ 78.3449046, 17.4405699 ], [ 78.3449778, 17.4407277 ] ] ] } },
{ "type": "Feature", "properties": { "cn": 65, "tags": { "natural": "grassland" } }, "geometry": { "type": "Polygon", "coordinates": [ [ [ 78.3452101, 17.4417949 ], [ 78.3450763, 17.4414994 ], [ 78.3448147, 17.4416072 ], [ 78.3449484, 17.4419027 ], [ 78.3452101, 17.4417949 ] ] ] } },
{ "type": "Feature", "properties": { "cn": 65, "tags": { "natural": "grassland" } }, "geometry": { "type": "Polygon", "coordinates": [ [ [ 78.3460678, 17.441069 ], [ 78.3464097, 17.4409292 ], [ 78.3465488, 17.4412387 ], [ 78.3462068, 17.4413785 ], [ 78.3460678, 17.441069 ] ] ] } },
{ "type": "Feature", "properties": { "cn": 65, "tags": { "leisure": "park" } }, "geometry": { "type": "Polygon", "coordinates": [ [ [ 78.3462093, 17.4430859 ], [ 78.3461422, 17.4429327 ], [ 78.3459348, 17.443016 ], [ 78.3459755, 17.4430839 ], [ 78.3462093, 17.4430859 ] ] ] } },
{ "type": "Feature", "properties": { "cn": 65, "tags": { "leisure": "park" } }, "geometry": { "type": "Polygon", "coordinates": [ [ [ 78.3454859, 17.4433326 ], [ 78.3459255, 17.4431548 ], [ 78.3458801, 17.4430526 ], [ 78.3454405, 17.4432303 ], [ 78.3454859, 17.4433326 ] ] ] } },
{ "type": "Feature", "properties": { "cn": 65, "tags": { "leisure": "park" } }, "geometry": { "type": "Polygon", "coordinates": [ [ [ 78.3452169, 17.4434443 ], [ 78.345411, 17.4433632 ], [ 78.3453653, 17.4432636 ], [ 78.3451712, 17.4433447 ], [ 78.3452169, 17.4434443 ] ] ] } },
{ "type": "Feature", "properties": { "cn": 65, "tags": { "natural": "grassland" } }, "geometry": { "type": "Polygon", "coordinates": [ [ [ 78.3610333, 17.4333277 ], [ 78.3611085, 17.4334557 ], [ 78.3611268, 17.4334712 ], [ 78.3613362, 17.4333297 ], [ 78.3613342, 17.4332851 ], [ 78.3613098, 17.4332734 ], [ 78.3612257, 17.4332899 ], [ 78.3610333, 17.4333277 ] ] ] } },
{ "type": "Feature", "properties": { "cn": 65, "tags": { "natural": "grassland" } }, "geometry": { "type": "Polygon", "coordinates": [ [ [ 78.3614378, 17.4330426 ], [ 78.3614602, 17.4332172 ], [ 78.3614703, 17.433254 ], [ 78.3615008, 17.4332482 ], [ 78.3617, 17.4331125 ], [ 78.3617, 17.4330213 ], [ 78.3614378, 17.4330426 ] ] ] } },
{ "type": "Feature", "properties": { "cn": 65, "tags": { "natural": "grassland" } }, "geometry": { "type": "Polygon", "coordinates": [ [ [ 78.3617954, 17.4327395 ], [ 78.3618137, 17.4329644 ], [ 78.3619906, 17.4328578 ], [ 78.3619743, 17.4327181 ], [ 78.3617954, 17.4327395 ] ] ] } },
{ "type": "Feature", "properties": { "cn": 65, "tags": { "natural": "grassland" } }, "geometry": { "type": "Polygon", "coordinates": [ [ [ 78.3619235, 17.4323535 ], [ 78.3618869, 17.4320374 ], [ 78.3617974, 17.4320762 ], [ 78.3617405, 17.4321286 ], [ 78.3616572, 17.4322236 ], [ 78.3617324, 17.4323031 ], [ 78.3617446, 17.4323749 ], [ 78.3619235, 17.4323535 ] ] ] } },
{ "type": "Feature", "properties": { "cn": 65, "tags": { "natural": "grassland" } }, "geometry": { "type": "Polygon", "coordinates": [ [ [ 78.3622947, 17.4318627 ], [ 78.3623696, 17.4326474 ], [ 78.3622727, 17.4326469 ], [ 78.3621816, 17.4318785 ], [ 78.3622947, 17.4318627 ] ] ] } },
{ "type": "Feature", "properties": { "cn": 65, "tags": { "natural": "grassland" } }, "geometry": { "type": "Polygon", "coordinates": [ [ [ 78.3620139, 17.432738 ], [ 78.3620709, 17.4327247 ], [ 78.3621063, 17.432735 ], [ 78.3621479, 17.4328394 ], [ 78.3620416, 17.4329026 ], [ 78.3620139, 17.432738 ] ] ] } },
{ "type": "Feature", "properties": { "cn": 65, "tags": { "natural": "grassland" } }, "geometry": { "type": "Polygon", "coordinates": [ [ [ 78.362171, 17.4328085 ], [ 78.3623744, 17.4327012 ], [ 78.3623605, 17.4326821 ], [ 78.3623097, 17.432685 ], [ 78.3621495, 17.4327277 ], [ 78.362171, 17.4328085 ] ] ] } },
{ "type": "Feature", "properties": { "cn": 65, "tags": { "natural": "grassland" } }, "geometry": { "type": "Polygon", "coordinates": [ [ [ 78.3628298, 17.432204 ], [ 78.3628522, 17.4324096 ], [ 78.3630981, 17.4322622 ], [ 78.3630941, 17.4321633 ], [ 78.3628298, 17.432204 ] ] ] } },
{ "type": "Feature", "properties": { "cn": 65, "tags": { "natural": "grassland" } }, "geometry": { "type": "Polygon", "coordinates": [ [ [ 78.3636228, 17.4339672 ], [ 78.363779, 17.4339214 ], [ 78.3638285, 17.434075 ], [ 78.3636724, 17.4341208 ], [ 78.3636228, 17.4339672 ] ] ] } },
{ "type": "Feature", "properties": { "cn": 65, "tags": { "natural": "grassland" } }, "geometry": { "type": "Polygon", "coordinates": [ [ [ 78.3633132, 17.4324105 ], [ 78.3636353, 17.4323429 ], [ 78.3634919, 17.432245 ], [ 78.3633044, 17.4323531 ], [ 78.3633132, 17.4324105 ] ] ] } },
{ "type": "Feature", "properties": { "cn": 65, "tags": { "natural": "grassland" } }, "geometry": { "type": "Polygon", "coordinates": [ [ [ 78.363607, 17.4321623 ], [ 78.3637361, 17.4322366 ], [ 78.3637627, 17.4322973 ], [ 78.3639007, 17.4322585 ], [ 78.3637981, 17.4321133 ], [ 78.363607, 17.4321623 ] ] ] } },
{ "type": "Feature", "properties": { "cn": 65, "tags": { "leisure": "pitch", "lit": "yes", "sport": "volleyball" } }, "geometry": { "type": "Polygon", "coordinates": [ [ [ 78.3627627, 17.4335745 ], [ 78.3627914, 17.4337016 ], [ 78.3628736, 17.4336847 ], [ 78.3628449, 17.4335576 ], [ 78.3627627, 17.4335745 ] ] ] } },
{ "type": "Feature", "properties": { "cn": 65, "tags": { "natural": "grassland" } }, "geometry": { "type": "Polygon", "coordinates": [ [ [ 78.3845794, 17.4741654 ], [ 78.3846918, 17.4741409 ], [ 78.3845922, 17.473726 ], [ 78.3844798, 17.4737506 ], [ 78.3845794, 17.4741654 ] ] ] } },
{ "type": "Feature", "properties": { "cn": 65, "tags": { "natural": "grassland" } }, "geometry": { "type": "Polygon", "coordinates": [ [ [ 78.3844227, 17.4746675 ], [ 78.3844239, 17.4746375 ], [ 78.3843025, 17.4745551 ], [ 78.3842418, 17.4745539 ], [ 78.3842301, 17.4746597 ], [ 78.3844227, 17.4746675 ] ] ] } },
{ "type": "Feature", "properties": { "cn": 65, "tags": { "natural": "grassland" } }, "geometry": { "type": "Polygon", "coordinates": [ [ [ 78.3843297, 17.4744969 ], [ 78.384262, 17.4745081 ], [ 78.3842351, 17.4744902 ], [ 78.3841989, 17.4744602 ], [ 78.3842141, 17.4742775 ], [ 78.3843881, 17.4742619 ], [ 78.3844009, 17.4743744 ], [ 78.3843203, 17.4743956 ], [ 78.3843297, 17.4744969 ] ] ] } },
{ "type": "Feature", "properties": { "cn": 65, "tags": { "natural": "grassland" } }, "geometry": { "type": "Polygon", "coordinates": [ [ [ 78.3846613, 17.4744813 ], [ 78.3846227, 17.4743009 ], [ 78.3847955, 17.4742686 ], [ 78.3848854, 17.4746406 ], [ 78.3848037, 17.4746517 ], [ 78.3847617, 17.4744713 ], [ 78.3846613, 17.4744813 ] ] ] } },
{ "type": "Feature", "properties": { "cn": 65, "tags": { "natural": "grassland" } }, "geometry": { "type": "Polygon", "coordinates": [ [ [ 78.3189618, 17.4897235 ], [ 78.3180674, 17.4894598 ], [ 78.3182463, 17.4890565 ], [ 78.318848, 17.4881492 ], [ 78.3189293, 17.4880174 ], [ 78.3187016, 17.4879088 ], [ 78.3186691, 17.4878312 ], [ 78.3188236, 17.4876063 ], [ 78.3188236, 17.4870557 ], [ 78.3195879, 17.4867378 ], [ 78.3197342, 17.4869627 ], [ 78.3198074, 17.48711 ], [ 78.3198887, 17.4875288 ], [ 78.3202058, 17.4875598 ], [ 78.3201571, 17.4880406 ], [ 78.3200528, 17.488336 ], [ 78.3199457, 17.4885369 ], [ 78.3194415, 17.4889092 ], [ 78.3192746, 17.4889418 ], [ 78.3191224, 17.489006 ], [ 78.3188236, 17.4891263 ], [ 78.3189618, 17.4897235 ] ] ] } },
{ "type": "Feature", "properties": { "cn": 65, "tags": { "leisure": "park" } }, "geometry": { "type": "Polygon", "coordinates": [ [ [ 78.3680313, 17.471203 ], [ 78.3681091, 17.4713463 ], [ 78.3689969, 17.4711647 ], [ 78.3685946, 17.4708525 ], [ 78.3680313, 17.471203 ] ] ] } },
{ "type": "Feature", "properties": { "cn": 82, "tags": { "addr:city": "Hyderabad", "addr:postcode": "500049", "addr:street": "Pragathi Enclave Miapur", "landuse": "residential", "name": "RV Avaneendra", "residential": "gated" } }, "geometry": { "type": "Polygon", "coordinates": [ [ [ 78.3530146, 17.5008646 ], [ 78.3531284, 17.5010197 ], [ 78.3533498, 17.5010179 ], [ 78.3534545, 17.5013367 ], [ 78.3538236, 17.5012417 ], [ 78.3541113, 17.5011467 ], [ 78.3542764, 17.5008764 ], [ 78.3543388, 17.500623 ], [ 78.3541349, 17.499894 ], [ 78.3539008, 17.4997764 ], [ 78.3537257, 17.4996546 ], [ 78.3536614, 17.4996284 ], [ 78.3536049, 17.4996028 ], [ 78.3529344, 17.4997107 ], [ 78.3526992, 17.4998861 ], [ 78.3528569, 17.5003737 ], [ 78.3530146, 17.5008646 ] ] ] } },
{ "type": "Feature", "properties": { "cn": 82, "tags": { "area": "yes", "landuse": "residential", "name": "Aparna Hill Park", "residential": "apartments" } }, "geometry": { "type": "Polygon", "coordinates": [ [ [ 78.3248603, 17.507853 ], [ 78.3249096, 17.5073132 ], [ 78.3251783, 17.5043739 ], [ 78.3268272, 17.5047804 ], [ 78.3291486, 17.505379 ], [ 78.3290788, 17.5072893 ], [ 78.3290735, 17.5074348 ], [ 78.3267275, 17.5075898 ], [ 78.3248603, 17.507853 ] ] ] } },
{ "type": "Feature", "properties": { "cn": 75, "tags": { "landuse": "orchard" } }, "geometry": { "type": "Polygon", "coordinates": [ [ [ 78.333905, 17.4672762 ], [ 78.3338406, 17.4673836 ], [ 78.3341813, 17.467596 ], [ 78.3346936, 17.4666288 ], [ 78.3345675, 17.4664958 ], [ 78.3343368, 17.466703 ], [ 78.333905, 17.4672762 ] ] ] } },
{ "type": "Feature", "properties": { "cn": 65, "tags": { "leisure": "garden" } }, "geometry": { "type": "Polygon", "coordinates": [ [ [ 78.3328536, 17.4673376 ], [ 78.3331674, 17.4669717 ], [ 78.3329126, 17.4667619 ], [ 78.3328589, 17.4668207 ], [ 78.3328536, 17.4673376 ] ] ] } },
{ "type": "Feature", "properties": { "cn": 65, "tags": { "natural": "grassland" } }, "geometry": { "type": "Polygon", "coordinates": [ [ [ 78.3915925, 17.4841917 ], [ 78.3918725, 17.4840486 ], [ 78.3918202, 17.4839556 ], [ 78.3915402, 17.4840987 ], [ 78.3915925, 17.4841917 ] ] ] } },
{ "type": "Feature", "properties": { "cn": 92, "tags": { "landuse": "commercial", "name": "Aarambh Township Commercial Complex" } }, "geometry": { "type": "Polygon", "coordinates": [ [ [ 78.3272265, 17.4821741 ], [ 78.3274311, 17.4820782 ], [ 78.3276177, 17.4819927 ], [ 78.3278617, 17.4818866 ], [ 78.3276715, 17.4815853 ], [ 78.3275423, 17.4812978 ], [ 78.3274203, 17.4810103 ], [ 78.3273198, 17.4807673 ], [ 78.3272409, 17.4805927 ], [ 78.3271189, 17.4806509 ], [ 78.3272588, 17.4809316 ], [ 78.3272875, 17.4811267 ], [ 78.327284, 17.4813321 ], [ 78.3272517, 17.4814245 ], [ 78.3271907, 17.4819584 ], [ 78.3271978, 17.4821843 ], [ 78.3272265, 17.4821741 ] ] ] } },
{ "type": "Feature", "properties": { "cn": 82, "tags": { "landuse": "residential", "name": "Aarambh Township" } }, "geometry": { "type": "Polygon", "coordinates": [ [ [ 78.3243574, 17.4841539 ], [ 78.3246474, 17.4841322 ], [ 78.3246758, 17.4843058 ], [ 78.3258073, 17.4842353 ], [ 78.3257903, 17.4839912 ], [ 78.3260689, 17.4839749 ], [ 78.3260523, 17.4837464 ], [ 78.3275814, 17.4836387 ], [ 78.3275643, 17.4834272 ], [ 78.329041, 17.4833129 ], [ 78.3288112, 17.4830531 ], [ 78.328658, 17.4831343 ], [ 78.3285048, 17.4830856 ], [ 78.3284793, 17.4829313 ], [ 78.3278617, 17.4818866 ], [ 78.3271978, 17.4821843 ], [ 78.3265301, 17.4825335 ], [ 78.3258832, 17.4828258 ], [ 78.3250661, 17.4831668 ], [ 78.324266, 17.483321 ], [ 78.3240022, 17.483386 ], [ 78.3241213, 17.4841978 ], [ 78.3243574, 17.4841539 ] ] ] } },
{ "type": "Feature", "properties": { "cn": 98, "tags": { "name": "Water Tank", "natural": "water", "water": "reservoir" } }, "geometry": { "type": "Polygon", "coordinates": [ [ [ 78.3388775, 17.4564498 ], [ 78.3389166, 17.4564715 ], [ 78.3389687, 17.4564622 ], [ 78.3389915, 17.4564249 ], [ 78.3389915, 17.456369 ], [ 78.3389589, 17.456338 ], [ 78.3389003, 17.4563442 ], [ 78.3388645, 17.4563783 ], [ 78.3388579, 17.4564218 ], [ 78.3388775, 17.4564498 ] ] ] } },
{ "type": "Feature", "properties": { "cn": 92, "tags": { "landuse": "construction" } }, "geometry": { "type": "Polygon", "coordinates": [ [ [ 78.3999443, 17.4873278 ], [ 78.3997533, 17.4867313 ], [ 78.400866, 17.486175 ], [ 78.4008995, 17.4861582 ], [ 78.4010597, 17.4865315 ], [ 78.4006591, 17.4867548 ], [ 78.4007331, 17.486984 ], [ 78.3999443, 17.4873278 ] ] ] } },
{ "type": "Feature", "properties": { "cn": 65, "tags": { "natural": "grassland" } }, "geometry": { "type": "Polygon", "coordinates": [ [ [ 78.3420441, 17.5167858 ], [ 78.3423476, 17.5167947 ], [ 78.342357, 17.5166678 ], [ 78.3420418, 17.5166678 ], [ 78.3420441, 17.5167858 ] ] ] } },
{ "type": "Feature", "properties": { "cn": 65, "tags": { "leisure": "park", "name": "Vittal Rao Nagar Park" } }, "geometry": { "type": "Polygon", "coordinates": [ [ [ 78.384707, 17.4442878 ], [ 78.3848076, 17.4444784 ], [ 78.3848827, 17.4445667 ], [ 78.3849511, 17.4446026 ], [ 78.3852354, 17.4443582 ], [ 78.3852837, 17.4443095 ], [ 78.3853467, 17.4442341 ], [ 78.3854164, 17.4441496 ], [ 78.3853789, 17.4441177 ], [ 78.3850476, 17.4441893 ], [ 78.384758, 17.4442622 ], [ 78.3847285, 17.444275 ], [ 78.384707, 17.4442878 ] ] ] } },
{ "type": "Feature", "properties": { "cn": 65, "tags": { "leisure": "park" } }, "geometry": { "type": "Polygon", "coordinates": [ [ [ 78.4272279, 17.4971486 ], [ 78.4285824, 17.4965494 ], [ 78.4286079, 17.4964925 ], [ 78.4285227, 17.4962955 ], [ 78.427128, 17.4969261 ], [ 78.4272279, 17.4971486 ] ] ] } },
{ "type": "Feature", "properties": { "cn": 65, "tags": { "leisure": "pitch" } }, "geometry": { "type": "Polygon", "coordinates": [ [ [ 78.3497886, 17.4362956 ], [ 78.349637, 17.4363714 ], [ 78.3494802, 17.4360859 ], [ 78.3496319, 17.4360101 ], [ 78.3497886, 17.4362956 ] ] ] } },
{ "type": "Feature", "properties": { "cn": 65, "tags": { "leisure": "pitch" } }, "geometry": { "type": "Polygon", "coordinates": [ [ [ 78.3500711, 17.4361544 ], [ 78.3497886, 17.4362956 ], [ 78.3496319, 17.4360101 ], [ 78.3499143, 17.435869 ], [ 78.3500711, 17.4361544 ] ] ] } },
{ "type": "Feature", "properties": { "cn": 65, "tags": { "leisure": "pitch", "sport": "tennis" } }, "geometry": { "type": "Polygon", "coordinates": [ [ [ 78.3499143, 17.435869 ], [ 78.3502272, 17.4357126 ], [ 78.350384, 17.435998 ], [ 78.3500711, 17.4361544 ], [ 78.3499143, 17.435869 ] ] ] } },
{ "type": "Feature", "properties": { "cn": 65, "tags": { "landuse": "grass" } }, "geometry": { "type": "Polygon", "coordinates": [ [ [ 78.352281, 17.4374784 ], [ 78.3522739, 17.4374553 ], [ 78.3522585, 17.4374534 ], [ 78.3522518, 17.4374448 ], [ 78.3522605, 17.4374259 ], [ 78.3522719, 17.4374211 ], [ 78.3522679, 17.4373997 ], [ 78.352289, 17.4373977 ], [ 78.352294, 17.4373814 ], [ 78.3523038, 17.437377 ], [ 78.3523242, 17.4373862 ], [ 78.3523447, 17.437384 ], [ 78.35235, 17.4374061 ], [ 78.3523648, 17.437407 ], [ 78.3523732, 17.4374205 ], [ 78.3523695, 17.4374358 ], [ 78.3523591, 17.4374422 ], [ 78.3523601, 17.4374614 ], [ 78.35234, 17.4374649 ], [ 78.3523383, 17.4374771 ], [ 78.3523296, 17.4374876 ], [ 78.3523135, 17.437486 ], [ 78.3523044, 17.4374742 ], [ 78.352281, 17.4374784 ] ] ] } },
{ "type": "Feature", "properties": { "cn": 65, "tags": { "landuse": "grass" } }, "geometry": { "type": "Polygon", "coordinates": [ [ [ 78.3522886, 17.4372494 ], [ 78.3525092, 17.4372097 ], [ 78.3525139, 17.43722 ], [ 78.352526, 17.4372264 ], [ 78.3525447, 17.4372261 ], [ 78.3525769, 17.4373722 ], [ 78.3523819, 17.4374113 ], [ 78.3523783, 17.4373945 ], [ 78.3523658, 17.437397 ], [ 78.3523598, 17.4373695 ], [ 78.3523328, 17.4373716 ], [ 78.3523228, 17.4373634 ], [ 78.3523121, 17.4373616 ], [ 78.3522886, 17.4372494 ] ] ] } },
{ "type": "Feature", "properties": { "cn": 65, "tags": { "landuse": "grass" } }, "geometry": { "type": "Polygon", "coordinates": [ [ [ 78.3523603, 17.4376134 ], [ 78.3523396, 17.4374963 ], [ 78.352351, 17.4374938 ], [ 78.3523516, 17.4374797 ], [ 78.3523764, 17.437474 ], [ 78.3523764, 17.4374484 ], [ 78.3523878, 17.43744 ], [ 78.3523865, 17.4374253 ], [ 78.3525789, 17.4373844 ], [ 78.3526091, 17.4375322 ], [ 78.3525977, 17.4375405 ], [ 78.352591, 17.4375469 ], [ 78.352585, 17.4375648 ], [ 78.3523603, 17.4376134 ] ] ] } },
{ "type": "Feature", "properties": { "cn": 65, "tags": { "landuse": "grass" } }, "geometry": { "type": "Polygon", "coordinates": [ [ [ 78.3520395, 17.4374928 ], [ 78.3522406, 17.4374544 ], [ 78.3522547, 17.4374685 ], [ 78.3522655, 17.4374679 ], [ 78.3522715, 17.4374935 ], [ 78.352301, 17.4374903 ], [ 78.3523043, 17.4375024 ], [ 78.3523211, 17.4375005 ], [ 78.3523436, 17.437616 ], [ 78.3521082, 17.4376646 ], [ 78.3520995, 17.4376544 ], [ 78.3520868, 17.437646 ], [ 78.3520666, 17.4376422 ], [ 78.3520395, 17.4374928 ] ] ] } },
{ "type": "Feature", "properties": { "cn": 65, "tags": { "landuse": "grass" } }, "geometry": { "type": "Polygon", "coordinates": [ [ [ 78.3520371, 17.4374765 ], [ 78.3520083, 17.437337 ], [ 78.352021, 17.4373319 ], [ 78.3520318, 17.4373211 ], [ 78.3520331, 17.4373063 ], [ 78.3520318, 17.4372967 ], [ 78.3522698, 17.4372532 ], [ 78.352296, 17.4373652 ], [ 78.3522826, 17.4373684 ], [ 78.3522772, 17.4373806 ], [ 78.3522517, 17.4373857 ], [ 78.3522557, 17.4374132 ], [ 78.3522363, 17.4374388 ], [ 78.3520371, 17.4374765 ] ] ] } },
{ "type": "Feature", "properties": { "cn": 65, "tags": { "landuse": "grass" } }, "geometry": { "type": "Polygon", "coordinates": [ [ [ 78.3390473, 17.4523407 ], [ 78.3390387, 17.4523392 ], [ 78.3390314, 17.4523344 ], [ 78.3390267, 17.4523272 ], [ 78.3390256, 17.4523189 ], [ 78.3390281, 17.4523108 ], [ 78.3390338, 17.4523044 ], [ 78.3390418, 17.4523008 ], [ 78.3390506, 17.4523005 ], [ 78.3390588, 17.4523038 ], [ 78.3390649, 17.4523099 ], [ 78.3390678, 17.4523178 ], [ 78.3390671, 17.4523262 ], [ 78.3390629, 17.4523336 ], [ 78.3390559, 17.4523387 ], [ 78.3390473, 17.4523407 ] ] ] } },
{ "type": "Feature", "properties": { "cn": 98, "tags": { "name": "Chinna Maisamma Cheruvu", "natural": "water" } }, "geometry": { "type": "Polygon", "coordinates": [ [ [ 78.415397, 17.4632648 ], [ 78.4148846, 17.4633104 ], [ 78.4140328, 17.4633361 ], [ 78.4132829, 17.4633572 ], [ 78.413079, 17.463502 ], [ 78.4131755, 17.4637374 ], [ 78.4129609, 17.4639318 ], [ 78.4127732, 17.4641954 ], [ 78.4125801, 17.4643693 ], [ 78.4125371, 17.4646764 ], [ 78.4126659, 17.4651369 ], [ 78.412682, 17.4653774 ], [ 78.412564, 17.4655667 ], [ 78.4125479, 17.4657714 ], [ 78.412623, 17.4659198 ], [ 78.4128966, 17.4659198 ], [ 78.4130039, 17.4656998 ], [ 78.4130843, 17.4656742 ], [ 78.413197, 17.4657612 ], [ 78.4130092, 17.466017 ], [ 78.4132238, 17.4665697 ], [ 78.4141733, 17.4663036 ], [ 78.4139855, 17.4656998 ], [ 78.4144844, 17.4655258 ], [ 78.414876, 17.4662166 ], [ 78.4151228, 17.4661399 ], [ 78.4151443, 17.4657868 ], [ 78.4153857, 17.4658431 ], [ 78.4154178, 17.4660477 ], [ 78.4153857, 17.4662166 ], [ 78.4157773, 17.4662678 ], [ 78.4160401, 17.4661603 ], [ 78.4161635, 17.4662268 ], [ 78.4163405, 17.4662013 ], [ 78.41648, 17.4660426 ], [ 78.4165444, 17.4658789 ], [ 78.4165283, 17.4657407 ], [ 78.4166946, 17.4651471 ], [ 78.4168501, 17.4644973 ], [ 78.4169789, 17.4642977 ], [ 78.4170433, 17.4640163 ], [ 78.4171291, 17.4636836 ], [ 78.4170969, 17.4634227 ], [ 78.4171184, 17.4630593 ], [ 78.4171452, 17.4627677 ], [ 78.4170647, 17.4626653 ], [ 78.4171291, 17.4625374 ], [ 78.417113, 17.4623122 ], [ 78.4172417, 17.4618261 ], [ 78.4172471, 17.4615958 ], [ 78.4173008, 17.4613144 ], [ 78.4171988, 17.4611097 ], [ 78.4171452, 17.4606389 ], [ 78.4170594, 17.46025 ], [ 78.4170379, 17.459856 ], [ 78.4168648, 17.4598709 ], [ 78.416853, 17.4599391 ], [ 78.4167937, 17.4599915 ], [ 78.4167135, 17.4600044 ], [ 78.4165704, 17.459981 ], [ 78.4164906, 17.4603556 ], [ 78.4160454, 17.4616538 ], [ 78.415397, 17.4632648 ] ] ] } },
{ "type": "Feature", "properties": { "cn": 98, "tags": { "access": "private", "fee": "yes", "leisure": "swimming_pool" } }, "geometry": { "type": "Polygon", "coordinates": [ [ [ 78.3238479, 17.4896625 ], [ 78.3239619, 17.4896344 ], [ 78.3240357, 17.4898838 ], [ 78.3239297, 17.4899132 ], [ 78.3238479, 17.4896625 ] ] ] } },
{ "type": "Feature", "properties": { "cn": 92, "tags": { "leisure": "sports_centre", "sport": "swimming" } }, "geometry": { "type": "Polygon", "coordinates": [ [ [ 78.3237782, 17.4895356 ], [ 78.3239632, 17.4894793 ], [ 78.3240202, 17.4896748 ], [ 78.3240906, 17.4899167 ], [ 78.323915, 17.4899641 ], [ 78.3237782, 17.4895356 ] ] ] } },
{ "type": "Feature", "properties": { "cn": 65, "tags": { "leisure": "pitch", "sport": "tennis" } }, "geometry": { "type": "Polygon", "coordinates": [ [ [ 78.3625936, 17.4335796 ], [ 78.3627301, 17.4335542 ], [ 78.362781, 17.433804 ], [ 78.3626446, 17.4338293 ], [ 78.3625936, 17.4335796 ] ] ] } },
{ "type": "Feature", "properties": { "cn": 92, "tags": { "building": "construction", "building:levels": "4", "building:min_level": "1", "landuse": "construction" } }, "geometry": { "type": "Polygon", "coordinates": [ [ [ 78.3266602, 17.4896433 ], [ 78.3268614, 17.489642 ], [ 78.3268614, 17.4895602 ], [ 78.3266616, 17.4895614 ], [ 78.3266602, 17.4896433 ] ] ] } },
{ "type": "Feature", "properties": { "cn": 65, "tags": { "leisure": "park" } }, "geometry": { "type": "Polygon", "coordinates": [ [ [ 78.3278552, 17.4892544 ], [ 78.3278391, 17.4884397 ], [ 78.3288047, 17.4884153 ], [ 78.3288087, 17.4892596 ], [ 78.3278552, 17.4892544 ] ] ] } },
{ "type": "Feature", "properties": { "cn": 92, "tags": { "landuse": "railway" } }, "geometry": { "type": "Polygon", "coordinates": [ [ [ 78.3707169, 17.4820619 ], [ 78.3706874, 17.4818981 ], [ 78.3647114, 17.482296 ], [ 78.3646739, 17.4822294 ], [ 78.3633408, 17.4823369 ], [ 78.3633238, 17.4822102 ], [ 78.3633113, 17.4821172 ], [ 78.3633002, 17.4820341 ], [ 78.3607498, 17.4823471 ], [ 78.3579885, 17.4823675 ], [ 78.3579908, 17.482516 ], [ 78.3579951, 17.4827974 ], [ 78.3597466, 17.4828255 ], [ 78.360393, 17.4828869 ], [ 78.361187, 17.4829202 ], [ 78.3619219, 17.4828767 ], [ 78.3624637, 17.4831428 ], [ 78.3635527, 17.4828409 ], [ 78.3647114, 17.4826644 ], [ 78.3707169, 17.4820619 ] ] ] } },
{ "type": "Feature", "properties": { "cn": 92, "tags": { "landuse": "railway", "operator": "MMTS" } }, "geometry": { "type": "Polygon", "coordinates": [ [ [ 78.3313648, 17.4874317 ], [ 78.3313851, 17.4871913 ], [ 78.3314051, 17.4869546 ], [ 78.3320421, 17.4871349 ], [ 78.3320877, 17.4870339 ], [ 78.3321936, 17.4870723 ], [ 78.3322245, 17.4869994 ], [ 78.3348745, 17.4877937 ], [ 78.3348195, 17.4880559 ], [ 78.3330372, 17.4875635 ], [ 78.3325785, 17.487479 ], [ 78.3322433, 17.4876843 ], [ 78.3313648, 17.4874317 ] ] ] } },
{ "type": "Feature", "properties": { "cn": 92, "tags": { "fixme": "Please connect all the footpaths with eachother", "landuse": "railway" } }, "geometry": { "type": "Polygon", "coordinates": [ [ [ 78.3158925, 17.4834472 ], [ 78.3160333, 17.4829905 ], [ 78.3154741, 17.4827334 ], [ 78.3142805, 17.4820504 ], [ 78.3134329, 17.4817638 ], [ 78.3113784, 17.4813801 ], [ 78.3113757, 17.481036 ], [ 78.3118357, 17.4810948 ], [ 78.3128791, 17.4812586 ], [ 78.3155546, 17.4813698 ], [ 78.3170003, 17.4821386 ], [ 78.3180638, 17.4826516 ], [ 78.3192372, 17.4832067 ], [ 78.3196181, 17.4833046 ], [ 78.3201492, 17.4833538 ], [ 78.3201331, 17.4836698 ], [ 78.3202799, 17.4841897 ], [ 78.3208707, 17.4846048 ], [ 78.3206883, 17.4848658 ], [ 78.3195296, 17.4843938 ], [ 78.3191407, 17.4842607 ], [ 78.3184487, 17.4839448 ], [ 78.3180356, 17.4838245 ], [ 78.3173382, 17.4836774 ], [ 78.3167857, 17.4835956 ], [ 78.3164974, 17.4835674 ], [ 78.3158925, 17.4834472 ] ] ] } },
{ "type": "Feature", "properties": { "cn": 65, "tags": { "access": "private", "leisure": "park", "name": "Gautami Enclave Park" } }, "geometry": { "type": "Polygon", "coordinates": [ [ [ 78.3497986, 17.466184 ], [ 78.3494877, 17.4657117 ], [ 78.3501285, 17.4653001 ], [ 78.3503882, 17.4651796 ], [ 78.3505231, 17.4658827 ], [ 78.3501129, 17.466106 ], [ 78.3497986, 17.466184 ] ] ] } },
{ "type": "Feature", "properties": { "cn": 92, "tags": { "landuse": "commercial" } }, "geometry": { "type": "Polygon", "coordinates": [ [ [ 78.3785131, 17.4388721 ], [ 78.3775941, 17.4396816 ], [ 78.3776424, 17.4397556 ], [ 78.3783347, 17.4405645 ], [ 78.379816, 17.4396479 ], [ 78.3804645, 17.4388311 ], [ 78.3809608, 17.4382879 ], [ 78.382779, 17.4365914 ], [ 78.3822084, 17.4358968 ], [ 78.3785131, 17.4388721 ] ] ] } },
{ "type": "Feature", "properties": { "cn": 82, "tags": { "addr:city": "Hyderabad", "addr:housenumber": "My Home Bhuja", "addr:postcode": "500032", "addr:street": "Inorbit Mall Road", "landuse": "residential", "name": "My Home Bhuja", "residential": "apartments" } }, "geometry": { "type": "Polygon", "coordinates": [ [ [ 78.3759331, 17.4334729 ], [ 78.3777818, 17.4337224 ], [ 78.3781949, 17.4304276 ], [ 78.3764246, 17.4301564 ], [ 78.3759331, 17.4334729 ] ] ] } },
{ "type": "Feature", "properties": { "cn": 65, "tags": { "addr:city": "yusufguda", "addr:housenumber": "POLICE LINES", "addr:postcode": "500045", "addr:street": "HILL TOP QUARTERS", "description": "Park for recration and spending quality time.", "leisure": "park", "name": "Hill Top Lake Park" } }, "geometry": { "type": "Polygon", "coordinates": [ [ [ 78.4162044, 17.4437529 ], [ 78.4158962, 17.443842 ], [ 78.4158752, 17.4437685 ], [ 78.4153779, 17.4439935 ], [ 78.4153288, 17.4441093 ], [ 78.4152074, 17.4442096 ], [ 78.4152751, 17.4444012 ], [ 78.4154853, 17.444517 ], [ 78.41563, 17.4445504 ], [ 78.4158425, 17.4444212 ], [ 78.4159364, 17.4450197 ], [ 78.4161399, 17.4450056 ], [ 78.4162945, 17.444961 ], [ 78.4162096, 17.444675 ], [ 78.4161671, 17.4443778 ], [ 78.4162945, 17.444251 ], [ 78.4164679, 17.4441227 ], [ 78.4163299, 17.4438593 ], [ 78.4162044, 17.4437529 ] ] ] } },
{ "type": "Feature", "properties": { "cn": 98, "tags": { "natural": "water", "water": "pond" } }, "geometry": { "type": "Polygon", "coordinates": [ [ [ 78.415786, 17.4439789 ], [ 78.4162211, 17.4438334 ], [ 78.4162714, 17.4439125 ], [ 78.4162152, 17.4439902 ], [ 78.4161057, 17.4440466 ], [ 78.4160154, 17.4440819 ], [ 78.4159014, 17.4441087 ], [ 78.4158585, 17.4441045 ], [ 78.415768, 17.444006 ], [ 78.415786, 17.4439789 ] ] ] } },
{ "type": "Feature", "properties": { "cn": 98, "tags": { "natural": "water", "water": "pond" } }, "geometry": { "type": "Polygon", "coordinates": [ [ [ 78.415382, 17.4442937 ], [ 78.4154205, 17.4443332 ], [ 78.4154841, 17.4443756 ], [ 78.4155729, 17.4443883 ], [ 78.4156351, 17.4443558 ], [ 78.4156794, 17.4443346 ], [ 78.4157253, 17.4443022 ], [ 78.4158274, 17.44424 ], [ 78.4158378, 17.4441483 ], [ 78.4157799, 17.4440579 ], [ 78.4156898, 17.4440226 ], [ 78.4156617, 17.4440212 ], [ 78.4156365, 17.4440367 ], [ 78.4155951, 17.4440438 ], [ 78.4155285, 17.4440396 ], [ 78.4155048, 17.4440311 ], [ 78.415456, 17.4440523 ], [ 78.4154471, 17.4441045 ], [ 78.415419, 17.4441342 ], [ 78.4153924, 17.4441596 ], [ 78.4153835, 17.4442076 ], [ 78.415382, 17.4442937 ] ] ] } },
{ "type": "Feature", "properties": { "cn": 92, "tags": { "landuse": "commercial" } }, "geometry": { "type": "Polygon", "coordinates": [ [ [ 78.4024905, 17.4210124 ], [ 78.4024908, 17.4205902 ], [ 78.4025851, 17.4205462 ], [ 78.4026432, 17.4207426 ], [ 78.4026268, 17.4207556 ], [ 78.4026724, 17.4209828 ], [ 78.4024905, 17.4210124 ] ] ] } },
{ "type": "Feature", "properties": { "cn": 92, "tags": { "landuse": "retail" } }, "geometry": { "type": "Polygon", "coordinates": [ [ [ 78.3857408, 17.4332911 ], [ 78.3860309, 17.4332937 ], [ 78.3861227, 17.4333021 ], [ 78.3863333, 17.4333172 ], [ 78.3869369, 17.4331853 ], [ 78.3870912, 17.4337564 ], [ 78.3875113, 17.4353584 ], [ 78.3871442, 17.4355655 ], [ 78.3870162, 17.4356622 ], [ 78.3869675, 17.4356946 ], [ 78.3868591, 17.4357666 ], [ 78.3866505, 17.4359053 ], [ 78.3857408, 17.4332911 ] ] ] } },
{ "type": "Feature", "properties": { "cn": 65, "tags": { "leisure": "park" } }, "geometry": { "type": "Polygon", "coordinates": [ [ [ 78.3349207, 17.5117958 ], [ 78.3348965, 17.5116116 ], [ 78.3355456, 17.51154 ], [ 78.3355778, 17.5117242 ], [ 78.3349207, 17.5117958 ] ] ] } },
{ "type": "Feature", "properties": { "cn": 92, "tags": { "landuse": "railway" } }, "geometry": { "type": "Polygon", "coordinates": [ [ [ 78.3834748, 17.4712453 ], [ 78.3842152, 17.4714702 ], [ 78.3845893, 17.47163 ], [ 78.3853215, 17.4702408 ], [ 78.3855039, 17.4701947 ], [ 78.3857802, 17.4694783 ], [ 78.3856045, 17.4694016 ], [ 78.3860162, 17.4682784 ], [ 78.3856809, 17.4678051 ], [ 78.3850265, 17.4692916 ], [ 78.384577, 17.4701444 ], [ 78.3844644, 17.4703212 ], [ 78.3844491, 17.4703245 ], [ 78.3842592, 17.4702952 ], [ 78.3841634, 17.4704659 ], [ 78.3839691, 17.470422 ], [ 78.3839513, 17.4704531 ], [ 78.3839285, 17.470493 ], [ 78.3839017, 17.4705148 ], [ 78.3835016, 17.4711996 ], [ 78.3834748, 17.4712453 ] ] ] } },
{ "type": "Feature", "properties": { "cn": 98, "tags": { "access": "private", "addr:postcode": "500032", "leisure": "swimming_pool", "name": "RV Silpa Swimming Pool", "operator": "RV Silpa HillTop" } }, "geometry": { "type": "Polygon", "coordinates": [ [ [ 78.3677228, 17.4390865 ], [ 78.3677119, 17.4390162 ], [ 78.3677674, 17.4390078 ], [ 78.3677778, 17.4390789 ], [ 78.3677228, 17.4390865 ] ] ] } },
{ "type": "Feature", "properties": { "cn": 65, "tags": { "leisure": "park", "name": "Microsoft B3 Park" } }, "geometry": { "type": "Polygon", "coordinates": [ [ [ 78.3418892, 17.4283645 ], [ 78.3416156, 17.4279374 ], [ 78.341288, 17.4273237 ], [ 78.3411252, 17.4273266 ], [ 78.3406892, 17.4273345 ], [ 78.3402835, 17.4273417 ], [ 78.3385531, 17.4273728 ], [ 78.3389081, 17.429459 ], [ 78.3392007, 17.4296675 ], [ 78.3394129, 17.4297382 ], [ 78.3396806, 17.4295605 ], [ 78.3406755, 17.4289815 ], [ 78.3413619, 17.4285924 ], [ 78.341551, 17.4285781 ], [ 78.3418892, 17.4283645 ] ] ] } },
{ "type": "Feature", "properties": { "cn": 65, "tags": { "leisure": "park", "name": "Biodiversity Park", "wikidata": "Q24906616", "wikimedia_commons": "Category:Biodiversity park, Hyderabad", "wikipedia": "en:Biodiversity park, Hyderabad" } }, "geometry": { "type": "Polygon", "coordinates": [ [ [ 78.3752824, 17.4284593 ], [ 78.3753356, 17.4285467 ], [ 78.3754456, 17.4284738 ], [ 78.3754013, 17.4283804 ], [ 78.3755412, 17.4282674 ], [ 78.3756539, 17.4283774 ], [ 78.3759275, 17.428124 ], [ 78.3779955, 17.4283902 ], [ 78.3778292, 17.4300024 ], [ 78.3753866, 17.4297009 ], [ 78.3753423, 17.4296881 ], [ 78.3753128, 17.4296676 ], [ 78.3752659, 17.4295742 ], [ 78.375349, 17.4294258 ], [ 78.3753182, 17.429326 ], [ 78.3751523, 17.4293012 ], [ 78.3750688, 17.4289882 ], [ 78.3750258, 17.4288372 ], [ 78.3751157, 17.4286555 ], [ 78.3751787, 17.4285646 ], [ 78.3752824, 17.4284593 ] ] ] } },
{ "type": "Feature", "properties": { "cn": 65, "tags": { "leisure": "park", "name": "GHMC Park", "operator": "Greater Hyderabad Municipal Corporation", "operator:short": "GHMC", "operator:type": "government", "operator:wikidata": "Q5259597" } }, "geometry": { "type": "Polygon", "coordinates": [ [ [ 78.3600622, 17.4445686 ], [ 78.3605753, 17.4444357 ], [ 78.3604549, 17.4440217 ], [ 78.3599323, 17.4441637 ], [ 78.3600622, 17.4445686 ] ] ] } },
{ "type": "Feature", "properties": { "cn": 65, "tags": { "leisure": "park", "name": "JV Colony Park" } }, "geometry": { "type": "Polygon", "coordinates": [ [ [ 78.3603045, 17.4454707 ], [ 78.3609475, 17.4452864 ], [ 78.3609032, 17.4450945 ], [ 78.360843, 17.4449388 ], [ 78.3601968, 17.4451322 ], [ 78.3603045, 17.4454707 ] ] ] } },
{ "type": "Feature", "properties": { "cn": 92, "tags": { "landuse": "commercial", "name": "Salapuria Sattva Knowledge City" } }, "geometry": { "type": "Polygon", "coordinates": [ [ [ 78.3815044, 17.4360065 ], [ 78.3836775, 17.4342829 ], [ 78.3822602, 17.432637 ], [ 78.3813143, 17.4315596 ], [ 78.3791134, 17.4333029 ], [ 78.3800628, 17.4343581 ], [ 78.3803206, 17.4346446 ], [ 78.3807744, 17.4351666 ], [ 78.3815044, 17.4360065 ] ] ] } },
{ "type": "Feature", "properties": { "cn": 65, "tags": { "leisure": "park", "name": "MRWA Park 2" } }, "geometry": { "type": "Polygon", "coordinates": [ [ [ 78.3708417, 17.4942121 ], [ 78.3717951, 17.4942452 ], [ 78.3713839, 17.4933281 ], [ 78.3708951, 17.4933274 ], [ 78.3708417, 17.4942121 ] ] ] } },
{ "type": "Feature", "properties": { "cn": 65, "tags": { "leisure": "garden" } }, "geometry": { "type": "Polygon", "coordinates": [ [ [ 78.3836816, 17.432877 ], [ 78.383966, 17.4331789 ], [ 78.3837031, 17.433399 ], [ 78.3834241, 17.4330868 ], [ 78.3836816, 17.432877 ] ] ] } },
{ "type": "Feature", "properties": { "cn": 65, "tags": { "addr:city": "Beside Centre for Good Governance, Greenlands colony, Gachibowli 'X'Roads, Sherilingampally, Rangareddy Dt.,", "addr:postcode": "Hyderabad – 500032", "addr:street": "Sundarayya Vignana Kendram road", "leisure": "pitch", "lit": "yes", "name": "SVK Stadium", "sport": "soccer", "surface": "artificial_turf" } }, "geometry": { "type": "Polygon", "coordinates": [ [ [ 78.3610802, 17.4356797 ], [ 78.3612298, 17.4355973 ], [ 78.3611025, 17.4353943 ], [ 78.3609469, 17.4354823 ], [ 78.3610802, 17.4356797 ] ] ] } },
{ "type": "Feature", "properties": { "cn": 98, "tags": { "leisure": "swimming_pool" } }, "geometry": { "type": "Polygon", "coordinates": [ [ [ 78.3605693, 17.4352535 ], [ 78.3608142, 17.4351008 ], [ 78.3609053, 17.4352511 ], [ 78.3608081, 17.435311 ], [ 78.3607859, 17.4352828 ], [ 78.3606308, 17.435358 ], [ 78.3605693, 17.4352535 ] ] ] } },
{ "type": "Feature", "properties": { "cn": 92, "tags": { "addr:city": "Beside Centre for Good Governance, Greenlands colony, Gachibowli 'X'Roads,Rangareddy Dt.,", "addr:housenumber": "Swecha Sy. No. 91", "addr:postcode": "Hyderabad – 500032", "leisure": "fitness_centre", "name": "Crag Studio( Rock Climbing Gym )", "opening_hours": "Mo-Su 07:00-21:00" } }, "geometry": { "type": "Polygon", "coordinates": [ [ [ 78.359737, 17.4350864 ], [ 78.3598447, 17.435029 ], [ 78.3597623, 17.4349081 ], [ 78.3596641, 17.4349504 ], [ 78.359737, 17.4350864 ] ] ] } },
{ "type": "Feature", "properties": { "cn": 65, "tags": { "addr:city": "Gachibowli", "addr:postcode": "500081", "addr:street": "Back side of Aditya building", "leisure": "park", "name": "Gachibowli Park" } }, "geometry": { "type": "Polygon", "coordinates": [ [ [ 78.3541451, 17.4427553 ], [ 78.3544136, 17.4426183 ], [ 78.3542934, 17.4423988 ], [ 78.3541801, 17.4424623 ], [ 78.3541311, 17.4424879 ], [ 78.3540926, 17.4425381 ], [ 78.3540879, 17.4425681 ], [ 78.3540786, 17.4426405 ], [ 78.3540973, 17.4426962 ], [ 78.3541451, 17.4427553 ] ] ] } },
{ "type": "Feature", "properties": { "cn": 65, "tags": { "leisure": "park", "name": "celebration spot" } }, "geometry": { "type": "Polygon", "coordinates": [ [ [ 78.3918895, 17.4953741 ], [ 78.3917876, 17.4952794 ], [ 78.3919123, 17.4951579 ], [ 78.3919981, 17.4952845 ], [ 78.3918895, 17.4953741 ] ] ] } },
{ "type": "Feature", "properties": { "cn": 70, "tags": { "alt_name": "EPTRI", "name": "Environment Protection Training and Research Institure", "natural": "wood" } }, "geometry": { "type": "Polygon", "coordinates": [ [ [ 78.351649, 17.4403961 ], [ 78.3509892, 17.4400942 ], [ 78.350898, 17.4397718 ], [ 78.3500773, 17.4400174 ], [ 78.3501524, 17.4402477 ], [ 78.3510697, 17.440304 ], [ 78.3518261, 17.4410922 ], [ 78.3524376, 17.4416039 ], [ 78.3521104, 17.4419468 ], [ 78.352443, 17.442735 ], [ 78.3528775, 17.4427298 ], [ 78.354637, 17.4419008 ], [ 78.3544975, 17.4415732 ], [ 78.3546424, 17.4414197 ], [ 78.3543098, 17.4407646 ], [ 78.3543152, 17.4400328 ], [ 78.3541703, 17.4394442 ], [ 78.3543366, 17.4391576 ], [ 78.3546907, 17.4389324 ], [ 78.3542561, 17.4383029 ], [ 78.3539021, 17.4383234 ], [ 78.3532047, 17.4383081 ], [ 78.3532101, 17.4386356 ], [ 78.3532959, 17.439173 ], [ 78.3532584, 17.4395363 ], [ 78.3525395, 17.4397103 ], [ 78.3523464, 17.4393828 ], [ 78.3519387, 17.4391013 ], [ 78.3518261, 17.4385128 ], [ 78.3513862, 17.4386561 ], [ 78.3517134, 17.4396387 ], [ 78.3520192, 17.4399509 ], [ 78.3519977, 17.4403194 ], [ 78.351649, 17.4403961 ] ] ] } },
{ "type": "Feature", "properties": { "cn": 65, "tags": { "area": "no", "leisure": "track" } }, "geometry": { "type": "Polygon", "coordinates": [ [ [ 78.3906234, 17.4468801 ], [ 78.3914081, 17.4469238 ], [ 78.3914329, 17.4469251 ], [ 78.3914497, 17.4469308 ], [ 78.3914577, 17.44695 ], [ 78.3914423, 17.4471656 ], [ 78.3914329, 17.4471848 ], [ 78.3914168, 17.4471905 ], [ 78.3913887, 17.4471912 ], [ 78.3906088, 17.4471448 ], [ 78.3905934, 17.4471384 ], [ 78.3905826, 17.4471256 ], [ 78.3905803, 17.4471087 ], [ 78.3906006, 17.4469029 ], [ 78.3906053, 17.4468929 ], [ 78.390614, 17.446884 ], [ 78.3906234, 17.4468801 ] ] ] } },
{ "type": "Feature", "properties": { "cn": 65, "tags": { "leisure": "pitch", "sport": "badminton" } }, "geometry": { "type": "Polygon", "coordinates": [ [ [ 78.3911575, 17.4470737 ], [ 78.3912571, 17.4470791 ], [ 78.391263, 17.4469787 ], [ 78.3911635, 17.4469733 ], [ 78.3911575, 17.4470737 ] ] ] } },
{ "type": "Feature", "properties": { "cn": 65, "tags": { "leisure": "pitch", "sport": "badminton" } }, "geometry": { "type": "Polygon", "coordinates": [ [ [ 78.3911635, 17.4469733 ], [ 78.3910626, 17.4469679 ], [ 78.3910566, 17.4470683 ], [ 78.3911575, 17.4470737 ], [ 78.3911635, 17.4469733 ] ] ] } },
{ "type": "Feature", "properties": { "cn": 65, "tags": { "leisure": "park", "name": "Ayyappa Society Park" } }, "geometry": { "type": "Polygon", "coordinates": [ [ [ 78.3905711, 17.4468337 ], [ 78.3915048, 17.4469028 ], [ 78.3914619, 17.4472307 ], [ 78.3905074, 17.4471815 ], [ 78.3905711, 17.4468337 ] ] ] } },
{ "type": "Feature", "properties": { "cn": 92, "tags": { "landuse": "commercial", "name": "Atria Block" } }, "geometry": { "type": "Polygon", "coordinates": [ [ [ 78.3846792, 17.4352285 ], [ 78.3847359, 17.4354252 ], [ 78.3849506, 17.4359036 ], [ 78.3854231, 17.4356915 ], [ 78.3852498, 17.4350782 ], [ 78.3846792, 17.4352285 ] ] ] } },
{ "type": "Feature", "properties": { "cn": 65, "tags": { "leisure": "pitch", "sport": "badminton" } }, "geometry": { "type": "Polygon", "coordinates": [ [ [ 78.3912608, 17.4470802 ], [ 78.3913604, 17.4470853 ], [ 78.3913663, 17.4469836 ], [ 78.3912667, 17.4469785 ], [ 78.3912608, 17.4470802 ] ] ] } },
{ "type": "Feature", "properties": { "cn": 65, "tags": { "leisure": "pitch", "sport": "badminton" } }, "geometry": { "type": "Polygon", "coordinates": [ [ [ 78.3909515, 17.4469619 ], [ 78.3908499, 17.4469567 ], [ 78.3908441, 17.4470584 ], [ 78.3909457, 17.4470636 ], [ 78.3909515, 17.4469619 ] ] ] } },
{ "type": "Feature", "properties": { "cn": 65, "tags": { "leisure": "pitch", "sport": "badminton" } }, "geometry": { "type": "Polygon", "coordinates": [ [ [ 78.3910574, 17.4469677 ], [ 78.3909558, 17.4469624 ], [ 78.3909501, 17.4470641 ], [ 78.3910517, 17.4470694 ], [ 78.3910574, 17.4469677 ] ] ] } },
{ "type": "Feature", "properties": { "cn": 65, "tags": { "leisure": "pitch", "sport": "multi", "surface": "dirt" } }, "geometry": { "type": "Polygon", "coordinates": [ [ [ 78.3959398, 17.4857888 ], [ 78.3958292, 17.4858449 ], [ 78.3959518, 17.4860635 ], [ 78.3960504, 17.4860103 ], [ 78.3959398, 17.4857888 ] ] ] } },
{ "type": "Feature", "properties": { "cn": 65, "tags": { "leisure": "park", "name": "GHMC Park", "operator": "Greater Hyderabad Municipal Corporation", "operator:short": "GHMC", "operator:type": "government", "operator:wikidata": "Q5259597" } }, "geometry": { "type": "Polygon", "coordinates": [ [ [ 78.3670533, 17.510121 ], [ 78.3674945, 17.5100847 ], [ 78.3674693, 17.5098053 ], [ 78.367028, 17.5098416 ], [ 78.3670533, 17.510121 ] ] ] } },
{ "type": "Feature", "properties": { "cn": 98, "tags": { "natural": "water", "water": "pond" } }, "geometry": { "type": "Polygon", "coordinates": [ [ [ 78.328512, 17.5076033 ], [ 78.3285392, 17.5077018 ], [ 78.3284956, 17.5078342 ], [ 78.3285854, 17.5079561 ], [ 78.3285283, 17.5080962 ], [ 78.3285528, 17.5082233 ], [ 78.3286534, 17.5082648 ], [ 78.3286453, 17.5084361 ], [ 78.328648, 17.5085243 ], [ 78.3288085, 17.5085321 ], [ 78.3289282, 17.508628 ], [ 78.3291458, 17.5086047 ], [ 78.3291676, 17.5086514 ], [ 78.3293254, 17.5087604 ], [ 78.3293852, 17.508763 ], [ 78.329426, 17.5088019 ], [ 78.3294968, 17.5087889 ], [ 78.3295185, 17.508724 ], [ 78.3296818, 17.5086981 ], [ 78.3297144, 17.508724 ], [ 78.3296926, 17.508667 ], [ 78.3296029, 17.5086073 ], [ 78.3295376, 17.5085372 ], [ 78.3294832, 17.5084905 ], [ 78.3294152, 17.5084127 ], [ 78.3293254, 17.5084101 ], [ 78.3293254, 17.5083686 ], [ 78.3294614, 17.5083582 ], [ 78.3294451, 17.5084049 ], [ 78.329524, 17.5084672 ], [ 78.3295675, 17.5084516 ], [ 78.3296382, 17.5084776 ], [ 78.3296246, 17.5085762 ], [ 78.3296981, 17.5086151 ], [ 78.3297606, 17.5086151 ], [ 78.3298314, 17.5086099 ], [ 78.3298586, 17.5085684 ], [ 78.3297035, 17.5085788 ], [ 78.3296872, 17.5084646 ], [ 78.3296137, 17.5084231 ], [ 78.3295593, 17.5084257 ], [ 78.329494, 17.5083764 ], [ 78.329524, 17.5083193 ], [ 78.3294424, 17.5082519 ], [ 78.3294478, 17.5082129 ], [ 78.3293879, 17.5081792 ], [ 78.3293607, 17.5081195 ], [ 78.3292819, 17.508117 ], [ 78.3291458, 17.5081118 ], [ 78.3290778, 17.5080469 ], [ 78.3289962, 17.5079898 ], [ 78.3289527, 17.507982 ], [ 78.3289636, 17.5078601 ], [ 78.3290016, 17.5078912 ], [ 78.3289527, 17.5077978 ], [ 78.3289173, 17.5077278 ], [ 78.3288194, 17.5077356 ], [ 78.3287051, 17.5077434 ], [ 78.328667, 17.5076733 ], [ 78.3286235, 17.5075851 ], [ 78.328512, 17.5076033 ] ] ] } },
{ "type": "Feature", "properties": { "cn": 82, "tags": { "landuse": "residential", "name": "Likitha Heights" } }, "geometry": { "type": "Polygon", "coordinates": [ [ [ 78.3521838, 17.4652102 ], [ 78.3524724, 17.4653537 ], [ 78.3526188, 17.4649697 ], [ 78.3523871, 17.4648495 ], [ 78.3522773, 17.4649038 ], [ 78.3522122, 17.4651093 ], [ 78.3521838, 17.4652102 ] ] ] } },
{ "type": "Feature", "properties": { "cn": 65, "tags": { "leisure": "pitch", "sport": "soccer" } }, "geometry": { "type": "Polygon", "coordinates": [ [ [ 78.3438727, 17.4466835 ], [ 78.3438929, 17.445655 ], [ 78.3445045, 17.4456659 ], [ 78.3444843, 17.4466944 ], [ 78.3438727, 17.4466835 ] ] ] } },
{ "type": "Feature", "properties": { "cn": 82, "tags": { "fixme": "Incorrect satellite images", "landuse": "residential", "name": "My Home Vihanga", "source": "local knowledge", "wheelchair": "yes" } }, "geometry": { "type": "Polygon", "coordinates": [ [ [ 78.3309461, 17.432875 ], [ 78.3308428, 17.4325322 ], [ 78.3311154, 17.4320846 ], [ 78.3319817, 17.4318952 ], [ 78.3320206, 17.4320002 ], [ 78.3325705, 17.4318185 ], [ 78.3328548, 17.4325529 ], [ 78.3330506, 17.4331261 ], [ 78.3332035, 17.4336277 ], [ 78.3333242, 17.4343212 ], [ 78.3334449, 17.4348893 ], [ 78.3336206, 17.4353013 ], [ 78.3331861, 17.4354919 ], [ 78.3328803, 17.4356032 ], [ 78.3325952, 17.4356671 ], [ 78.3320131, 17.4359856 ], [ 78.3318145, 17.4353965 ], [ 78.3316473, 17.434892 ], [ 78.3314446, 17.4342941 ], [ 78.3313438, 17.4340273 ], [ 78.3311696, 17.4335072 ], [ 78.3309461, 17.432875 ] ] ] } },
{ "type": "Feature", "properties": { "cn": 65, "tags": { "leisure": "park", "name": "Children's Park" } }, "geometry": { "type": "Polygon", "coordinates": [ [ [ 78.4294805, 17.4555771 ], [ 78.4295627, 17.45556 ], [ 78.4294224, 17.4549476 ], [ 78.4293402, 17.4549647 ], [ 78.4294805, 17.4555771 ] ] ] } },
{ "type": "Feature", "properties": { "cn": 82, "tags": { "addr:city": "Hyderabad", "addr:housenumber": "Janapriya Metropolis and Classic Homes", "addr:postcode": "500018", "addr:street": "Borabanda Mothinagar road", "description": "A residential Apartment Complex consisting of Club House, Parks and 8 Apartment blocks.", "ele": "0", "email": "connect@janapriya.com", "landuse": "residential", "name": "Janapriya Metropolis Apartments and Classic Homes", "phone": "+91-7032959596, +91-40-23222999", "website": "https://www.janapriya.com/projects-motinagar-metropolis.html" } }, "geometry": { "type": "Polygon", "coordinates": [ [ [ 78.4286697, 17.4557634 ], [ 78.4278497, 17.4558546 ], [ 78.4286896, 17.4568791 ], [ 78.4287262, 17.4569196 ], [ 78.4287946, 17.4570175 ], [ 78.4288299, 17.4570645 ], [ 78.4291283, 17.4574782 ], [ 78.4291359, 17.4572799 ], [ 78.4291364, 17.4572185 ], [ 78.4291466, 17.4557809 ], [ 78.4306541, 17.4554523 ], [ 78.4303273, 17.4540473 ], [ 78.4303225, 17.4540267 ], [ 78.4283999, 17.4544231 ], [ 78.4283411, 17.4544352 ], [ 78.4283202, 17.4544407 ], [ 78.4282424, 17.4544612 ], [ 78.4284893, 17.4552136 ], [ 78.4286697, 17.4557634 ] ] ] } },
{ "type": "Feature", "properties": { "cn": 65, "tags": { "leisure": "park" } }, "geometry": { "type": "Polygon", "coordinates": [ [ [ 78.3906565, 17.4397766 ], [ 78.3904242, 17.4398377 ], [ 78.3904064, 17.4398383 ], [ 78.3903875, 17.4398352 ], [ 78.3903671, 17.4398233 ], [ 78.3903402, 17.4397848 ], [ 78.3903201, 17.4396669 ], [ 78.3903201, 17.4396244 ], [ 78.3903425, 17.4396075 ], [ 78.3903754, 17.4396028 ], [ 78.3903821, 17.4395832 ], [ 78.3903834, 17.439575 ], [ 78.3903891, 17.4395558 ], [ 78.3903791, 17.4394022 ], [ 78.3903891, 17.4393899 ], [ 78.3904049, 17.439383 ], [ 78.3904251, 17.4393844 ], [ 78.3904423, 17.4393844 ], [ 78.3904581, 17.4393926 ], [ 78.3904883, 17.4394118 ], [ 78.3905731, 17.4396463 ], [ 78.390599, 17.4397053 ], [ 78.3906205, 17.4397245 ], [ 78.3906522, 17.4397368 ], [ 78.3906708, 17.4397519 ], [ 78.3906723, 17.4397697 ], [ 78.3906565, 17.4397766 ] ] ] } },
{ "type": "Feature", "properties": { "cn": 98, "tags": { "leisure": "swimming_pool" } }, "geometry": { "type": "Polygon", "coordinates": [ [ [ 78.3705711, 17.4660284 ], [ 78.3707637, 17.4660287 ], [ 78.3707635, 17.4660986 ], [ 78.3706411, 17.4660984 ], [ 78.3706213, 17.4660827 ], [ 78.3705982, 17.4660732 ], [ 78.370571, 17.4660732 ], [ 78.3705711, 17.4660284 ] ] ] } },
{ "type": "Feature", "properties": { "cn": 98, "tags": { "leisure": "swimming_pool" } }, "geometry": { "type": "Polygon", "coordinates": [ [ [ 78.3657574, 17.4445909 ], [ 78.3658603, 17.444439 ], [ 78.3659297, 17.4444817 ], [ 78.3659239, 17.4445337 ], [ 78.3658983, 17.4445857 ], [ 78.3658538, 17.4446235 ], [ 78.3658257, 17.444633 ], [ 78.3657574, 17.4445909 ] ] ] } },
{ "type": "Feature", "properties": { "cn": 82, "tags": { "landuse": "residential", "name": "Rainbow Vistas @ Rock Garden (Phase 2)", "name:en": "Rainbow Vistas", "residential": "urban" } }, "geometry": { "type": "Polygon", "coordinates": [ [ [ 78.4093911, 17.4685421 ], [ 78.4090641, 17.4662042 ], [ 78.4090241, 17.4660371 ], [ 78.4061261, 17.4664238 ], [ 78.4060035, 17.466486 ], [ 78.4063384, 17.4688231 ], [ 78.407983, 17.4687346 ], [ 78.4093911, 17.4685421 ] ] ] } },
{ "type": "Feature", "properties": { "cn": 82, "tags": { "landuse": "residential", "name": "Vasantha City" } }, "geometry": { "type": "Polygon", "coordinates": [ [ [ 78.372223, 17.4780854 ], [ 78.3723277, 17.47892 ], [ 78.3727283, 17.4806598 ], [ 78.3729932, 17.4805599 ], [ 78.3735663, 17.4801778 ], [ 78.3744536, 17.479449 ], [ 78.3751746, 17.4786614 ], [ 78.3754889, 17.4783205 ], [ 78.3760743, 17.4778151 ], [ 78.3763701, 17.4775506 ], [ 78.3762407, 17.4764867 ], [ 78.3750329, 17.4766983 ], [ 78.3749713, 17.4772449 ], [ 78.3747371, 17.4772508 ], [ 78.3747987, 17.4767571 ], [ 78.3746385, 17.4767688 ], [ 78.3743489, 17.4768276 ], [ 78.3736772, 17.4768159 ], [ 78.3735848, 17.4768276 ], [ 78.3737019, 17.4779326 ], [ 78.372223, 17.4780854 ] ] ] } },
{ "type": "Feature", "properties": { "cn": 82, "tags": { "description": "Gated Community", "landuse": "residential", "name": "Bhavyas Tulsi Vanam" } }, "geometry": { "type": "Polygon", "coordinates": [ [ [ 78.4084225, 17.5020827 ], [ 78.4085888, 17.5021738 ], [ 78.4089357, 17.5022785 ], [ 78.4091268, 17.5022886 ], [ 78.4095904, 17.5021941 ], [ 78.4099125, 17.5020624 ], [ 78.4101885, 17.5019308 ], [ 78.4106486, 17.5018363 ], [ 78.4110521, 17.5018059 ], [ 78.411176, 17.5018059 ], [ 78.4112715, 17.5016743 ], [ 78.4113069, 17.5014481 ], [ 78.4114308, 17.5012017 ], [ 78.4113246, 17.5003916 ], [ 78.4110027, 17.5005782 ], [ 78.4109778, 17.5006583 ], [ 78.4100328, 17.5007528 ], [ 78.4092294, 17.5008878 ], [ 78.4090418, 17.5009047 ], [ 78.4088684, 17.5011038 ], [ 78.4085782, 17.501627 ], [ 78.4084225, 17.5020827 ] ] ] } },
{ "type": "Feature", "properties": { "cn": 92, "tags": { "landuse": "commercial" } }, "geometry": { "type": "Polygon", "coordinates": [ [ [ 78.3870912, 17.4337564 ], [ 78.3869369, 17.4331853 ], [ 78.3873718, 17.4330331 ], [ 78.3876115, 17.4333791 ], [ 78.3870912, 17.4337564 ] ] ] } },
{ "type": "Feature", "properties": { "cn": 92, "tags": { "landuse": "construction" } }, "geometry": { "type": "Polygon", "coordinates": [ [ [ 78.3629055, 17.4302282 ], [ 78.3637134, 17.4296579 ], [ 78.3632541, 17.4290657 ], [ 78.3624462, 17.4296361 ], [ 78.3629055, 17.4302282 ] ] ] } },
{ "type": "Feature", "properties": { "cn": 65, "tags": { "leisure": "park", "name": "GHMC Park", "operator": "Greater Hyderabad Municipal Corporation", "operator:short": "GHMC", "operator:type": "government", "operator:wikidata": "Q5259597" } }, "geometry": { "type": "Polygon", "coordinates": [ [ [ 78.3850478, 17.4467057 ], [ 78.3854421, 17.446704 ], [ 78.385449, 17.4463647 ], [ 78.3855331, 17.4463609 ], [ 78.3855647, 17.4463346 ], [ 78.3855788, 17.4462981 ], [ 78.38556, 17.4462431 ], [ 78.3855211, 17.4462099 ], [ 78.3854675, 17.4462035 ], [ 78.3850478, 17.4467057 ] ] ] } },
{ "type": "Feature", "properties": { "cn": 98, "tags": { "leisure": "swimming_pool" } }, "geometry": { "type": "Polygon", "coordinates": [ [ [ 78.3273871, 17.5074362 ], [ 78.3275875, 17.5074464 ], [ 78.3275937, 17.5073358 ], [ 78.3273933, 17.5073256 ], [ 78.3273871, 17.5074362 ] ] ] } },
{ "type": "Feature", "properties": { "cn": 82, "tags": { "landuse": "residential", "name": "Aspir Apartments" } }, "geometry": { "type": "Polygon", "coordinates": [ [ [ 78.388996, 17.4385755 ], [ 78.3893158, 17.4385089 ], [ 78.3896768, 17.4384338 ], [ 78.3897858, 17.4388678 ], [ 78.3898365, 17.4390408 ], [ 78.3896917, 17.4390849 ], [ 78.3899346, 17.4398101 ], [ 78.3894657, 17.439953 ], [ 78.388996, 17.4385755 ] ] ] } },
{ "type": "Feature", "properties": { "cn": 82, "tags": { "landuse": "residential", "name": "ARK Towers" } }, "geometry": { "type": "Polygon", "coordinates": [ [ [ 78.3679157, 17.5097377 ], [ 78.3678943, 17.5089882 ], [ 78.3672103, 17.5089677 ], [ 78.3667061, 17.5089498 ], [ 78.3663466, 17.5089703 ], [ 78.3659953, 17.5093182 ], [ 78.3658665, 17.5093233 ], [ 78.3654401, 17.5091238 ], [ 78.3654347, 17.5096609 ], [ 78.3665961, 17.5097146 ], [ 78.3675671, 17.5097377 ], [ 78.3679157, 17.5097377 ] ] ] } },
{ "type": "Feature", "properties": { "cn": 82, "tags": { "landuse": "residential", "name": "Casa Rouge" } }, "geometry": { "type": "Polygon", "coordinates": [ [ [ 78.3698096, 17.4621558 ], [ 78.3707672, 17.4618539 ], [ 78.3710676, 17.4627647 ], [ 78.3701208, 17.463059 ], [ 78.3698096, 17.4621558 ] ] ] } },
{ "type": "Feature", "properties": { "cn": 82, "tags": { "landuse": "residential", "name": "Babukhan Solitire" } }, "geometry": { "type": "Polygon", "coordinates": [ [ [ 78.3690526, 17.4425445 ], [ 78.3688793, 17.4422701 ], [ 78.3687801, 17.4421889 ], [ 78.3686254, 17.4421118 ], [ 78.3672285, 17.4423423 ], [ 78.3673439, 17.4428386 ], [ 78.3690526, 17.4425445 ] ] ] } },
{ "type": "Feature", "properties": { "cn": 82, "tags": { "landuse": "residential", "name": "Golf View Apartments" } }, "geometry": { "type": "Polygon", "coordinates": [ [ [ 78.3520745, 17.4213762 ], [ 78.3521639, 17.4215202 ], [ 78.3527616, 17.4210381 ], [ 78.3528941, 17.4210939 ], [ 78.352931, 17.4210525 ], [ 78.3533316, 17.420603 ], [ 78.353357, 17.4205474 ], [ 78.3536274, 17.420373 ], [ 78.3536151, 17.4202326 ], [ 78.3536736, 17.4199739 ], [ 78.3534117, 17.4196858 ], [ 78.3532792, 17.4196741 ], [ 78.3532577, 17.4197946 ], [ 78.3530481, 17.4198093 ], [ 78.3531098, 17.4202267 ], [ 78.3527431, 17.4203002 ], [ 78.3524412, 17.4203708 ], [ 78.3521485, 17.4204325 ], [ 78.3520591, 17.4204972 ], [ 78.3520006, 17.4205207 ], [ 78.3521177, 17.4210146 ], [ 78.3521516, 17.4210616 ], [ 78.3521793, 17.4212145 ], [ 78.3521516, 17.4213056 ], [ 78.3520745, 17.4213762 ] ] ] } },
{ "type": "Feature", "properties": { "cn": 82, "tags": { "addr:city": "hyderabad", "addr:housenumber": "myhome jewel", "addr:postcode": "500049", "addr:street": "Manjira Pipeline Road", "landuse": "residential", "name": "My Home Jewels", "operator": "My home", "residential": "apartments" } }, "geometry": { "type": "Polygon", "coordinates": [ [ [ 78.3358256, 17.4919988 ], [ 78.3357559, 17.4922291 ], [ 78.3356566, 17.4930093 ], [ 78.335721, 17.4930605 ], [ 78.3357156, 17.4932626 ], [ 78.33578, 17.4932268 ], [ 78.3363916, 17.4932549 ], [ 78.3378775, 17.4927202 ], [ 78.3382889, 17.4925861 ], [ 78.3389277, 17.49256 ], [ 78.3398772, 17.4925416 ], [ 78.3399282, 17.4925467 ], [ 78.3400489, 17.4925007 ], [ 78.3395848, 17.4903927 ], [ 78.3377341, 17.4907995 ], [ 78.3375281, 17.4908537 ], [ 78.3367015, 17.4914185 ], [ 78.3358256, 17.4919988 ] ] ] } },
{ "type": "Feature", "properties": { "cn": 82, "tags": { "landuse": "residential", "name": "Magnum Opus" } }, "geometry": { "type": "Polygon", "coordinates": [ [ [ 78.3670959, 17.4387739 ], [ 78.3678323, 17.4385408 ], [ 78.3674195, 17.4376902 ], [ 78.3667558, 17.4379737 ], [ 78.3670959, 17.4387739 ] ] ] } },
{ "type": "Feature", "properties": { "cn": 82, "tags": { "landuse": "residential", "name": "My Home Abhra", "residential": "apartments" } }, "geometry": { "type": "Polygon", "coordinates": [ [ [ 78.3826168, 17.4327742 ], [ 78.3833492, 17.4321876 ], [ 78.3845788, 17.4336292 ], [ 78.3838328, 17.4342005 ], [ 78.3826168, 17.4327742 ] ] ] } },
{ "type": "Feature", "properties": { "cn": 82, "tags": { "landuse": "residential", "name": "Lotus Park" } }, "geometry": { "type": "Polygon", "coordinates": [ [ [ 78.3622083, 17.4614929 ], [ 78.3628892, 17.4612107 ], [ 78.3626335, 17.46057 ], [ 78.362461, 17.4606405 ], [ 78.3620573, 17.4605288 ], [ 78.3619618, 17.4608874 ], [ 78.3622083, 17.4614929 ] ] ] } },
{ "type": "Feature", "properties": { "cn": 82, "tags": { "landuse": "residential", "name": "Mahindra Ashvita" } }, "geometry": { "type": "Polygon", "coordinates": [ [ [ 78.3791949, 17.4793798 ], [ 78.3809636, 17.4788055 ], [ 78.3809605, 17.4787644 ], [ 78.3804059, 17.478159 ], [ 78.3799099, 17.4776711 ], [ 78.379497, 17.4773391 ], [ 78.378876, 17.4774064 ], [ 78.3786466, 17.4772009 ], [ 78.3784772, 17.4773802 ], [ 78.3786158, 17.4774977 ], [ 78.3785881, 17.4778004 ], [ 78.3791949, 17.4793798 ] ] ] } },
{ "type": "Feature", "properties": { "cn": 82, "tags": { "landuse": "residential", "name": "SMR Vinay City" } }, "geometry": { "type": "Polygon", "coordinates": [ [ [ 78.363431, 17.5034697 ], [ 78.3635385, 17.5039162 ], [ 78.3641378, 17.5038676 ], [ 78.3643144, 17.5045435 ], [ 78.3645176, 17.505187 ], [ 78.3652879, 17.5049819 ], [ 78.3646425, 17.5028222 ], [ 78.3638822, 17.5029811 ], [ 78.3639595, 17.5033727 ], [ 78.363431, 17.5034697 ] ] ] } },
{ "type": "Feature", "properties": { "cn": 98, "tags": { "leisure": "swimming_pool" } }, "geometry": { "type": "Polygon", "coordinates": [ [ [ 78.365162, 17.5049214 ], [ 78.3651209, 17.5047426 ], [ 78.3652013, 17.5047258 ], [ 78.3652425, 17.5049045 ], [ 78.365162, 17.5049214 ] ] ] } },
{ "type": "Feature", "properties": { "cn": 82, "tags": { "landuse": "residential", "name": "Sri Kalki Hieghts" } }, "geometry": { "type": "Polygon", "coordinates": [ [ [ 78.3425563, 17.4898043 ], [ 78.3426674, 17.4904671 ], [ 78.3424038, 17.4905128 ], [ 78.3423929, 17.490436 ], [ 78.3421314, 17.4904858 ], [ 78.3421576, 17.4907871 ], [ 78.3414038, 17.4908869 ], [ 78.3411794, 17.4903882 ], [ 78.3410857, 17.4900952 ], [ 78.3425563, 17.4898043 ] ] ] } },
{ "type": "Feature", "properties": { "cn": 82, "tags": { "landuse": "residential" } }, "geometry": { "type": "Polygon", "coordinates": [ [ [ 78.3889974, 17.4468054 ], [ 78.3896948, 17.4471446 ], [ 78.38953, 17.4474531 ], [ 78.3888326, 17.4471139 ], [ 78.3889974, 17.4468054 ] ] ] } },
{ "type": "Feature", "properties": { "cn": 82, "tags": { "landuse": "residential", "name": "Prajay Megapolis" } }, "geometry": { "type": "Polygon", "coordinates": [ [ [ 78.3802689, 17.4824816 ], [ 78.3815765, 17.4820228 ], [ 78.3815578, 17.4816932 ], [ 78.3812449, 17.4805796 ], [ 78.3807873, 17.4807444 ], [ 78.3807733, 17.4806642 ], [ 78.380353, 17.4808112 ], [ 78.3803296, 17.4807355 ], [ 78.3797365, 17.4809582 ], [ 78.3802689, 17.4824816 ] ] ] } },
{ "type": "Feature", "properties": { "cn": 82, "tags": { "landuse": "residential", "name": "Sri Sairam Towers" } }, "geometry": { "type": "Polygon", "coordinates": [ [ [ 78.3522802, 17.4872208 ], [ 78.3544105, 17.486422 ], [ 78.3546057, 17.4876823 ], [ 78.3534511, 17.4883453 ], [ 78.352451, 17.4875194 ], [ 78.3522802, 17.4872208 ] ] ] } },
{ "type": "Feature", "properties": { "cn": 65, "tags": { "leisure": "garden", "name": "School Garden" } }, "geometry": { "type": "Polygon", "coordinates": [ [ [ 78.336779, 17.4936988 ], [ 78.3368903, 17.4937014 ], [ 78.336901, 17.4935274 ], [ 78.336736, 17.4935901 ], [ 78.3367385, 17.4935964 ], [ 78.336779, 17.4936988 ] ] ] } },
{ "type": "Feature", "properties": { "cn": 65, "tags": { "addr:city": "Hyderabad", "addr:postcode": "500018", "leisure": "park", "name": "Children's Park" } }, "geometry": { "type": "Polygon", "coordinates": [ [ [ 78.428394, 17.4548703 ], [ 78.4284611, 17.4548524 ], [ 78.4283484, 17.4544711 ], [ 78.428276, 17.4544941 ], [ 78.428394, 17.4548703 ] ] ] } },
{ "type": "Feature", "properties": { "cn": 92, "tags": { "landuse": "commercial" } }, "geometry": { "type": "Polygon", "coordinates": [ [ [ 78.3597927, 17.4839431 ], [ 78.3597704, 17.483642 ], [ 78.360033, 17.4836243 ], [ 78.3600553, 17.4839255 ], [ 78.3597927, 17.4839431 ] ] ] } },
{ "type": "Feature", "properties": { "cn": 82, "tags": { "landuse": "residential", "name": "Aditya Imperial Heights", "residential": "apartments" } }, "geometry": { "type": "Polygon", "coordinates": [ [ [ 78.3576457, 17.4842035 ], [ 78.3581047, 17.4836753 ], [ 78.3580212, 17.4830277 ], [ 78.359751, 17.4828829 ], [ 78.3597813, 17.483574 ], [ 78.3601606, 17.483574 ], [ 78.3600999, 17.484095 ], [ 78.3580175, 17.4848294 ], [ 78.3576457, 17.4842035 ] ] ] } },
{ "type": "Feature", "properties": { "cn": 65, "tags": { "leisure": "park" } }, "geometry": { "type": "Polygon", "coordinates": [ [ [ 78.3582981, 17.483832 ], [ 78.3589958, 17.4837795 ], [ 78.3589867, 17.4836697 ], [ 78.3596697, 17.4836184 ], [ 78.3596576, 17.4834723 ], [ 78.3589536, 17.4835252 ], [ 78.3589634, 17.4836449 ], [ 78.3582868, 17.4836958 ], [ 78.3582981, 17.483832 ] ] ] } },
{ "type": "Feature", "properties": { "cn": 92, "tags": { "landuse": "commercial" } }, "geometry": { "type": "Polygon", "coordinates": [ [ [ 78.3635063, 17.4506095 ], [ 78.3628077, 17.4479626 ], [ 78.363385, 17.4477881 ], [ 78.3634459, 17.447823 ], [ 78.3634638, 17.4480028 ], [ 78.3634823, 17.4482972 ], [ 78.3635108, 17.4485775 ], [ 78.3636231, 17.449211 ], [ 78.3637016, 17.4496537 ], [ 78.3637151, 17.4499531 ], [ 78.3637141, 17.4501308 ], [ 78.3635802, 17.4505873 ], [ 78.3635063, 17.4506095 ] ] ] } },
{ "type": "Feature", "properties": { "cn": 92, "tags": { "landuse": "commercial", "name": "Dell" } }, "geometry": { "type": "Polygon", "coordinates": [ [ [ 78.3736612, 17.4469812 ], [ 78.3732154, 17.448005 ], [ 78.3727096, 17.448593 ], [ 78.3724295, 17.4489186 ], [ 78.3731295, 17.449536 ], [ 78.3738395, 17.4487894 ], [ 78.3739518, 17.448635 ], [ 78.3741169, 17.4483578 ], [ 78.3742721, 17.4480081 ], [ 78.3744075, 17.4475734 ], [ 78.374457, 17.4470442 ], [ 78.3736612, 17.4469812 ] ] ] } },
{ "type": "Feature", "properties": { "cn": 82, "tags": { "addr:city": "Hyderabad", "addr:postcode": "500084", "addr:street": "Serilingampally", "landuse": "residential", "name": "Luxor Apartments", "residential": "apartments" } }, "geometry": { "type": "Polygon", "coordinates": [ [ [ 78.3434231, 17.469623 ], [ 78.3433533, 17.4706122 ], [ 78.3455254, 17.4703545 ], [ 78.3455429, 17.4697955 ], [ 78.3434231, 17.469623 ] ] ] } },
{ "type": "Feature", "properties": { "cn": 65, "tags": { "leisure": "park" } }, "geometry": { "type": "Polygon", "coordinates": [ [ [ 78.3871653, 17.4453115 ], [ 78.3874975, 17.4449301 ], [ 78.3875647, 17.4452319 ], [ 78.387195, 17.4453488 ], [ 78.3871653, 17.4453115 ] ] ] } },
{ "type": "Feature", "properties": { "cn": 65, "tags": { "natural": "grassland" } }, "geometry": { "type": "Polygon", "coordinates": [ [ [ 78.385449, 17.4463647 ], [ 78.3855331, 17.4463609 ], [ 78.3858006, 17.4463489 ], [ 78.3858364, 17.4466356 ], [ 78.3858144, 17.4466725 ], [ 78.3856972, 17.4467027 ], [ 78.3854421, 17.446704 ], [ 78.385449, 17.4463647 ] ] ] } },
{ "type": "Feature", "properties": { "cn": 70, "tags": { "natural": "wood" } }, "geometry": { "type": "Polygon", "coordinates": [ [ [ 78.3985267, 17.4407819 ], [ 78.3989148, 17.4402409 ], [ 78.3996781, 17.4407393 ], [ 78.3992899, 17.4412803 ], [ 78.3985267, 17.4407819 ] ] ] } },
{ "type": "Feature", "properties": { "cn": 92, "tags": { "landuse": "construction" } }, "geometry": { "type": "Polygon", "coordinates": [ [ [ 78.3878919, 17.4478824 ], [ 78.3881769, 17.4480325 ], [ 78.3880025, 17.4483584 ], [ 78.3877133, 17.4482164 ], [ 78.3878919, 17.4478824 ] ] ] } },
{ "type": "Feature", "properties": { "cn": 65, "tags": { "leisure": "park", "name": "Walker's Park" } }, "geometry": { "type": "Polygon", "coordinates": [ [ [ 78.4293286, 17.4549216 ], [ 78.4294062, 17.4549061 ], [ 78.4292653, 17.4542626 ], [ 78.4291876, 17.4542781 ], [ 78.4293286, 17.4549216 ] ] ] } },
{ "type": "Feature", "properties": { "cn": 65, "tags": { "leisure": "pitch", "sport": "soccer" } }, "geometry": { "type": "Polygon", "coordinates": [ [ [ 78.3422212, 17.4453394 ], [ 78.3422418, 17.4443806 ], [ 78.3428314, 17.4443921 ], [ 78.3428108, 17.445351 ], [ 78.3422212, 17.4453394 ] ] ] } },
{ "type": "Feature", "properties": { "cn": 70, "tags": { "natural": "wood" } }, "geometry": { "type": "Polygon", "coordinates": [ [ [ 78.348653, 17.4504933 ], [ 78.3489373, 17.4504831 ], [ 78.3489421, 17.4516999 ], [ 78.3489427, 17.4518622 ], [ 78.350662, 17.4519288 ], [ 78.3506459, 17.4502093 ], [ 78.3489212, 17.4501197 ], [ 78.348653, 17.4504933 ] ] ] } },
{ "type": "Feature", "properties": { "cn": 98, "tags": { "intermittent": "yes", "natural": "water" } }, "geometry": { "type": "Polygon", "coordinates": [ [ [ 78.3580649, 17.4563784 ], [ 78.3583948, 17.4566828 ], [ 78.3578986, 17.4570104 ], [ 78.3576009, 17.4571076 ], [ 78.3570564, 17.4571511 ], [ 78.3569491, 17.4571306 ], [ 78.3569384, 17.4569106 ], [ 78.3570537, 17.4568645 ], [ 78.3570591, 17.4566956 ], [ 78.3571798, 17.4566496 ], [ 78.3572549, 17.4568133 ], [ 78.3575472, 17.4567161 ], [ 78.3576357, 17.4567289 ], [ 78.3579442, 17.4565421 ], [ 78.3578932, 17.4564577 ], [ 78.3580649, 17.4563784 ] ] ] } },
{ "type": "Feature", "properties": { "cn": 92, "tags": { "landuse": "commercial" } }, "geometry": { "type": "Polygon", "coordinates": [ [ [ 78.3821353, 17.4508694 ], [ 78.3822024, 17.4509538 ], [ 78.3822963, 17.4508898 ], [ 78.3822292, 17.4507952 ], [ 78.3821353, 17.4508694 ] ] ] } },
{ "type": "Feature", "properties": { "cn": 92, "tags": { "landuse": "commercial" } }, "geometry": { "type": "Polygon", "coordinates": [ [ [ 78.3802667, 17.4470397 ], [ 78.3805617, 17.446968 ], [ 78.380543, 17.4468734 ], [ 78.3802452, 17.4469501 ], [ 78.3802667, 17.4470397 ] ] ] } },
{ "type": "Feature", "properties": { "cn": 92, "tags": { "landuse": "commercial" } }, "geometry": { "type": "Polygon", "coordinates": [ [ [ 78.3805242, 17.4471459 ], [ 78.3806207, 17.4471203 ], [ 78.3805805, 17.447 ], [ 78.3804947, 17.447023 ], [ 78.3805242, 17.4471459 ] ] ] } },
{ "type": "Feature", "properties": { "cn": 92, "tags": { "landuse": "commercial" } }, "geometry": { "type": "Polygon", "coordinates": [ [ [ 78.3800682, 17.4472649 ], [ 78.380036, 17.4471395 ], [ 78.3801353, 17.4471318 ], [ 78.3801728, 17.4472393 ], [ 78.3800682, 17.4472649 ] ] ] } },
{ "type": "Feature", "properties": { "cn": 92, "tags": { "landuse": "commercial" } }, "geometry": { "type": "Polygon", "coordinates": [ [ [ 78.3797624, 17.4473263 ], [ 78.3797329, 17.4472034 ], [ 78.3798107, 17.4471907 ], [ 78.379859, 17.4473135 ], [ 78.3797624, 17.4473263 ] ] ] } },
{ "type": "Feature", "properties": { "cn": 92, "tags": { "landuse": "commercial" } }, "geometry": { "type": "Polygon", "coordinates": [ [ [ 78.3796391, 17.4473672 ], [ 78.3797383, 17.4473442 ], [ 78.3797115, 17.447229 ], [ 78.3795984, 17.4472578 ], [ 78.3796391, 17.4473672 ] ] ] } },
{ "type": "Feature", "properties": { "cn": 92, "tags": { "landuse": "commercial", "name": "Cloudsoft Solution" } }, "geometry": { "type": "Polygon", "coordinates": [ [ [ 78.3866978, 17.4448491 ], [ 78.3866112, 17.4447778 ], [ 78.386707, 17.444672 ], [ 78.3867936, 17.4447433 ], [ 78.3866978, 17.4448491 ] ] ] } },
{ "type": "Feature", "properties": { "cn": 92, "tags": { "landuse": "commercial", "name": "Raja Wines" } }, "geometry": { "type": "Polygon", "coordinates": [ [ [ 78.3867936, 17.4447433 ], [ 78.386707, 17.444672 ], [ 78.3868434, 17.4445213 ], [ 78.38693, 17.4445926 ], [ 78.3868837, 17.4446437 ], [ 78.3867936, 17.4447433 ] ] ] } },
{ "type": "Feature", "properties": { "cn": 92, "tags": { "landuse": "commercial", "name": "Prestige Mall" } }, "geometry": { "type": "Polygon", "coordinates": [ [ [ 78.3869467, 17.4444072 ], [ 78.387019, 17.4444668 ], [ 78.3871511, 17.4445755 ], [ 78.3870015, 17.4447408 ], [ 78.3868837, 17.4446437 ], [ 78.38693, 17.4445926 ], [ 78.3868434, 17.4445213 ], [ 78.3869467, 17.4444072 ] ] ] } },
{ "type": "Feature", "properties": { "cn": 92, "tags": { "landuse": "commercial" } }, "geometry": { "type": "Polygon", "coordinates": [ [ [ 78.3869467, 17.4444072 ], [ 78.3870707, 17.4442701 ], [ 78.3871431, 17.4443297 ], [ 78.387019, 17.4444668 ], [ 78.3869467, 17.4444072 ] ] ] } },
{ "type": "Feature", "properties": { "cn": 92, "tags": { "landuse": "commercial" } }, "geometry": { "type": "Polygon", "coordinates": [ [ [ 78.3871459, 17.4443184 ], [ 78.3870689, 17.4442626 ], [ 78.3871537, 17.444156 ], [ 78.3872307, 17.4442117 ], [ 78.3871459, 17.4443184 ] ] ] } },
{ "type": "Feature", "properties": { "cn": 92, "tags": { "landuse": "commercial", "name": "Gym and Jockey" } }, "geometry": { "type": "Polygon", "coordinates": [ [ [ 78.3871164, 17.4433131 ], [ 78.3872501, 17.4433522 ], [ 78.3873294, 17.4431634 ], [ 78.3873515, 17.4431118 ], [ 78.3872495, 17.4430723 ], [ 78.3871164, 17.4433131 ] ] ] } },
{ "type": "Feature", "properties": { "cn": 82, "tags": { "landuse": "residential" } }, "geometry": { "type": "Polygon", "coordinates": [ [ [ 78.3868578, 17.4431431 ], [ 78.3868118, 17.4432185 ], [ 78.3867194, 17.4431672 ], [ 78.3867254, 17.4431575 ], [ 78.3867654, 17.4430918 ], [ 78.3868578, 17.4431431 ] ] ] } },
{ "type": "Feature", "properties": { "cn": 82, "tags": { "landuse": "residential" } }, "geometry": { "type": "Polygon", "coordinates": [ [ [ 78.3867254, 17.4431575 ], [ 78.3867654, 17.4430918 ], [ 78.386676, 17.4430422 ], [ 78.386636, 17.4431079 ], [ 78.3867254, 17.4431575 ] ] ] } },
{ "type": "Feature", "properties": { "cn": 82, "tags": { "landuse": "residential" } }, "geometry": { "type": "Polygon", "coordinates": [ [ [ 78.3867742, 17.4432675 ], [ 78.3866907, 17.4432173 ], [ 78.3866599, 17.443264 ], [ 78.3866343, 17.4433029 ], [ 78.3867178, 17.443353 ], [ 78.3867742, 17.4432675 ] ] ] } },
{ "type": "Feature", "properties": { "cn": 82, "tags": { "landuse": "residential" } }, "geometry": { "type": "Polygon", "coordinates": [ [ [ 78.3867111, 17.4431864 ], [ 78.3866162, 17.4431295 ], [ 78.386565, 17.4432071 ], [ 78.3866599, 17.443264 ], [ 78.3866907, 17.4432173 ], [ 78.3867111, 17.4431864 ] ] ] } },
{ "type": "Feature", "properties": { "cn": 82, "tags": { "landuse": "residential" } }, "geometry": { "type": "Polygon", "coordinates": [ [ [ 78.3866599, 17.443264 ], [ 78.386565, 17.4432071 ], [ 78.3864998, 17.443306 ], [ 78.3865947, 17.4433629 ], [ 78.3866343, 17.4433029 ], [ 78.3866599, 17.443264 ] ] ] } },
{ "type": "Feature", "properties": { "cn": 82, "tags": { "landuse": "residential" } }, "geometry": { "type": "Polygon", "coordinates": [ [ [ 78.3865947, 17.4433629 ], [ 78.3864998, 17.443306 ], [ 78.3864442, 17.4433903 ], [ 78.3865148, 17.4434326 ], [ 78.3865391, 17.4434472 ], [ 78.3865947, 17.4433629 ] ] ] } },
{ "type": "Feature", "properties": { "cn": 82, "tags": { "landuse": "residential" } }, "geometry": { "type": "Polygon", "coordinates": [ [ [ 78.3866416, 17.4437515 ], [ 78.3865527, 17.4437025 ], [ 78.3865059, 17.4437798 ], [ 78.3865949, 17.4438288 ], [ 78.3866416, 17.4437515 ] ] ] } },
{ "type": "Feature", "properties": { "cn": 82, "tags": { "landuse": "residential" } }, "geometry": { "type": "Polygon", "coordinates": [ [ [ 78.386445, 17.4435477 ], [ 78.3863614, 17.4435 ], [ 78.3863039, 17.4435915 ], [ 78.3863876, 17.4436392 ], [ 78.386445, 17.4435477 ] ] ] } },
{ "type": "Feature", "properties": { "cn": 82, "tags": { "landuse": "residential" } }, "geometry": { "type": "Polygon", "coordinates": [ [ [ 78.3860106, 17.4435705 ], [ 78.386158, 17.4436735 ], [ 78.3861049, 17.4437426 ], [ 78.3859575, 17.4436397 ], [ 78.3860106, 17.4435705 ] ] ] } },
{ "type": "Feature", "properties": { "cn": 92, "tags": { "landuse": "commercial" } }, "geometry": { "type": "Polygon", "coordinates": [ [ [ 78.3852654, 17.4433846 ], [ 78.3852401, 17.4433918 ], [ 78.3849334, 17.4434793 ], [ 78.3848824, 17.4434973 ], [ 78.3849728, 17.443812 ], [ 78.3853652, 17.4437032 ], [ 78.3852654, 17.4433846 ] ] ] } },
{ "type": "Feature", "properties": { "cn": 92, "tags": { "landuse": "commercial" } }, "geometry": { "type": "Polygon", "coordinates": [ [ [ 78.3793896, 17.4474133 ], [ 78.3794862, 17.4473902 ], [ 78.3794164, 17.4471497 ], [ 78.3793306, 17.4471804 ], [ 78.3793896, 17.4474133 ] ] ] } },
{ "type": "Feature", "properties": { "cn": 92, "tags": { "landuse": "commercial" } }, "geometry": { "type": "Polygon", "coordinates": [ [ [ 78.3792394, 17.4474516 ], [ 78.3793708, 17.4474261 ], [ 78.379344, 17.4473288 ], [ 78.379218, 17.4473544 ], [ 78.3792394, 17.4474516 ] ] ] } },
{ "type": "Feature", "properties": { "cn": 92, "tags": { "landuse": "commercial" } }, "geometry": { "type": "Polygon", "coordinates": [ [ [ 78.3790034, 17.4471062 ], [ 78.3789497, 17.4469808 ], [ 78.3790838, 17.4469194 ], [ 78.3791315, 17.4470481 ], [ 78.3790034, 17.4471062 ] ] ] } },
{ "type": "Feature", "properties": { "cn": 92, "tags": { "landuse": "commercial" } }, "geometry": { "type": "Polygon", "coordinates": [ [ [ 78.3792582, 17.4470499 ], [ 78.3792421, 17.4469245 ], [ 78.3793896, 17.4468759 ], [ 78.3794164, 17.4470141 ], [ 78.3792582, 17.4470499 ] ] ] } },
{ "type": "Feature", "properties": { "cn": 92, "tags": { "landuse": "commercial" } }, "geometry": { "type": "Polygon", "coordinates": [ [ [ 78.3794781, 17.4469808 ], [ 78.3796096, 17.4469501 ], [ 78.3795452, 17.4466712 ], [ 78.3794057, 17.4466968 ], [ 78.3794781, 17.4469808 ] ] ] } },
{ "type": "Feature", "properties": { "cn": 92, "tags": { "landuse": "commercial" } }, "geometry": { "type": "Polygon", "coordinates": [ [ [ 78.3805191, 17.4467315 ], [ 78.3804773, 17.4465955 ], [ 78.3806029, 17.446567 ], [ 78.3806433, 17.4467 ], [ 78.3805191, 17.4467315 ] ] ] } },
{ "type": "Feature", "properties": { "cn": 92, "tags": { "landuse": "commercial" } }, "geometry": { "type": "Polygon", "coordinates": [ [ [ 78.3801699, 17.4463656 ], [ 78.3802951, 17.446333 ], [ 78.3802458, 17.4461991 ], [ 78.3801396, 17.4462281 ], [ 78.3801699, 17.4463656 ] ] ] } },
{ "type": "Feature", "properties": { "cn": 92, "tags": { "landuse": "commercial" } }, "geometry": { "type": "Polygon", "coordinates": [ [ [ 78.3803216, 17.4463258 ], [ 78.3802875, 17.4461991 ], [ 78.3803975, 17.4461774 ], [ 78.3804316, 17.4463005 ], [ 78.3803216, 17.4463258 ] ] ] } },
{ "type": "Feature", "properties": { "cn": 92, "tags": { "landuse": "commercial" } }, "geometry": { "type": "Polygon", "coordinates": [ [ [ 78.3804646, 17.4462971 ], [ 78.3804305, 17.4461668 ], [ 78.3805519, 17.4461198 ], [ 78.3805898, 17.4462682 ], [ 78.3804646, 17.4462971 ] ] ] } },
{ "type": "Feature", "properties": { "cn": 65, "tags": { "leisure": "park", "name": "Interactive Science park" } }, "geometry": { "type": "Polygon", "coordinates": [ [ [ 78.3784939, 17.446247 ], [ 78.3786683, 17.4461726 ], [ 78.3788945, 17.4459925 ], [ 78.3789222, 17.4457159 ], [ 78.3788727, 17.4456026 ], [ 78.3788265, 17.4454832 ], [ 78.3786679, 17.4454655 ], [ 78.3785057, 17.4454748 ], [ 78.3783719, 17.4454874 ], [ 78.3782451, 17.4455237 ], [ 78.3782304, 17.4456682 ], [ 78.3782405, 17.4458094 ], [ 78.37831, 17.4460435 ], [ 78.3783967, 17.4461993 ], [ 78.3784939, 17.446247 ] ] ] } },
{ "type": "Feature", "properties": { "cn": 92, "tags": { "landuse": "commercial" } }, "geometry": { "type": "Polygon", "coordinates": [ [ [ 78.384596, 17.4439231 ], [ 78.3847311, 17.4438847 ], [ 78.3846807, 17.4437462 ], [ 78.3845496, 17.4437827 ], [ 78.384596, 17.4439231 ] ] ] } },
{ "type": "Feature", "properties": { "cn": 82, "tags": { "landuse": "residential" } }, "geometry": { "type": "Polygon", "coordinates": [ [ [ 78.3841162, 17.4432471 ], [ 78.38427, 17.4432076 ], [ 78.3842138, 17.4430271 ], [ 78.3840719, 17.4430778 ], [ 78.3841162, 17.4432471 ] ] ] } },
{ "type": "Feature", "properties": { "cn": 92, "tags": { "landuse": "commercial" } }, "geometry": { "type": "Polygon", "coordinates": [ [ [ 78.3840187, 17.4431286 ], [ 78.3839862, 17.4429961 ], [ 78.3838472, 17.4430271 ], [ 78.3838886, 17.4431681 ], [ 78.3840187, 17.4431286 ] ] ] } },
{ "type": "Feature", "properties": { "cn": 92, "tags": { "landuse": "commercial" } }, "geometry": { "type": "Polygon", "coordinates": [ [ [ 78.3840778, 17.4432527 ], [ 78.3840482, 17.4431427 ], [ 78.3838856, 17.4431907 ], [ 78.3839241, 17.4433035 ], [ 78.3840778, 17.4432527 ] ] ] } },
{ "type": "Feature", "properties": { "cn": 92, "tags": { "landuse": "commercial" } }, "geometry": { "type": "Polygon", "coordinates": [ [ [ 78.384049, 17.4422138 ], [ 78.3845634, 17.4420698 ], [ 78.3845378, 17.4419672 ], [ 78.3840183, 17.4420942 ], [ 78.384049, 17.4422138 ] ] ] } },
{ "type": "Feature", "properties": { "cn": 92, "tags": { "landuse": "commercial" } }, "geometry": { "type": "Polygon", "coordinates": [ [ [ 78.3841079, 17.4424043 ], [ 78.3847067, 17.4422163 ], [ 78.384763, 17.4423652 ], [ 78.3841616, 17.4425581 ], [ 78.3841079, 17.4424043 ] ] ] } },
{ "type": "Feature", "properties": { "cn": 82, "tags": { "landuse": "residential" } }, "geometry": { "type": "Polygon", "coordinates": [ [ [ 78.3818411, 17.4436354 ], [ 78.3817969, 17.4434744 ], [ 78.3820046, 17.4434348 ], [ 78.3820305, 17.4435958 ], [ 78.3818411, 17.4436354 ] ] ] } },
{ "type": "Feature", "properties": { "cn": 82, "tags": { "landuse": "residential" } }, "geometry": { "type": "Polygon", "coordinates": [ [ [ 78.382127, 17.4436953 ], [ 78.382088, 17.4435319 ], [ 78.3822256, 17.4434972 ], [ 78.3822619, 17.443673 ], [ 78.382127, 17.4436953 ] ] ] } },
{ "type": "Feature", "properties": { "cn": 92, "tags": { "landuse": "commercial" } }, "geometry": { "type": "Polygon", "coordinates": [ [ [ 78.3821348, 17.4438253 ], [ 78.3823006, 17.4437888 ], [ 78.3823304, 17.4439449 ], [ 78.3821624, 17.4439794 ], [ 78.3821348, 17.4438253 ] ] ] } },
{ "type": "Feature", "properties": { "cn": 82, "tags": { "landuse": "residential" } }, "geometry": { "type": "Polygon", "coordinates": [ [ [ 78.3821007, 17.4443952 ], [ 78.3820667, 17.4442674 ], [ 78.3823729, 17.4442025 ], [ 78.3824005, 17.4443262 ], [ 78.3821007, 17.4443952 ] ] ] } },
{ "type": "Feature", "properties": { "cn": 82, "tags": { "landuse": "residential" } }, "geometry": { "type": "Polygon", "coordinates": [ [ [ 78.3823542, 17.4449961 ], [ 78.3822084, 17.4445176 ], [ 78.3825817, 17.4444425 ], [ 78.3827071, 17.4449321 ], [ 78.3823542, 17.4449961 ] ] ] } },
{ "type": "Feature", "properties": { "cn": 82, "tags": { "landuse": "residential" } }, "geometry": { "type": "Polygon", "coordinates": [ [ [ 78.3823921, 17.4453439 ], [ 78.3823396, 17.4451102 ], [ 78.3826867, 17.4450351 ], [ 78.3827479, 17.4452604 ], [ 78.3823921, 17.4453439 ] ] ] } },
{ "type": "Feature", "properties": { "cn": 92, "tags": { "landuse": "commercial" } }, "geometry": { "type": "Polygon", "coordinates": [ [ [ 78.3839939, 17.4457171 ], [ 78.3841274, 17.4455771 ], [ 78.3839379, 17.4454396 ], [ 78.3837618, 17.4455338 ], [ 78.3839939, 17.4457171 ] ] ] } },
{ "type": "Feature", "properties": { "cn": 92, "tags": { "landuse": "commercial" } }, "geometry": { "type": "Polygon", "coordinates": [ [ [ 78.3837911, 17.4459539 ], [ 78.3836817, 17.4458673 ], [ 78.3838552, 17.4456968 ], [ 78.3839619, 17.4457833 ], [ 78.3837911, 17.4459539 ] ] ] } },
{ "type": "Feature", "properties": { "cn": 92, "tags": { "landuse": "commercial" } }, "geometry": { "type": "Polygon", "coordinates": [ [ [ 78.3825342, 17.4464783 ], [ 78.3824595, 17.4462441 ], [ 78.3826409, 17.4461958 ], [ 78.3827103, 17.44643 ], [ 78.3825342, 17.4464783 ] ] ] } },
{ "type": "Feature", "properties": { "cn": 82, "tags": { "landuse": "residential" } }, "geometry": { "type": "Polygon", "coordinates": [ [ [ 78.3835663, 17.4390747 ], [ 78.383375, 17.4390781 ], [ 78.3833503, 17.4388011 ], [ 78.3835663, 17.4387977 ], [ 78.3835663, 17.4390747 ] ] ] } },
{ "type": "Feature", "properties": { "cn": 82, "tags": { "landuse": "residential" } }, "geometry": { "type": "Polygon", "coordinates": [ [ [ 78.3836548, 17.4392504 ], [ 78.3836371, 17.438845 ], [ 78.3838495, 17.4388281 ], [ 78.3838849, 17.4392537 ], [ 78.3836548, 17.4392504 ] ] ] } },
{ "type": "Feature", "properties": { "cn": 82, "tags": { "landuse": "residential" } }, "geometry": { "type": "Polygon", "coordinates": [ [ [ 78.3839243, 17.4392486 ], [ 78.3838925, 17.438877 ], [ 78.3841191, 17.4388432 ], [ 78.3842147, 17.4392115 ], [ 78.3839243, 17.4392486 ] ] ] } },
{ "type": "Feature", "properties": { "cn": 82, "tags": { "landuse": "residential" } }, "geometry": { "type": "Polygon", "coordinates": [ [ [ 78.383327, 17.4396828 ], [ 78.3833067, 17.4394642 ], [ 78.3834402, 17.4394504 ], [ 78.3834605, 17.4396634 ], [ 78.383327, 17.4396828 ] ] ] } },
{ "type": "Feature", "properties": { "cn": 82, "tags": { "landuse": "residential" } }, "geometry": { "type": "Polygon", "coordinates": [ [ [ 78.3834895, 17.4396579 ], [ 78.3834692, 17.4394421 ], [ 78.3835765, 17.4394282 ], [ 78.3835968, 17.439644 ], [ 78.3834895, 17.4396579 ] ] ] } },
{ "type": "Feature", "properties": { "cn": 82, "tags": { "landuse": "residential" } }, "geometry": { "type": "Polygon", "coordinates": [ [ [ 78.3831878, 17.4399429 ], [ 78.3831559, 17.4397519 ], [ 78.3832835, 17.4397326 ], [ 78.3833009, 17.439929 ], [ 78.3831878, 17.4399429 ] ] ] } },
{ "type": "Feature", "properties": { "cn": 82, "tags": { "landuse": "residential" } }, "geometry": { "type": "Polygon", "coordinates": [ [ [ 78.385555, 17.440969 ], [ 78.3854481, 17.4404332 ], [ 78.385814, 17.4403599 ], [ 78.3859601, 17.440887 ], [ 78.385555, 17.440969 ] ] ] } },
{ "type": "Feature", "properties": { "cn": 82, "tags": { "landuse": "residential" } }, "geometry": { "type": "Polygon", "coordinates": [ [ [ 78.3865096, 17.4408266 ], [ 78.3859601, 17.440887 ], [ 78.3861369, 17.4417216 ], [ 78.3865541, 17.4414913 ], [ 78.3865096, 17.4408266 ] ] ] } },
{ "type": "Feature", "properties": { "cn": 82, "tags": { "landuse": "residential" } }, "geometry": { "type": "Polygon", "coordinates": [ [ [ 78.3858846, 17.4402181 ], [ 78.3861772, 17.4401411 ], [ 78.386266, 17.4404481 ], [ 78.3859734, 17.4405251 ], [ 78.3858846, 17.4402181 ] ] ] } },
{ "type": "Feature", "properties": { "cn": 82, "tags": { "landuse": "residential" } }, "geometry": { "type": "Polygon", "coordinates": [ [ [ 78.386706, 17.4400143 ], [ 78.3864098, 17.4400899 ], [ 78.3865111, 17.440451 ], [ 78.3868072, 17.4403754 ], [ 78.386706, 17.4400143 ] ] ] } },
{ "type": "Feature", "properties": { "cn": 82, "tags": { "landuse": "residential" } }, "geometry": { "type": "Polygon", "coordinates": [ [ [ 78.3872894, 17.4405754 ], [ 78.3871695, 17.4402538 ], [ 78.387418, 17.4401695 ], [ 78.3875378, 17.4404912 ], [ 78.3872894, 17.4405754 ] ] ] } },
{ "type": "Feature", "properties": { "cn": 82, "tags": { "landuse": "residential" } }, "geometry": { "type": "Polygon", "coordinates": [ [ [ 78.3876585, 17.4405483 ], [ 78.3875472, 17.4402669 ], [ 78.3877875, 17.4401804 ], [ 78.3878988, 17.4404619 ], [ 78.3876585, 17.4405483 ] ] ] } },
{ "type": "Feature", "properties": { "cn": 82, "tags": { "landuse": "residential" } }, "geometry": { "type": "Polygon", "coordinates": [ [ [ 78.3872311, 17.439964 ], [ 78.387149, 17.4397133 ], [ 78.3867421, 17.439833 ], [ 78.3868174, 17.4400709 ], [ 78.3872311, 17.439964 ] ] ] } },
{ "type": "Feature", "properties": { "cn": 92, "tags": { "landuse": "commercial" } }, "geometry": { "type": "Polygon", "coordinates": [ [ [ 78.3888698, 17.4386875 ], [ 78.3883926, 17.4386276 ], [ 78.3884516, 17.4382646 ], [ 78.3887111, 17.4382614 ], [ 78.3888698, 17.4386875 ] ] ] } },
{ "type": "Feature", "properties": { "cn": 92, "tags": { "landuse": "commercial" } }, "geometry": { "type": "Polygon", "coordinates": [ [ [ 78.3875605, 17.4378812 ], [ 78.3873111, 17.4379528 ], [ 78.3873969, 17.4382289 ], [ 78.3876458, 17.4381492 ], [ 78.3875605, 17.4378812 ] ] ] } },
{ "type": "Feature", "properties": { "cn": 82, "tags": { "landuse": "residential" } }, "geometry": { "type": "Polygon", "coordinates": [ [ [ 78.3874041, 17.4383288 ], [ 78.3872521, 17.4378637 ], [ 78.3867349, 17.4380175 ], [ 78.3868868, 17.4384826 ], [ 78.3874041, 17.4383288 ] ] ] } },
{ "type": "Feature", "properties": { "cn": 82, "tags": { "landuse": "residential" } }, "geometry": { "type": "Polygon", "coordinates": [ [ [ 78.3874447, 17.4376778 ], [ 78.3881595, 17.437647 ], [ 78.3880275, 17.4368066 ], [ 78.3876576, 17.4367985 ], [ 78.3874447, 17.4376778 ] ] ] } },
{ "type": "Feature", "properties": { "cn": 92, "tags": { "landuse": "commercial" } }, "geometry": { "type": "Polygon", "coordinates": [ [ [ 78.3875137, 17.4370114 ], [ 78.3877112, 17.4366024 ], [ 78.3871024, 17.4364618 ], [ 78.3869873, 17.4367865 ], [ 78.3873992, 17.4369763 ], [ 78.3875137, 17.4370114 ] ] ] } },
{ "type": "Feature", "properties": { "cn": 92, "tags": { "landuse": "commercial" } }, "geometry": { "type": "Polygon", "coordinates": [ [ [ 78.3869032, 17.4370841 ], [ 78.3872869, 17.4372252 ], [ 78.3873992, 17.4369763 ], [ 78.3869873, 17.4367865 ], [ 78.3869032, 17.4370841 ] ] ] } },
{ "type": "Feature", "properties": { "cn": 92, "tags": { "landuse": "commercial" } }, "geometry": { "type": "Polygon", "coordinates": [ [ [ 78.3871024, 17.4364618 ], [ 78.3872105, 17.4361319 ], [ 78.3875823, 17.4360879 ], [ 78.3883745, 17.4360709 ], [ 78.3884162, 17.4367681 ], [ 78.3877112, 17.4366024 ], [ 78.3871024, 17.4364618 ] ] ] } },
{ "type": "Feature", "properties": { "cn": 92, "tags": { "landuse": "commercial" } }, "geometry": { "type": "Polygon", "coordinates": [ [ [ 78.3884087, 17.4367713 ], [ 78.3880625, 17.4368066 ], [ 78.388082, 17.4369804 ], [ 78.3884282, 17.436945 ], [ 78.3884087, 17.4367713 ] ] ] } },
{ "type": "Feature", "properties": { "cn": 92, "tags": { "landuse": "commercial" } }, "geometry": { "type": "Polygon", "coordinates": [ [ [ 78.3884282, 17.436945 ], [ 78.388082, 17.4369804 ], [ 78.3881226, 17.4373423 ], [ 78.3884688, 17.4373069 ], [ 78.3884282, 17.436945 ] ] ] } },
{ "type": "Feature", "properties": { "cn": 92, "tags": { "landuse": "commercial" } }, "geometry": { "type": "Polygon", "coordinates": [ [ [ 78.3892527, 17.437557 ], [ 78.3892339, 17.4373735 ], [ 78.3896058, 17.4373295 ], [ 78.3896213, 17.4375225 ], [ 78.3892527, 17.437557 ] ] ] } },
{ "type": "Feature", "properties": { "cn": 92, "tags": { "landuse": "commercial" } }, "geometry": { "type": "Polygon", "coordinates": [ [ [ 78.3888357, 17.4382418 ], [ 78.3887075, 17.4377424 ], [ 78.3891775, 17.4376885 ], [ 78.3892347, 17.4382088 ], [ 78.3888357, 17.4382418 ] ] ] } },
{ "type": "Feature", "properties": { "cn": 92, "tags": { "landuse": "commercial" } }, "geometry": { "type": "Polygon", "coordinates": [ [ [ 78.3895943, 17.4377834 ], [ 78.3895797, 17.4376288 ], [ 78.3898924, 17.4376019 ], [ 78.389907, 17.4377564 ], [ 78.3895943, 17.4377834 ] ] ] } },
{ "type": "Feature", "properties": { "cn": 92, "tags": { "landuse": "commercial" } }, "geometry": { "type": "Polygon", "coordinates": [ [ [ 78.3899315, 17.4379815 ], [ 78.3896129, 17.4380079 ], [ 78.3896304, 17.4381441 ], [ 78.3899081, 17.4381259 ], [ 78.3899513, 17.4381216 ], [ 78.3899315, 17.4379815 ] ] ] } },
{ "type": "Feature", "properties": { "cn": 82, "tags": { "landuse": "residential" } }, "geometry": { "type": "Polygon", "coordinates": [ [ [ 78.3899081, 17.4381259 ], [ 78.3896304, 17.4381441 ], [ 78.3896768, 17.4384338 ], [ 78.3899359, 17.4383984 ], [ 78.3899081, 17.4381259 ] ] ] } },
{ "type": "Feature", "properties": { "cn": 82, "tags": { "landuse": "residential" } }, "geometry": { "type": "Polygon", "coordinates": [ [ [ 78.3896129, 17.4380079 ], [ 78.3892683, 17.4380301 ], [ 78.3893158, 17.4385089 ], [ 78.3896768, 17.4384338 ], [ 78.3896304, 17.4381441 ], [ 78.3896129, 17.4380079 ] ] ] } },
{ "type": "Feature", "properties": { "cn": 92, "tags": { "landuse": "commercial" } }, "geometry": { "type": "Polygon", "coordinates": [ [ [ 78.3899904, 17.4383921 ], [ 78.3900687, 17.4387735 ], [ 78.3897858, 17.4388678 ], [ 78.3896768, 17.4384338 ], [ 78.3899359, 17.4383984 ], [ 78.3899904, 17.4383921 ] ] ] } },
{ "type": "Feature", "properties": { "cn": 92, "tags": { "landuse": "commercial" } }, "geometry": { "type": "Polygon", "coordinates": [ [ [ 78.3900634, 17.4378329 ], [ 78.3900585, 17.4377142 ], [ 78.3901068, 17.4376994 ], [ 78.3901222, 17.4378424 ], [ 78.3900634, 17.4378329 ] ] ] } },
{ "type": "Feature", "properties": { "cn": 92, "tags": { "landuse": "commercial" } }, "geometry": { "type": "Polygon", "coordinates": [ [ [ 78.3902396, 17.4378355 ], [ 78.3902205, 17.4376899 ], [ 78.3903766, 17.4376713 ], [ 78.3903957, 17.4378169 ], [ 78.3902396, 17.4378355 ] ] ] } },
{ "type": "Feature", "properties": { "cn": 92, "tags": { "landuse": "commercial" } }, "geometry": { "type": "Polygon", "coordinates": [ [ [ 78.3900636, 17.437687 ], [ 78.3900693, 17.4376089 ], [ 78.3902309, 17.4375791 ], [ 78.3902428, 17.4376768 ], [ 78.3900636, 17.437687 ] ] ] } },
{ "type": "Feature", "properties": { "cn": 82, "tags": { "landuse": "residential" } }, "geometry": { "type": "Polygon", "coordinates": [ [ [ 78.3896508, 17.4379847 ], [ 78.3897614, 17.4379717 ], [ 78.3897434, 17.4378252 ], [ 78.3896349, 17.4378338 ], [ 78.3896508, 17.4379847 ] ] ] } },
{ "type": "Feature", "properties": { "cn": 82, "tags": { "landuse": "residential" } }, "geometry": { "type": "Polygon", "coordinates": [ [ [ 78.3908659, 17.4395624 ], [ 78.3908327, 17.4393706 ], [ 78.3905852, 17.4394096 ], [ 78.3906184, 17.4396013 ], [ 78.3908659, 17.4395624 ] ] ] } },
{ "type": "Feature", "properties": { "cn": 82, "tags": { "landuse": "residential" } }, "geometry": { "type": "Polygon", "coordinates": [ [ [ 78.3901181, 17.4402923 ], [ 78.3900003, 17.4399794 ], [ 78.3902613, 17.4398989 ], [ 78.3903784, 17.4402377 ], [ 78.3901181, 17.4402923 ] ] ] } },
{ "type": "Feature", "properties": { "cn": 82, "tags": { "landuse": "residential" } }, "geometry": { "type": "Polygon", "coordinates": [ [ [ 78.3912702, 17.4396841 ], [ 78.3911415, 17.4388688 ], [ 78.3915776, 17.4388749 ], [ 78.3915927, 17.438946 ], [ 78.3916717, 17.4393187 ], [ 78.3917015, 17.4394593 ], [ 78.3917348, 17.4396164 ], [ 78.3912702, 17.4396841 ] ] ] } },
{ "type": "Feature", "properties": { "cn": 82, "tags": { "landuse": "residential" } }, "geometry": { "type": "Polygon", "coordinates": [ [ [ 78.390855, 17.4392094 ], [ 78.3908208, 17.4390453 ], [ 78.3911339, 17.438986 ], [ 78.391168, 17.4391501 ], [ 78.390855, 17.4392094 ] ] ] } },
{ "type": "Feature", "properties": { "cn": 82, "tags": { "landuse": "residential" } }, "geometry": { "type": "Polygon", "coordinates": [ [ [ 78.3909141, 17.4395892 ], [ 78.3908796, 17.4394169 ], [ 78.3911964, 17.4393591 ], [ 78.391231, 17.4395314 ], [ 78.3909141, 17.4395892 ] ] ] } },
{ "type": "Feature", "properties": { "cn": 82, "tags": { "landuse": "residential" } }, "geometry": { "type": "Polygon", "coordinates": [ [ [ 78.3916717, 17.4393187 ], [ 78.3915927, 17.438946 ], [ 78.3917812, 17.4389071 ], [ 78.3918659, 17.4392791 ], [ 78.3916717, 17.4393187 ] ] ] } },
{ "type": "Feature", "properties": { "cn": 82, "tags": { "landuse": "residential" } }, "geometry": { "type": "Polygon", "coordinates": [ [ [ 78.3917558, 17.4397031 ], [ 78.3917348, 17.4396164 ], [ 78.3917015, 17.4394593 ], [ 78.3919956, 17.4394131 ], [ 78.3920575, 17.4396604 ], [ 78.3917558, 17.4397031 ] ] ] } },
{ "type": "Feature", "properties": { "cn": 92, "tags": { "landuse": "commercial" } }, "geometry": { "type": "Polygon", "coordinates": [ [ [ 78.391919, 17.4391524 ], [ 78.3918733, 17.438992 ], [ 78.3920647, 17.4389424 ], [ 78.3921103, 17.4391028 ], [ 78.391919, 17.4391524 ] ] ] } },
{ "type": "Feature", "properties": { "cn": 82, "tags": { "landuse": "residential" } }, "geometry": { "type": "Polygon", "coordinates": [ [ [ 78.3920964, 17.4396461 ], [ 78.3920584, 17.4394008 ], [ 78.392392, 17.4393539 ], [ 78.3924299, 17.4395992 ], [ 78.3920964, 17.4396461 ] ] ] } },
{ "type": "Feature", "properties": { "cn": 92, "tags": { "landuse": "commercial" } }, "geometry": { "type": "Polygon", "coordinates": [ [ [ 78.3921712, 17.4393783 ], [ 78.3921381, 17.4392537 ], [ 78.3923273, 17.4392013 ], [ 78.3923635, 17.4393293 ], [ 78.3921712, 17.4393783 ] ] ] } },
{ "type": "Feature", "properties": { "cn": 92, "tags": { "landuse": "commercial" } }, "geometry": { "type": "Polygon", "coordinates": [ [ [ 78.3921381, 17.4392537 ], [ 78.392094, 17.4391088 ], [ 78.3922831, 17.4390564 ], [ 78.3923273, 17.4392013 ], [ 78.3921381, 17.4392537 ] ] ] } },
{ "type": "Feature", "properties": { "cn": 82, "tags": { "landuse": "residential" } }, "geometry": { "type": "Polygon", "coordinates": [ [ [ 78.3964662, 17.4407997 ], [ 78.3963333, 17.4405553 ], [ 78.3969838, 17.4403032 ], [ 78.3970388, 17.4403762 ], [ 78.3967706, 17.4406512 ], [ 78.3964662, 17.4407997 ] ] ] } },
{ "type": "Feature", "properties": { "cn": 82, "tags": { "landuse": "residential" } }, "geometry": { "type": "Polygon", "coordinates": [ [ [ 78.3908983, 17.4388328 ], [ 78.3908342, 17.438599 ], [ 78.3913661, 17.4384998 ], [ 78.391457, 17.4388172 ], [ 78.3908983, 17.4388328 ] ] ] } },
{ "type": "Feature", "properties": { "cn": 92, "tags": { "landuse": "commercial" } }, "geometry": { "type": "Polygon", "coordinates": [ [ [ 78.3939001, 17.438825 ], [ 78.3943239, 17.4386364 ], [ 78.394571, 17.4391889 ], [ 78.3943317, 17.4392927 ], [ 78.3942394, 17.4391143 ], [ 78.3940495, 17.4391897 ], [ 78.3939001, 17.438825 ] ] ] } },
{ "type": "Feature", "properties": { "cn": 82, "tags": { "landuse": "residential" } }, "geometry": { "type": "Polygon", "coordinates": [ [ [ 78.3936956, 17.4388129 ], [ 78.3935058, 17.4384457 ], [ 78.3936763, 17.4383746 ], [ 78.3936967, 17.4384232 ], [ 78.3937996, 17.4386186 ], [ 78.3938996, 17.4387687 ], [ 78.3936956, 17.4388129 ] ] ] } },
{ "type": "Feature", "properties": { "cn": 82, "tags": { "landuse": "residential" } }, "geometry": { "type": "Polygon", "coordinates": [ [ [ 78.3937996, 17.4386186 ], [ 78.3936967, 17.4384232 ], [ 78.3938376, 17.4383638 ], [ 78.3939251, 17.4385588 ], [ 78.3937996, 17.4386186 ] ] ] } },
{ "type": "Feature", "properties": { "cn": 92, "tags": { "landuse": "commercial" } }, "geometry": { "type": "Polygon", "coordinates": [ [ [ 78.3936647, 17.4382181 ], [ 78.3935752, 17.4380265 ], [ 78.3937427, 17.4379403 ], [ 78.3938427, 17.4381576 ], [ 78.3936647, 17.4382181 ] ] ] } },
{ "type": "Feature", "properties": { "cn": 92, "tags": { "landuse": "commercial" } }, "geometry": { "type": "Polygon", "coordinates": [ [ [ 78.3954799, 17.4394792 ], [ 78.3953735, 17.4392502 ], [ 78.395597, 17.4391533 ], [ 78.3957289, 17.4393967 ], [ 78.3954799, 17.4394792 ] ] ] } },
{ "type": "Feature", "properties": { "cn": 92, "tags": { "landuse": "commercial" } }, "geometry": { "type": "Polygon", "coordinates": [ [ [ 78.3955928, 17.4397294 ], [ 78.395489, 17.4395049 ], [ 78.3955874, 17.439456 ], [ 78.3956962, 17.4396905 ], [ 78.3955928, 17.4397294 ] ] ] } },
{ "type": "Feature", "properties": { "cn": 92, "tags": { "landuse": "commercial" } }, "geometry": { "type": "Polygon", "coordinates": [ [ [ 78.3956962, 17.4396905 ], [ 78.3955874, 17.439456 ], [ 78.3957582, 17.4394051 ], [ 78.3958206, 17.4395596 ], [ 78.3956962, 17.4396905 ] ] ] } },
{ "type": "Feature", "properties": { "cn": 92, "tags": { "landuse": "commercial" } }, "geometry": { "type": "Polygon", "coordinates": [ [ [ 78.3951319, 17.4387348 ], [ 78.3950764, 17.4385998 ], [ 78.3953059, 17.4385162 ], [ 78.3953611, 17.4386419 ], [ 78.3951319, 17.4387348 ] ] ] } },
{ "type": "Feature", "properties": { "cn": 82, "tags": { "landuse": "residential" } }, "geometry": { "type": "Polygon", "coordinates": [ [ [ 78.395259, 17.4389806 ], [ 78.3952092, 17.438864 ], [ 78.3954378, 17.4387619 ], [ 78.3955003, 17.4388717 ], [ 78.395259, 17.4389806 ] ] ] } },
{ "type": "Feature", "properties": { "cn": 92, "tags": { "landuse": "commercial" } }, "geometry": { "type": "Polygon", "coordinates": [ [ [ 78.3963835, 17.4389944 ], [ 78.3962964, 17.4388018 ], [ 78.3964653, 17.4387399 ], [ 78.3965443, 17.4389189 ], [ 78.3963835, 17.4389944 ] ] ] } },
{ "type": "Feature", "properties": { "cn": 92, "tags": { "landuse": "commercial" } }, "geometry": { "type": "Polygon", "coordinates": [ [ [ 78.3942054, 17.4381459 ], [ 78.3944628, 17.4380435 ], [ 78.3945414, 17.4382344 ], [ 78.3942861, 17.4383367 ], [ 78.3942054, 17.4381459 ] ] ] } },
{ "type": "Feature", "properties": { "cn": 92, "tags": { "landuse": "commercial" } }, "geometry": { "type": "Polygon", "coordinates": [ [ [ 78.3957719, 17.4382852 ], [ 78.3960283, 17.438178 ], [ 78.3959293, 17.4379554 ], [ 78.3956652, 17.4380606 ], [ 78.3957719, 17.4382852 ] ] ] } },
{ "type": "Feature", "properties": { "cn": 92, "tags": { "landuse": "commercial" } }, "geometry": { "type": "Polygon", "coordinates": [ [ [ 78.3962177, 17.4370407 ], [ 78.3960929, 17.4367872 ], [ 78.3965825, 17.4365848 ], [ 78.3966975, 17.4368408 ], [ 78.3962177, 17.4370407 ] ] ] } },
{ "type": "Feature", "properties": { "cn": 92, "tags": { "leisure": "sports_centre", "name": "Chetan Anand Badminton Academy" } }, "geometry": { "type": "Polygon", "coordinates": [ [ [ 78.3965825, 17.4365848 ], [ 78.3966975, 17.4368408 ], [ 78.3969457, 17.4367352 ], [ 78.3968191, 17.4364812 ], [ 78.3965825, 17.4365848 ] ] ] } },
{ "type": "Feature", "properties": { "cn": 92, "tags": { "landuse": "commercial" } }, "geometry": { "type": "Polygon", "coordinates": [ [ [ 78.3956321, 17.4368183 ], [ 78.3955292, 17.4365906 ], [ 78.395777, 17.436486 ], [ 78.3958839, 17.4367176 ], [ 78.3956321, 17.4368183 ] ] ] } },
{ "type": "Feature", "properties": { "cn": 82, "tags": { "landuse": "residential" } }, "geometry": { "type": "Polygon", "coordinates": [ [ [ 78.3957538, 17.436474 ], [ 78.3956432, 17.4362325 ], [ 78.3958986, 17.436131 ], [ 78.3960106, 17.4363725 ], [ 78.3957538, 17.436474 ] ] ] } },
{ "type": "Feature", "properties": { "cn": 82, "tags": { "landuse": "residential" } }, "geometry": { "type": "Polygon", "coordinates": [ [ [ 78.3949222, 17.4364425 ], [ 78.3948122, 17.436212 ], [ 78.3953634, 17.4359728 ], [ 78.3954733, 17.4362033 ], [ 78.3949222, 17.4364425 ] ] ] } },
{ "type": "Feature", "properties": { "cn": 82, "tags": { "landuse": "residential" } }, "geometry": { "type": "Polygon", "coordinates": [ [ [ 78.3948122, 17.436212 ], [ 78.3947081, 17.4359936 ], [ 78.3952592, 17.4357544 ], [ 78.3953634, 17.4359728 ], [ 78.3948122, 17.436212 ] ] ] } },
{ "type": "Feature", "properties": { "cn": 82, "tags": { "landuse": "residential" } }, "geometry": { "type": "Polygon", "coordinates": [ [ [ 78.3949465, 17.4358722 ], [ 78.3948477, 17.4356741 ], [ 78.3951506, 17.4355366 ], [ 78.3952494, 17.4357347 ], [ 78.3949465, 17.4358722 ] ] ] } },
{ "type": "Feature", "properties": { "cn": 92, "tags": { "landuse": "commercial" } }, "geometry": { "type": "Polygon", "coordinates": [ [ [ 78.3955163, 17.4361702 ], [ 78.3954117, 17.4359507 ], [ 78.3957181, 17.4358178 ], [ 78.3958147, 17.4360387 ], [ 78.3955163, 17.4361702 ] ] ] } },
{ "type": "Feature", "properties": { "cn": 92, "tags": { "landuse": "commercial" } }, "geometry": { "type": "Polygon", "coordinates": [ [ [ 78.3960079, 17.4351173 ], [ 78.395993, 17.4349014 ], [ 78.3963904, 17.4348877 ], [ 78.3964019, 17.4350965 ], [ 78.3960079, 17.4351173 ] ] ] } },
{ "type": "Feature", "properties": { "cn": 92, "tags": { "landuse": "commercial" } }, "geometry": { "type": "Polygon", "coordinates": [ [ [ 78.3963722, 17.4357045 ], [ 78.3962622, 17.4354865 ], [ 78.3965607, 17.4353493 ], [ 78.3966707, 17.4355673 ], [ 78.3963722, 17.4357045 ] ] ] } },
{ "type": "Feature", "properties": { "cn": 92, "tags": { "landuse": "commercial" } }, "geometry": { "type": "Polygon", "coordinates": [ [ [ 78.39417, 17.4366028 ], [ 78.3940114, 17.436242 ], [ 78.3942511, 17.4361462 ], [ 78.3943005, 17.4362427 ], [ 78.3944294, 17.4364964 ], [ 78.39417, 17.4366028 ] ] ] } },
{ "type": "Feature", "properties": { "cn": 92, "tags": { "landuse": "commercial" } }, "geometry": { "type": "Polygon", "coordinates": [ [ [ 78.3943005, 17.4362427 ], [ 78.3942511, 17.4361462 ], [ 78.3941342, 17.4359099 ], [ 78.3944165, 17.4357885 ], [ 78.3945576, 17.4361436 ], [ 78.3943005, 17.4362427 ] ] ] } },
{ "type": "Feature", "properties": { "cn": 92, "tags": { "landuse": "commercial" } }, "geometry": { "type": "Polygon", "coordinates": [ [ [ 78.3936717, 17.4351453 ], [ 78.3938836, 17.4350043 ], [ 78.39408, 17.4352484 ], [ 78.3938684, 17.4354006 ], [ 78.3936717, 17.4351453 ] ] ] } },
{ "type": "Feature", "properties": { "cn": 92, "tags": { "landuse": "commercial" } }, "geometry": { "type": "Polygon", "coordinates": [ [ [ 78.3938684, 17.4354006 ], [ 78.39408, 17.4352484 ], [ 78.3941694, 17.4353821 ], [ 78.3939426, 17.4355126 ], [ 78.3938684, 17.4354006 ] ] ] } },
{ "type": "Feature", "properties": { "cn": 92, "tags": { "landuse": "commercial" } }, "geometry": { "type": "Polygon", "coordinates": [ [ [ 78.3939426, 17.4355126 ], [ 78.3941694, 17.4353821 ], [ 78.3943159, 17.4356379 ], [ 78.3941012, 17.4357449 ], [ 78.3939426, 17.4355126 ] ] ] } },
{ "type": "Feature", "properties": { "cn": 92, "tags": { "landuse": "commercial" } }, "geometry": { "type": "Polygon", "coordinates": [ [ [ 78.3938427, 17.4381576 ], [ 78.3937427, 17.4379403 ], [ 78.3939714, 17.4378411 ], [ 78.3940658, 17.4380793 ], [ 78.3938427, 17.4381576 ] ] ] } },
{ "type": "Feature", "properties": { "cn": 82, "tags": { "landuse": "residential" } }, "geometry": { "type": "Polygon", "coordinates": [ [ [ 78.3942959, 17.4379657 ], [ 78.3942062, 17.4377573 ], [ 78.3945261, 17.4376191 ], [ 78.3946237, 17.4378249 ], [ 78.3942959, 17.4379657 ] ] ] } },
{ "type": "Feature", "properties": { "cn": 92, "tags": { "landuse": "commercial" } }, "geometry": { "type": "Polygon", "coordinates": [ [ [ 78.3940956, 17.4377671 ], [ 78.3940065, 17.437565 ], [ 78.3941749, 17.4375013 ], [ 78.3942546, 17.4377091 ], [ 78.3940956, 17.4377671 ] ] ] } },
{ "type": "Feature", "properties": { "cn": 92, "tags": { "landuse": "commercial" } }, "geometry": { "type": "Polygon", "coordinates": [ [ [ 78.3942746, 17.4377048 ], [ 78.3941868, 17.4374877 ], [ 78.3942616, 17.4374536 ], [ 78.3943559, 17.4376707 ], [ 78.3942746, 17.4377048 ] ] ] } },
{ "type": "Feature", "properties": { "cn": 92, "tags": { "landuse": "commercial" } }, "geometry": { "type": "Polygon", "coordinates": [ [ [ 78.3947207, 17.4371877 ], [ 78.3946669, 17.4370768 ], [ 78.3949342, 17.4369621 ], [ 78.3949857, 17.437069 ], [ 78.3947207, 17.4371877 ] ] ] } },
{ "type": "Feature", "properties": { "cn": 92, "tags": { "landuse": "commercial" } }, "geometry": { "type": "Polygon", "coordinates": [ [ [ 78.3986299, 17.4380504 ], [ 78.398503, 17.4379368 ], [ 78.3983618, 17.4380805 ], [ 78.3984887, 17.4381941 ], [ 78.3986299, 17.4380504 ] ] ] } },
{ "type": "Feature", "properties": { "cn": 82, "tags": { "landuse": "residential" } }, "geometry": { "type": "Polygon", "coordinates": [ [ [ 78.3992771, 17.4365008 ], [ 78.3993248, 17.4363502 ], [ 78.3998603, 17.4365208 ], [ 78.3997928, 17.4366779 ], [ 78.3992771, 17.4365008 ] ] ] } },
{ "type": "Feature", "properties": { "cn": 92, "tags": { "landuse": "commercial" } }, "geometry": { "type": "Polygon", "coordinates": [ [ [ 78.3997184, 17.435704 ], [ 78.3998664, 17.435587 ], [ 78.3999958, 17.4357266 ], [ 78.3998814, 17.4358496 ], [ 78.3997184, 17.435704 ] ] ] } },
{ "type": "Feature", "properties": { "cn": 92, "tags": { "landuse": "commercial" } }, "geometry": { "type": "Polygon", "coordinates": [ [ [ 78.3997841, 17.4361272 ], [ 78.3998919, 17.4358844 ], [ 78.3996988, 17.4357043 ], [ 78.3994758, 17.4358817 ], [ 78.3997841, 17.4361272 ] ] ] } },
{ "type": "Feature", "properties": { "cn": 92, "tags": { "landuse": "commercial" } }, "geometry": { "type": "Polygon", "coordinates": [ [ [ 78.400198, 17.4358413 ], [ 78.4005203, 17.435481 ], [ 78.4006088, 17.435566 ], [ 78.4007118, 17.4356692 ], [ 78.4007112, 17.4356824 ], [ 78.4005409, 17.4358394 ], [ 78.4003772, 17.4360202 ], [ 78.400198, 17.4358413 ] ] ] } },
{ "type": "Feature", "properties": { "cn": 92, "tags": { "landuse": "commercial" } }, "geometry": { "type": "Polygon", "coordinates": [ [ [ 78.3997625, 17.435308 ], [ 78.400028, 17.4351215 ], [ 78.4001471, 17.4352757 ], [ 78.3998816, 17.4354622 ], [ 78.3997625, 17.435308 ] ] ] } },
{ "type": "Feature", "properties": { "cn": 92, "tags": { "landuse": "commercial" } }, "geometry": { "type": "Polygon", "coordinates": [ [ [ 78.3998841, 17.4372076 ], [ 78.400039, 17.4369827 ], [ 78.4003429, 17.4371723 ], [ 78.4001783, 17.4374036 ], [ 78.3998841, 17.4372076 ] ] ] } },
{ "type": "Feature", "properties": { "cn": 82, "tags": { "landuse": "residential" } }, "geometry": { "type": "Polygon", "coordinates": [ [ [ 78.4008612, 17.438851 ], [ 78.4010228, 17.4385721 ], [ 78.4014875, 17.4387546 ], [ 78.4012883, 17.4390625 ], [ 78.4008612, 17.438851 ] ] ] } },
{ "type": "Feature", "properties": { "cn": 92, "tags": { "landuse": "commercial" } }, "geometry": { "type": "Polygon", "coordinates": [ [ [ 78.3988076, 17.4350312 ], [ 78.3990647, 17.4348736 ], [ 78.3992212, 17.4350973 ], [ 78.3991027, 17.4351657 ], [ 78.398938, 17.4351928 ], [ 78.3988076, 17.4350312 ] ] ] } },
{ "type": "Feature", "properties": { "cn": 92, "tags": { "landuse": "commercial" } }, "geometry": { "type": "Polygon", "coordinates": [ [ [ 78.3978768, 17.4372103 ], [ 78.3980923, 17.4369786 ], [ 78.3986566, 17.4374154 ], [ 78.3984757, 17.4374747 ], [ 78.3983346, 17.4374671 ], [ 78.398243, 17.4374636 ], [ 78.3978768, 17.4372103 ] ] ] } },
{ "type": "Feature", "properties": { "cn": 92, "tags": { "landuse": "commercial" } }, "geometry": { "type": "Polygon", "coordinates": [ [ [ 78.3993012, 17.4364695 ], [ 78.3993395, 17.4363732 ], [ 78.3996486, 17.4364852 ], [ 78.3996102, 17.4365815 ], [ 78.3993012, 17.4364695 ] ] ] } },
{ "type": "Feature", "properties": { "cn": 92, "tags": { "landuse": "commercial" } }, "geometry": { "type": "Polygon", "coordinates": [ [ [ 78.401026, 17.4306312 ], [ 78.4011257, 17.4305587 ], [ 78.4012777, 17.4307295 ], [ 78.4011764, 17.4308037 ], [ 78.401026, 17.4306312 ] ] ] } },
{ "type": "Feature", "properties": { "cn": 82, "tags": { "addr:city": "Miyapur, Hyderabad, Telangana, India", "addr:housenumber": "Plot No # 237", "addr:postcode": "500050", "addr:street": "Krushi Nagar, Widia Colony", "ele": "0", "fixme": "PLOT NO # 237", "landuse": "residential", "name": "Srinivas Gadam" } }, "geometry": { "type": "Polygon", "coordinates": [ [ [ 78.3490681, 17.4989235 ], [ 78.3490822, 17.4990009 ], [ 78.3492082, 17.4989721 ], [ 78.3491921, 17.4988922 ], [ 78.3490681, 17.4989235 ] ] ] } },
{ "type": "Feature", "properties": { "cn": 82, "tags": { "addr:city": "Miyapur, Hyderabad, Telangana, India", "addr:housenumber": "Houes No : 1-53/10, Plot No # 201 & 202", "addr:postcode": "500050", "addr:street": "Krushi Nagar, Shanti Nagar Colony, Muzaffar Ahmad Nagar,", "landuse": "residential", "name": "Gadam Rajeswari and Gadam Sunitha" } }, "geometry": { "type": "Polygon", "coordinates": [ [ [ 78.3487093, 17.499187 ], [ 78.3487549, 17.499352 ], [ 78.348889, 17.4993277 ], [ 78.3488495, 17.4991576 ], [ 78.3487093, 17.499187 ] ] ] } },
{ "type": "Feature", "properties": { "cn": 65, "tags": { "leisure": "park" } }, "geometry": { "type": "Polygon", "coordinates": [ [ [ 78.4262134, 17.425403 ], [ 78.426216, 17.4246403 ], [ 78.4263609, 17.4246301 ], [ 78.4263823, 17.4244356 ], [ 78.4271387, 17.4245047 ], [ 78.4270851, 17.4254823 ], [ 78.4262134, 17.425403 ] ] ] } },
{ "type": "Feature", "properties": { "cn": 98, "tags": { "leisure": "swimming_pool" } }, "geometry": { "type": "Polygon", "coordinates": [ [ [ 78.3463414, 17.4478934 ], [ 78.3463462, 17.447681 ], [ 78.3465819, 17.4476859 ], [ 78.346577, 17.4478983 ], [ 78.3463414, 17.4478934 ] ] ] } },
{ "type": "Feature", "properties": { "cn": 98, "tags": { "name": "Chambal pond", "natural": "water", "water": "pond" } }, "geometry": { "type": "Polygon", "coordinates": [ [ [ 78.3399799, 17.4597858 ], [ 78.3399429, 17.4595271 ], [ 78.3403989, 17.4594448 ], [ 78.3404236, 17.459727 ], [ 78.3403003, 17.4597564 ], [ 78.3399799, 17.4597858 ] ] ] } },
{ "type": "Feature", "properties": { "cn": 92, "tags": { "landuse": "railway", "name": "v.v Nagar" } }, "geometry": { "type": "Polygon", "coordinates": [ [ [ 78.4062503, 17.4599951 ], [ 78.4116139, 17.4592768 ], [ 78.4128505, 17.4592678 ], [ 78.4128645, 17.458837 ], [ 78.4128751, 17.4585123 ], [ 78.4128922, 17.4579868 ], [ 78.4123518, 17.4580636 ], [ 78.4123045, 17.4579667 ], [ 78.4098126, 17.4582433 ], [ 78.4097825, 17.4583896 ], [ 78.4095855, 17.4584274 ], [ 78.4093816, 17.4583324 ], [ 78.4059165, 17.4587721 ], [ 78.4060418, 17.4592312 ], [ 78.4061411, 17.4595952 ], [ 78.4062503, 17.4599951 ] ] ] } },
{ "type": "Feature", "properties": { "cn": 92, "tags": { "landuse": "railway" } }, "geometry": { "type": "Polygon", "coordinates": [ [ [ 78.4254334, 17.4612493 ], [ 78.4251034, 17.4619106 ], [ 78.4268687, 17.4623687 ], [ 78.4285769, 17.4626668 ], [ 78.4296652, 17.4625305 ], [ 78.4297215, 17.4625893 ], [ 78.4301936, 17.4627019 ], [ 78.4312128, 17.4628094 ], [ 78.4323313, 17.4627582 ], [ 78.432434, 17.462581 ], [ 78.4327564, 17.4623373 ], [ 78.4330661, 17.4621696 ], [ 78.4334088, 17.4620695 ], [ 78.4340093, 17.4620654 ], [ 78.4349088, 17.4621524 ], [ 78.4354372, 17.4621977 ], [ 78.4361427, 17.4622056 ], [ 78.4379863, 17.462109 ], [ 78.4395091, 17.462279 ], [ 78.4460133, 17.4617604 ], [ 78.446767, 17.4619855 ], [ 78.4469762, 17.4619318 ], [ 78.4465609, 17.4615641 ], [ 78.4463406, 17.4609984 ], [ 78.4462827, 17.4608496 ], [ 78.4401968, 17.4611943 ], [ 78.4401772, 17.4610251 ], [ 78.4395547, 17.4610688 ], [ 78.4383958, 17.4611171 ], [ 78.4365037, 17.4612426 ], [ 78.4352503, 17.4613017 ], [ 78.4338172, 17.4616322 ], [ 78.4331677, 17.4617225 ], [ 78.4310305, 17.4616734 ], [ 78.4275923, 17.4615227 ], [ 78.4254334, 17.4612493 ] ] ] } },
{ "type": "Feature", "properties": { "cn": 65, "tags": { "leisure": "park", "name": "Nerella Park" } }, "geometry": { "type": "Polygon", "coordinates": [ [ [ 78.3633619, 17.4621779 ], [ 78.3632868, 17.4620807 ], [ 78.3632546, 17.461917 ], [ 78.3632439, 17.461789 ], [ 78.3633029, 17.4616458 ], [ 78.3633404, 17.4614871 ], [ 78.3632546, 17.4613745 ], [ 78.3631258, 17.4613029 ], [ 78.3629971, 17.4612671 ], [ 78.3629595, 17.4611443 ], [ 78.3628898, 17.4609754 ], [ 78.3628147, 17.4608065 ], [ 78.3629166, 17.4606991 ], [ 78.3631366, 17.4606325 ], [ 78.3633243, 17.4605711 ], [ 78.3635604, 17.4605148 ], [ 78.3637588, 17.4604432 ], [ 78.3639734, 17.4603767 ], [ 78.364188, 17.4603204 ], [ 78.3644348, 17.4602436 ], [ 78.3645689, 17.4602129 ], [ 78.3646922, 17.4601157 ], [ 78.3647942, 17.4600952 ], [ 78.36488, 17.4601106 ], [ 78.3649122, 17.4601669 ], [ 78.3649229, 17.4603153 ], [ 78.3649122, 17.4604534 ], [ 78.3648693, 17.4605865 ], [ 78.3648264, 17.46074 ], [ 78.3647942, 17.4608782 ], [ 78.3647566, 17.4610163 ], [ 78.364703, 17.461175 ], [ 78.364703, 17.4613029 ], [ 78.364703, 17.4614922 ], [ 78.364703, 17.4616458 ], [ 78.3647405, 17.46183 ], [ 78.3647727, 17.4619323 ], [ 78.3647942, 17.4620449 ], [ 78.3648317, 17.462137 ], [ 78.3648639, 17.4622445 ], [ 78.3648907, 17.4623315 ], [ 78.3649176, 17.4623929 ], [ 78.364939, 17.4624696 ], [ 78.3649497, 17.4625413 ], [ 78.3647459, 17.4625976 ], [ 78.3645689, 17.4626231 ], [ 78.364424, 17.4626078 ], [ 78.3642738, 17.462572 ], [ 78.3640861, 17.4625157 ], [ 78.3639305, 17.462444 ], [ 78.3637588, 17.4623724 ], [ 78.3636194, 17.4623263 ], [ 78.3634799, 17.4622752 ], [ 78.3633941, 17.462224 ], [ 78.3633619, 17.4621779 ] ] ] } },
{ "type": "Feature", "properties": { "cn": 98, "tags": { "golf": "lateral_water_hazard", "natural": "water" } }, "geometry": { "type": "Polygon", "coordinates": [ [ [ 78.3554871, 17.4242374 ], [ 78.3557151, 17.4245394 ], [ 78.3559324, 17.4246213 ], [ 78.3561523, 17.4246315 ], [ 78.3563723, 17.4245547 ], [ 78.3566512, 17.4245855 ], [ 78.356737, 17.4245727 ], [ 78.3567451, 17.4245138 ], [ 78.3568202, 17.4244908 ], [ 78.3570535, 17.4242579 ], [ 78.3572386, 17.4241658 ], [ 78.3571984, 17.4239201 ], [ 78.3572413, 17.4237793 ], [ 78.3571394, 17.4236872 ], [ 78.3570482, 17.4234466 ], [ 78.3567585, 17.4231754 ], [ 78.3565868, 17.4228504 ], [ 78.3563374, 17.4228478 ], [ 78.3561791, 17.422963 ], [ 78.3556963, 17.4237384 ], [ 78.3554871, 17.4242374 ] ] ] } },
{ "type": "Feature", "properties": { "cn": 85, "tags": { "hole": "hole_2", "natural": "bare_rock" } }, "geometry": { "type": "Polygon", "coordinates": [ [ [ 78.4159347, 17.4268295 ], [ 78.4159534, 17.4268295 ], [ 78.415944, 17.4268103 ], [ 78.4159347, 17.4268295 ] ] ] } },
{ "type": "Feature", "properties": { "cn": 85, "tags": { "hole": "hole_3", "natural": "bare_rock" } }, "geometry": { "type": "Polygon", "coordinates": [ [ [ 78.415987, 17.426896 ], [ 78.4160017, 17.426896 ], [ 78.415999, 17.4268781 ], [ 78.4159803, 17.4268794 ], [ 78.415987, 17.426896 ] ] ] } },
{ "type": "Feature", "properties": { "cn": 85, "tags": { "hole": "hole_4", "natural": "bare_rock" } }, "geometry": { "type": "Polygon", "coordinates": [ [ [ 78.4156651, 17.4267105 ], [ 78.4156852, 17.4267092 ], [ 78.4156812, 17.4266875 ], [ 78.4156651, 17.4267105 ] ] ] } },
{ "type": "Feature", "properties": { "cn": 85, "tags": { "hole": "holes1", "natural": "bare_rock" } }, "geometry": { "type": "Polygon", "coordinates": [ [ [ 78.4168906, 17.4278983 ], [ 78.4169918, 17.4278779 ], [ 78.4169732, 17.427824 ], [ 78.4168239, 17.4278485 ], [ 78.4168906, 17.4278983 ] ] ] } },
{ "type": "Feature", "properties": { "cn": 92, "tags": { "alt_name": "GMC Balayogi Stadium", "leisure": "stadium", "name": "GMC Balayogi Athletic Stadium", "name:etymology:wikidata": "Q376255", "wikidata": "Q5516199", "wikimedia_commons": "Category:G. M. C. Balayogi Athletic Stadium", "wikipedia": "en:Gachibowli Athletic Stadium" } }, "geometry": { "type": "Polygon", "coordinates": [ [ [ 78.3450406, 17.4462702 ], [ 78.3450427, 17.4460976 ], [ 78.3450316, 17.4455489 ], [ 78.3449357, 17.4453525 ], [ 78.3447448, 17.4451621 ], [ 78.3444686, 17.445014 ], [ 78.3441462, 17.4449756 ], [ 78.3438197, 17.4450418 ], [ 78.3435249, 17.4452141 ], [ 78.343372, 17.4453934 ], [ 78.3433131, 17.4455621 ], [ 78.3432998, 17.4461486 ], [ 78.3431549, 17.4461486 ], [ 78.3431521, 17.4462434 ], [ 78.3432977, 17.4462436 ], [ 78.3432863, 17.446745 ], [ 78.3433557, 17.4469201 ], [ 78.3434697, 17.4470837 ], [ 78.3436411, 17.4472492 ], [ 78.343844, 17.4473304 ], [ 78.3441198, 17.4473863 ], [ 78.344423, 17.4473603 ], [ 78.3446991, 17.4472317 ], [ 78.3449129, 17.4470278 ], [ 78.3450147, 17.4468229 ], [ 78.3450406, 17.4462702 ] ] ] } },
{ "type": "Feature", "properties": { "cn": 65, "tags": { "dog": "leashed", "leisure": "park", "name": "Quiet Lands Greenery", "opening_hours": "24/7", "operator": "QuietLands", "smoking": "no" } }, "geometry": { "type": "Polygon", "coordinates": [ [ [ 78.3625372, 17.4405207 ], [ 78.3623956, 17.440306 ], [ 78.3624636, 17.4402652 ], [ 78.3626052, 17.4404799 ], [ 78.3625372, 17.4405207 ] ] ] } },
{ "type": "Feature", "properties": { "cn": 98, "tags": { "description": "Private Lake", "intermittent": "no", "name": "QL Pond", "natural": "water", "water": "pond" } }, "geometry": { "type": "Polygon", "coordinates": [ [ [ 78.362453, 17.4405359 ], [ 78.3624371, 17.4405119 ], [ 78.3624613, 17.4404972 ], [ 78.3624772, 17.4405212 ], [ 78.362453, 17.4405359 ] ] ] } },
{ "type": "Feature", "properties": { "cn": 65, "tags": { "leisure": "park", "name": "Quiet Lands Park", "opening_hours": "24/7", "operator": "Quiet Lands Welfare Association" } }, "geometry": { "type": "Polygon", "coordinates": [ [ [ 78.362278, 17.4412037 ], [ 78.3621119, 17.4409478 ], [ 78.3624547, 17.4407325 ], [ 78.3627208, 17.441094 ], [ 78.3627101, 17.4411143 ], [ 78.362278, 17.4412037 ] ] ] } },
{ "type": "Feature", "properties": { "cn": 92, "tags": { "landuse": "commercial", "name": "Nextgen multi touch software solutions" } }, "geometry": { "type": "Polygon", "coordinates": [ [ [ 78.4099743, 17.4384741 ], [ 78.4101165, 17.4384092 ], [ 78.4100524, 17.4382774 ], [ 78.4099154, 17.4383535 ], [ 78.4099743, 17.4384741 ] ] ] } },
{ "type": "Feature", "properties": { "cn": 98, "tags": { "natural": "water" } }, "geometry": { "type": "Polygon", "coordinates": [ [ [ 78.3834619, 17.5102323 ], [ 78.3835923, 17.5101303 ], [ 78.3837628, 17.5099645 ], [ 78.3839467, 17.5098114 ], [ 78.3841407, 17.5096201 ], [ 78.3842978, 17.5095021 ], [ 78.3843714, 17.5093714 ], [ 78.384368, 17.5092056 ], [ 78.3842644, 17.5089983 ], [ 78.3841373, 17.5088452 ], [ 78.3840236, 17.5087974 ], [ 78.3839333, 17.508807 ], [ 78.3838464, 17.5088867 ], [ 78.3830807, 17.5092661 ], [ 78.382947, 17.5093363 ], [ 78.3827597, 17.5094001 ], [ 78.3826093, 17.509483 ], [ 78.3825257, 17.5095691 ], [ 78.3825357, 17.5097221 ], [ 78.3825524, 17.5097955 ], [ 78.3826093, 17.5098529 ], [ 78.3826506, 17.5098763 ], [ 78.3827865, 17.5098433 ], [ 78.3828701, 17.5098911 ], [ 78.3828868, 17.5099836 ], [ 78.3829804, 17.5101303 ], [ 78.3831108, 17.5102515 ], [ 78.3831877, 17.5102929 ], [ 78.3832479, 17.5103216 ], [ 78.3833482, 17.5103025 ], [ 78.3834619, 17.5102323 ] ] ] } },
{ "type": "Feature", "properties": { "cn": 65, "tags": { "access": "permissive", "hoops": "2", "leisure": "pitch", "name": "Baseket Ball Court", "sport": "basketball", "surface": "paved" } }, "geometry": { "type": "Polygon", "coordinates": [ [ [ 78.3902243, 17.4912505 ], [ 78.3901979, 17.4909775 ], [ 78.3905972, 17.4909631 ], [ 78.3906198, 17.4912541 ], [ 78.3902243, 17.4912505 ] ] ] } },
{ "type": "Feature", "properties": { "cn": 65, "tags": { "leisure": "playground" } }, "geometry": { "type": "Polygon", "coordinates": [ [ [ 78.3966446, 17.4941434 ], [ 78.3965705, 17.4939785 ], [ 78.3971182, 17.4937545 ], [ 78.3971923, 17.4939194 ], [ 78.3966446, 17.4941434 ] ] ] } },
{ "type": "Feature", "properties": { "cn": 65, "tags": { "leisure": "park" } }, "geometry": { "type": "Polygon", "coordinates": [ [ [ 78.3637747, 17.4955495 ], [ 78.3637814, 17.4952968 ], [ 78.364635, 17.4953364 ], [ 78.3646315, 17.4954218 ], [ 78.3646088, 17.4954478 ], [ 78.3646015, 17.4954876 ], [ 78.3646351, 17.495582 ], [ 78.3637747, 17.4955495 ] ] ] } },
{ "type": "Feature", "properties": { "cn": 65, "tags": { "leisure": "park" } }, "geometry": { "type": "Polygon", "coordinates": [ [ [ 78.364294, 17.4928372 ], [ 78.3643434, 17.4921621 ], [ 78.3653951, 17.4922321 ], [ 78.3653457, 17.4929073 ], [ 78.364294, 17.4928372 ] ] ] } },
{ "type": "Feature", "properties": { "cn": 65, "tags": { "leisure": "park", "natural": "tree_row" } }, "geometry": { "type": "Polygon", "coordinates": [ [ [ 78.3979882, 17.4377297 ], [ 78.3981371, 17.4375698 ], [ 78.398294, 17.4375135 ], [ 78.398408, 17.4375033 ], [ 78.3986722, 17.4374674 ], [ 78.3988266, 17.4373464 ], [ 78.3988254, 17.4373028 ], [ 78.3988078, 17.4372558 ], [ 78.3988509, 17.4371424 ], [ 78.3988301, 17.4370485 ], [ 78.3987766, 17.4369719 ], [ 78.3982015, 17.436536 ], [ 78.3981827, 17.4364963 ], [ 78.3981961, 17.4364387 ], [ 78.3982337, 17.4363684 ], [ 78.3983771, 17.4361368 ], [ 78.398467, 17.436028 ], [ 78.3985609, 17.4359794 ], [ 78.3987044, 17.4358911 ], [ 78.3986735, 17.4355341 ], [ 78.3984643, 17.4354945 ], [ 78.3983611, 17.4355124 ], [ 78.3982578, 17.4355329 ], [ 78.3982457, 17.4354919 ], [ 78.398475, 17.435323 ], [ 78.398748, 17.4351705 ], [ 78.3988993, 17.435278 ], [ 78.3988324, 17.435382 ], [ 78.3990295, 17.4355298 ], [ 78.3993252, 17.4357078 ], [ 78.3993815, 17.4358689 ], [ 78.3991985, 17.4365338 ], [ 78.3992618, 17.4367655 ], [ 78.399283, 17.4368595 ], [ 78.3992372, 17.4370341 ], [ 78.3991211, 17.4372356 ], [ 78.399026, 17.4372759 ], [ 78.3989198, 17.4373385 ], [ 78.3989642, 17.4374906 ], [ 78.3988598, 17.4376226 ], [ 78.3986988, 17.4378084 ], [ 78.398648, 17.4377923 ], [ 78.3984984, 17.4376549 ], [ 78.3984162, 17.4376977 ], [ 78.3983168, 17.4375847 ], [ 78.3982484, 17.4375902 ], [ 78.3980409, 17.4377997 ], [ 78.3979882, 17.4377297 ] ] ] } },
{ "type": "Feature", "properties": { "cn": 82, "tags": { "landuse": "residential", "name": "Thiru Sankalp Villas" } }, "geometry": { "type": "Polygon", "coordinates": [ [ [ 78.3881526, 17.5137171 ], [ 78.3889237, 17.5135406 ], [ 78.3896881, 17.5133462 ], [ 78.389888, 17.5140214 ], [ 78.3902688, 17.5139294 ], [ 78.3900502, 17.5132336 ], [ 78.3898906, 17.5130034 ], [ 78.3897109, 17.5126018 ], [ 78.3896358, 17.5126453 ], [ 78.3895795, 17.5126005 ], [ 78.3891852, 17.5127374 ], [ 78.3879686, 17.5134528 ], [ 78.3880732, 17.5135812 ], [ 78.3881526, 17.5137171 ] ] ] } },
{ "type": "Feature", "properties": { "cn": 82, "tags": { "addr:city": "HYDERABAD", "addr:housenumber": "27/1", "addr:postcode": "500032", "addr:street": "Financial District, Nanakramguda", "brand": "Phoenix", "internet_access": "wlan", "internet_access:fee": "no", "landuse": "residential", "name": "Golf Edge", "residential": "apartments" } }, "geometry": { "type": "Polygon", "coordinates": [ [ [ 78.3477392, 17.4234435 ], [ 78.3476066, 17.4234528 ], [ 78.3476628, 17.424266 ], [ 78.3476657, 17.4243366 ], [ 78.3475268, 17.4243417 ], [ 78.3473186, 17.4243465 ], [ 78.3471731, 17.4243478 ], [ 78.3470624, 17.424347 ], [ 78.3469738, 17.4243451 ], [ 78.3468887, 17.424342 ], [ 78.3468839, 17.4245544 ], [ 78.34688, 17.4245697 ], [ 78.3468785, 17.4246658 ], [ 78.3468797, 17.4247583 ], [ 78.3468836, 17.424852 ], [ 78.3468909, 17.4249524 ], [ 78.3469042, 17.4250866 ], [ 78.346914, 17.4251677 ], [ 78.3470195, 17.4251562 ], [ 78.347106, 17.4251481 ], [ 78.347191, 17.4251417 ], [ 78.3472569, 17.4251378 ], [ 78.3473245, 17.4251093 ], [ 78.3474964, 17.4249785 ], [ 78.347569, 17.4249263 ], [ 78.3476627, 17.4248616 ], [ 78.3478479, 17.4247397 ], [ 78.3478896, 17.4246855 ], [ 78.3478079, 17.4238181 ], [ 78.3477715, 17.4234323 ], [ 78.3477392, 17.4234435 ] ] ] } },
{ "type": "Feature", "properties": { "cn": 92, "tags": { "landuse": "commercial", "name": "ZF India ITC U1", "phone": "04067995000", "website": "zfindia.com" } }, "geometry": { "type": "Polygon", "coordinates": [ [ [ 78.3454889, 17.4212954 ], [ 78.3455711, 17.4212366 ], [ 78.3456492, 17.4211778 ], [ 78.3458502, 17.4210198 ], [ 78.3459437, 17.421464 ], [ 78.345963, 17.4215461 ], [ 78.3459858, 17.4216338 ], [ 78.3459984, 17.4216754 ], [ 78.346024, 17.4217487 ], [ 78.3460546, 17.4218276 ], [ 78.3460895, 17.42191 ], [ 78.3459841, 17.4219508 ], [ 78.3459258, 17.4219754 ], [ 78.3458659, 17.4220026 ], [ 78.3458219, 17.4220239 ], [ 78.3455949, 17.4215765 ], [ 78.3455669, 17.4215235 ], [ 78.3455359, 17.4214683 ], [ 78.3455029, 17.4214136 ], [ 78.3454728, 17.4213679 ], [ 78.3454425, 17.4213259 ], [ 78.3454889, 17.4212954 ] ] ] } },
{ "type": "Feature", "properties": { "cn": 65, "tags": { "leisure": "playground" } }, "geometry": { "type": "Polygon", "coordinates": [ [ [ 78.4126344, 17.4432241 ], [ 78.4130188, 17.4430592 ], [ 78.4127447, 17.4424025 ], [ 78.4122619, 17.4426356 ], [ 78.4126344, 17.4432241 ] ] ] } },
{ "type": "Feature", "properties": { "cn": 82, "tags": { "landuse": "residential", "name": "Alekhya Homes" } }, "geometry": { "type": "Polygon", "coordinates": [ [ [ 78.3489623, 17.4221911 ], [ 78.3491634, 17.4228056 ], [ 78.3487523, 17.4228693 ], [ 78.3479664, 17.4230562 ], [ 78.3478237, 17.4227255 ], [ 78.3479099, 17.4226545 ], [ 78.3481809, 17.422465 ], [ 78.3489623, 17.4221911 ] ] ] } },
{ "type": "Feature", "properties": { "cn": 98, "tags": { "intermittent": "yes", "name": "Pochamma Kunta", "natural": "water", "salt": "no", "water": "pond" } }, "geometry": { "type": "Polygon", "coordinates": [ [ [ 78.3406118, 17.4613741 ], [ 78.3406681, 17.4610914 ], [ 78.3407271, 17.4608202 ], [ 78.3407324, 17.4606667 ], [ 78.3407325, 17.4604261 ], [ 78.3406788, 17.4601242 ], [ 78.3406439, 17.4599579 ], [ 78.3406144, 17.4597865 ], [ 78.3405796, 17.459569 ], [ 78.3405822, 17.4594871 ], [ 78.3406091, 17.4594283 ], [ 78.3406681, 17.4593925 ], [ 78.3407378, 17.4593771 ], [ 78.3408371, 17.4593592 ], [ 78.340947, 17.4593387 ], [ 78.341049, 17.4593208 ], [ 78.3411831, 17.4592978 ], [ 78.341293, 17.4592952 ], [ 78.3413601, 17.4593106 ], [ 78.341454, 17.4594129 ], [ 78.341572, 17.4595716 ], [ 78.3416229, 17.4596944 ], [ 78.3416444, 17.4598888 ], [ 78.3416551, 17.4601242 ], [ 78.3416229, 17.4602675 ], [ 78.3415478, 17.4604978 ], [ 78.3414459, 17.4606667 ], [ 78.3412957, 17.4609123 ], [ 78.3412045, 17.4610453 ], [ 78.3411321, 17.4611438 ], [ 78.3410235, 17.4612654 ], [ 78.340888, 17.4613626 ], [ 78.3407324, 17.4614445 ], [ 78.3406748, 17.461447 ], [ 78.3406265, 17.4614227 ], [ 78.3406118, 17.4613741 ] ] ] } },
{ "type": "Feature", "properties": { "cn": 98, "tags": { "natural": "water", "water": "pond" } }, "geometry": { "type": "Polygon", "coordinates": [ [ [ 78.3358294, 17.4907894 ], [ 78.3357811, 17.4908354 ], [ 78.3356523, 17.490861 ], [ 78.3355451, 17.4908047 ], [ 78.3354539, 17.4907382 ], [ 78.3353949, 17.4907075 ], [ 78.3352876, 17.4906768 ], [ 78.3351374, 17.4906666 ], [ 78.3350354, 17.4906666 ], [ 78.3349442, 17.490687 ], [ 78.334837, 17.4907331 ], [ 78.3347082, 17.490774 ], [ 78.3346331, 17.4907843 ], [ 78.3345419, 17.4907945 ], [ 78.3344775, 17.490774 ], [ 78.3344024, 17.4907024 ], [ 78.3343756, 17.4906359 ], [ 78.3343595, 17.4905643 ], [ 78.3343381, 17.490467 ], [ 78.3343434, 17.4903852 ], [ 78.3344185, 17.4903135 ], [ 78.3344775, 17.4902829 ], [ 78.3345526, 17.4902829 ], [ 78.3346116, 17.4902931 ], [ 78.3346868, 17.4902675 ], [ 78.3347779, 17.4902522 ], [ 78.3348638, 17.4902419 ], [ 78.3349228, 17.490201 ], [ 78.3349442, 17.4901038 ], [ 78.3349496, 17.4900168 ], [ 78.3349281, 17.4899196 ], [ 78.3349335, 17.4898326 ], [ 78.3349818, 17.4897354 ], [ 78.3350998, 17.4895973 ], [ 78.335191, 17.4894898 ], [ 78.33525, 17.4893517 ], [ 78.3353198, 17.489234 ], [ 78.3354056, 17.4891777 ], [ 78.3354646, 17.4892289 ], [ 78.3358294, 17.4907894 ] ] ] } },
{ "type": "Feature", "properties": { "cn": 98, "tags": { "natural": "water", "water": "pond" } }, "geometry": { "type": "Polygon", "coordinates": [ [ [ 78.3319777, 17.423916 ], [ 78.3319348, 17.4239723 ], [ 78.3318597, 17.4241412 ], [ 78.3318222, 17.4242794 ], [ 78.3318007, 17.4243664 ], [ 78.3317792, 17.4244739 ], [ 78.3317792, 17.4245405 ], [ 78.3318222, 17.4245865 ], [ 78.3318973, 17.4246172 ], [ 78.3320099, 17.4246275 ], [ 78.3321816, 17.4245865 ], [ 78.3323371, 17.4245098 ], [ 78.3325034, 17.4243613 ], [ 78.3326107, 17.4242641 ], [ 78.3326429, 17.4242027 ], [ 78.3326161, 17.4241515 ], [ 78.3325303, 17.4240696 ], [ 78.3324659, 17.424044 ], [ 78.3323479, 17.4239928 ], [ 78.3322191, 17.4239519 ], [ 78.3321118, 17.4239365 ], [ 78.3319777, 17.423916 ] ] ] } },
{ "type": "Feature", "properties": { "cn": 98, "tags": { "natural": "water", "water": "pond" } }, "geometry": { "type": "Polygon", "coordinates": [ [ [ 78.3649689, 17.4901294 ], [ 78.3649635, 17.4902163 ], [ 78.3650011, 17.4903059 ], [ 78.3650252, 17.4903724 ], [ 78.3650842, 17.4904594 ], [ 78.3651835, 17.4905412 ], [ 78.3654249, 17.490641 ], [ 78.3655107, 17.4906487 ], [ 78.3656743, 17.4906359 ], [ 78.366023, 17.4905412 ], [ 78.3663154, 17.4904594 ], [ 78.3663824, 17.4903954 ], [ 78.3664361, 17.4902931 ], [ 78.3665165, 17.4902342 ], [ 78.3666238, 17.4902035 ], [ 78.3668438, 17.4902061 ], [ 78.3672085, 17.4901984 ], [ 78.3674419, 17.4902138 ], [ 78.3676887, 17.4902266 ], [ 78.3677718, 17.4902215 ], [ 78.3679274, 17.4901908 ], [ 78.3680615, 17.4901677 ], [ 78.3681124, 17.4901473 ], [ 78.3681473, 17.4901294 ], [ 78.3681607, 17.4900961 ], [ 78.3681446, 17.4900731 ], [ 78.3681098, 17.4900501 ], [ 78.3680829, 17.4900194 ], [ 78.3680803, 17.4899554 ], [ 78.3681044, 17.4899273 ], [ 78.368209, 17.4898761 ], [ 78.3682331, 17.489848 ], [ 78.3682358, 17.4898045 ], [ 78.3682197, 17.4897686 ], [ 78.3681715, 17.4897252 ], [ 78.3681473, 17.4896945 ], [ 78.3681419, 17.4896356 ], [ 78.3680963, 17.48961 ], [ 78.3680427, 17.4895793 ], [ 78.3679676, 17.4895563 ], [ 78.3679461, 17.4895307 ], [ 78.3679381, 17.4894924 ], [ 78.3679354, 17.489431 ], [ 78.3679166, 17.4893798 ], [ 78.3679005, 17.489344 ], [ 78.3678764, 17.4893235 ], [ 78.3678469, 17.4893031 ], [ 78.3678228, 17.4892903 ], [ 78.3677745, 17.4892775 ], [ 78.3676994, 17.4892647 ], [ 78.3676162, 17.4892775 ], [ 78.3675706, 17.4893082 ], [ 78.3675358, 17.489344 ], [ 78.3674821, 17.4893849 ], [ 78.3674285, 17.4893977 ], [ 78.3673829, 17.4893875 ], [ 78.3673105, 17.4893542 ], [ 78.367289, 17.4893031 ], [ 78.3672783, 17.4892161 ], [ 78.3672756, 17.4891854 ], [ 78.3672407, 17.4891163 ], [ 78.3671737, 17.4890984 ], [ 78.3671012, 17.4890907 ], [ 78.3670583, 17.4890549 ], [ 78.3670288, 17.4890114 ], [ 78.3670047, 17.4889705 ], [ 78.3669403, 17.4889551 ], [ 78.3668625, 17.4889526 ], [ 78.3667928, 17.4889679 ], [ 78.3667767, 17.4889884 ], [ 78.3667123, 17.4890344 ], [ 78.3666506, 17.4890447 ], [ 78.3666104, 17.4890396 ], [ 78.3665487, 17.4890396 ], [ 78.3664843, 17.4890268 ], [ 78.3664066, 17.4890114 ], [ 78.3663529, 17.4889654 ], [ 78.3663341, 17.4889347 ], [ 78.366302, 17.4888886 ], [ 78.366259, 17.4888502 ], [ 78.3662161, 17.48884 ], [ 78.3661303, 17.4888323 ], [ 78.3660364, 17.4888554 ], [ 78.365972, 17.4888784 ], [ 78.3658835, 17.4888809 ], [ 78.3658487, 17.4888758 ], [ 78.365736, 17.4888502 ], [ 78.3656046, 17.4888042 ], [ 78.3655348, 17.4887761 ], [ 78.3654597, 17.4887402 ], [ 78.3654329, 17.4886942 ], [ 78.3654329, 17.4886635 ], [ 78.3654651, 17.488643 ], [ 78.3654919, 17.4886174 ], [ 78.3654866, 17.4885842 ], [ 78.3654678, 17.4885484 ], [ 78.3654276, 17.4885177 ], [ 78.3653632, 17.4885074 ], [ 78.3653015, 17.4885305 ], [ 78.3652452, 17.4885561 ], [ 78.3651245, 17.488574 ], [ 78.3650681, 17.4885688 ], [ 78.3649769, 17.4885458 ], [ 78.364875, 17.4885074 ], [ 78.364757, 17.4884742 ], [ 78.3646658, 17.4884691 ], [ 78.3646014, 17.4884742 ], [ 78.3645639, 17.4885023 ], [ 78.3645451, 17.4885714 ], [ 78.3645317, 17.4887761 ], [ 78.3645961, 17.4890293 ], [ 78.364698, 17.4892647 ], [ 78.364808, 17.4895563 ], [ 78.3648965, 17.4897866 ], [ 78.3649582, 17.4899503 ], [ 78.3649662, 17.490004 ], [ 78.3649662, 17.490068 ], [ 78.3649689, 17.4901294 ] ] ] } },
{ "type": "Feature", "properties": { "cn": 98, "tags": { "natural": "water", "water": "pond" } }, "geometry": { "type": "Polygon", "coordinates": [ [ [ 78.3634508, 17.4867781 ], [ 78.3634078, 17.4868599 ], [ 78.3633703, 17.4869213 ], [ 78.3633006, 17.4869418 ], [ 78.3631825, 17.4869827 ], [ 78.3631289, 17.487039 ], [ 78.3630055, 17.4871055 ], [ 78.3629143, 17.4871055 ], [ 78.3627695, 17.487039 ], [ 78.362689, 17.486906 ], [ 78.3626729, 17.4867423 ], [ 78.3626944, 17.4865836 ], [ 78.3627641, 17.4864557 ], [ 78.362866, 17.4863636 ], [ 78.3629733, 17.4862664 ], [ 78.3631504, 17.4861743 ], [ 78.3632737, 17.4861794 ], [ 78.3633918, 17.4863483 ], [ 78.3634454, 17.4864916 ], [ 78.3634508, 17.4866553 ], [ 78.3634508, 17.4867781 ] ] ] } },
{ "type": "Feature", "properties": { "cn": 98, "tags": { "natural": "water", "water": "pond" } }, "geometry": { "type": "Polygon", "coordinates": [ [ [ 78.3215922, 17.5085577 ], [ 78.3215868, 17.5083992 ], [ 78.3215707, 17.5080359 ], [ 78.3215547, 17.5077034 ], [ 78.3214956, 17.5071765 ], [ 78.3214635, 17.5069718 ], [ 78.3214956, 17.5067774 ], [ 78.3215278, 17.5067262 ], [ 78.3215976, 17.50667 ], [ 78.321898, 17.5066086 ], [ 78.3222735, 17.506537 ], [ 78.3224773, 17.5066239 ], [ 78.3226168, 17.5066802 ], [ 78.3228636, 17.5068132 ], [ 78.322944, 17.5068951 ], [ 78.3230299, 17.5070946 ], [ 78.3230245, 17.5072123 ], [ 78.3229655, 17.5073299 ], [ 78.322826, 17.507376 ], [ 78.3226812, 17.5073709 ], [ 78.3225417, 17.5073504 ], [ 78.3223969, 17.5074118 ], [ 78.3222574, 17.5075141 ], [ 78.3221769, 17.5076932 ], [ 78.3221126, 17.5080462 ], [ 78.3220428, 17.5082661 ], [ 78.3219516, 17.5084247 ], [ 78.3218014, 17.5085782 ], [ 78.3216566, 17.5086294 ], [ 78.3215922, 17.5085577 ] ] ] } },
{ "type": "Feature", "properties": { "cn": 92, "tags": { "landuse": "construction" } }, "geometry": { "type": "Polygon", "coordinates": [ [ [ 78.3578195, 17.4487913 ], [ 78.3581611, 17.4497983 ], [ 78.3585301, 17.4498295 ], [ 78.3586281, 17.4499409 ], [ 78.3596867, 17.4493778 ], [ 78.3599979, 17.4493215 ], [ 78.3600676, 17.4490707 ], [ 78.3608025, 17.4488507 ], [ 78.360647, 17.4485794 ], [ 78.3599442, 17.4487841 ], [ 78.3578195, 17.4487913 ] ] ] } },
{ "type": "Feature", "properties": { "cn": 82, "tags": { "addr:city": "Hyderabad", "addr:postcode": "500049", "building:levels": "5", "landuse": "residential", "name": "Raghavendra Panchajanya Apartments" } }, "geometry": { "type": "Polygon", "coordinates": [ [ [ 78.3516527, 17.5004722 ], [ 78.352548, 17.5002776 ], [ 78.3526178, 17.5005699 ], [ 78.3528364, 17.5005224 ], [ 78.3529141, 17.5008478 ], [ 78.3527624, 17.5008808 ], [ 78.3528348, 17.5011375 ], [ 78.3527424, 17.5013317 ], [ 78.3521144, 17.5014651 ], [ 78.3520054, 17.5010088 ], [ 78.351792, 17.5010552 ], [ 78.3516527, 17.5004722 ] ] ] } },
{ "type": "Feature", "properties": { "cn": 92, "tags": { "landuse": "commercial", "name": "Ananth Info Park" } }, "geometry": { "type": "Polygon", "coordinates": [ [ [ 78.3713606, 17.4512175 ], [ 78.3707677, 17.4506757 ], [ 78.3716088, 17.4498379 ], [ 78.3722012, 17.4503957 ], [ 78.3713606, 17.4512175 ] ] ] } },
{ "type": "Feature", "properties": { "cn": 92, "tags": { "landuse": "commercial", "name": "Ananth Info Park Building B" } }, "geometry": { "type": "Polygon", "coordinates": [ [ [ 78.3713535, 17.4506341 ], [ 78.3711818, 17.4504652 ], [ 78.3714018, 17.4502657 ], [ 78.3715734, 17.4504345 ], [ 78.3713535, 17.4506341 ] ] ] } },
{ "type": "Feature", "properties": { "cn": 75, "tags": { "landuse": "farmland" } }, "geometry": { "type": "Polygon", "coordinates": [ [ [ 78.3251533, 17.5192014 ], [ 78.3249503, 17.5191945 ], [ 78.3248633, 17.5192705 ], [ 78.3248022, 17.5192811 ], [ 78.3247039, 17.5192982 ], [ 78.3246821, 17.5192359 ], [ 78.3246459, 17.5190977 ], [ 78.3246096, 17.5189595 ], [ 78.3245879, 17.5188281 ], [ 78.3244284, 17.5187867 ], [ 78.3243197, 17.5187659 ], [ 78.32424, 17.5187175 ], [ 78.3241747, 17.5186139 ], [ 78.323979, 17.5186277 ], [ 78.3239138, 17.5185447 ], [ 78.3238051, 17.5185033 ], [ 78.3237543, 17.518441 ], [ 78.3237616, 17.5183305 ], [ 78.3236963, 17.5182406 ], [ 78.3237108, 17.5181093 ], [ 78.3237906, 17.5180332 ], [ 78.32503, 17.5178812 ], [ 78.3251098, 17.5181162 ], [ 78.3251533, 17.5183097 ], [ 78.3252692, 17.5183996 ], [ 78.3254359, 17.5182199 ], [ 78.3255447, 17.5182406 ], [ 78.3257041, 17.5182821 ], [ 78.3258926, 17.5183719 ], [ 78.3259941, 17.5184687 ], [ 78.3260013, 17.5186208 ], [ 78.3260158, 17.5187037 ], [ 78.3260593, 17.5188281 ], [ 78.3261463, 17.518918 ], [ 78.3260086, 17.5189387 ], [ 78.3258926, 17.5189387 ], [ 78.3256751, 17.5189249 ], [ 78.3255229, 17.518918 ], [ 78.325262, 17.518918 ], [ 78.325175, 17.5188973 ], [ 78.325175, 17.5189733 ], [ 78.325175, 17.5190908 ], [ 78.3251533, 17.5192014 ] ] ] } },
{ "type": "Feature", "properties": { "cn": 92, "tags": { "description": "its a type of ", "landuse": "commercial" } }, "geometry": { "type": "Polygon", "coordinates": [ [ [ 78.3532648, 17.4354914 ], [ 78.3537393, 17.4352812 ], [ 78.3538407, 17.4354648 ], [ 78.3533617, 17.4356806 ], [ 78.3532648, 17.4354914 ] ] ] } },
{ "type": "Feature", "properties": { "cn": 82, "tags": { "landuse": "residential" } }, "geometry": { "type": "Polygon", "coordinates": [ [ [ 78.3531275, 17.4357736 ], [ 78.3532157, 17.4357327 ], [ 78.3531288, 17.4355582 ], [ 78.3530418, 17.435599 ], [ 78.3531275, 17.4357736 ] ] ] } },
{ "type": "Feature", "properties": { "cn": 82, "tags": { "description": "residential", "landuse": "residential" } }, "geometry": { "type": "Polygon", "coordinates": [ [ [ 78.4154746, 17.4473727 ], [ 78.4154857, 17.4472683 ], [ 78.4155413, 17.4472675 ], [ 78.4155426, 17.4473241 ], [ 78.4154976, 17.4473269 ], [ 78.4154993, 17.4473755 ], [ 78.4154746, 17.4473727 ] ] ] } },
{ "type": "Feature", "properties": { "cn": 82, "tags": { "description": "residential", "landuse": "residential" } }, "geometry": { "type": "Polygon", "coordinates": [ [ [ 78.4157339, 17.4470876 ], [ 78.4157185, 17.4470157 ], [ 78.4157593, 17.4470079 ], [ 78.4157732, 17.4470821 ], [ 78.4157339, 17.4470876 ] ] ] } },
{ "type": "Feature", "properties": { "cn": 82, "tags": { "description": "Meenakshi Bamboos Villa Community", "landuse": "residential", "name": "Bamboos" } }, "geometry": { "type": "Polygon", "coordinates": [ [ [ 78.3673883, 17.444219 ], [ 78.3681984, 17.4435639 ], [ 78.3687992, 17.4432824 ], [ 78.3703176, 17.444793 ], [ 78.3706504, 17.4446813 ], [ 78.3708353, 17.4451987 ], [ 78.3701678, 17.4454542 ], [ 78.370453, 17.4462291 ], [ 78.3697261, 17.446586 ], [ 78.3673883, 17.444219 ] ] ] } },
{ "type": "Feature", "properties": { "cn": 98, "tags": { "natural": "water", "water": "pond" } }, "geometry": { "type": "Polygon", "coordinates": [ [ [ 78.3612347, 17.4223344 ], [ 78.361324, 17.4224014 ], [ 78.3615058, 17.4223435 ], [ 78.3616429, 17.4223466 ], [ 78.3617578, 17.42238 ], [ 78.361863, 17.4223953 ], [ 78.3619587, 17.4223161 ], [ 78.361863, 17.4222705 ], [ 78.3616685, 17.422164 ], [ 78.3614962, 17.4221274 ], [ 78.3614292, 17.4220361 ], [ 78.3612921, 17.4220118 ], [ 78.3611772, 17.422094 ], [ 78.3611996, 17.4221883 ], [ 78.361241, 17.4222401 ], [ 78.3612347, 17.4223344 ] ] ] } },
{ "type": "Feature", "properties": { "cn": 98, "tags": { "natural": "water", "water": "pond" } }, "geometry": { "type": "Polygon", "coordinates": [ [ [ 78.3576984, 17.4221225 ], [ 78.3577574, 17.4221686 ], [ 78.3578781, 17.4221328 ], [ 78.3579559, 17.4221405 ], [ 78.3579962, 17.4221123 ], [ 78.3579157, 17.4220253 ], [ 78.3579184, 17.4219613 ], [ 78.357846, 17.4218385 ], [ 78.3576823, 17.4218743 ], [ 78.3576287, 17.4219792 ], [ 78.3576797, 17.4220483 ], [ 78.3576984, 17.4221225 ] ] ] } },
{ "type": "Feature", "properties": { "cn": 98, "tags": { "natural": "water", "water": "pond" } }, "geometry": { "type": "Polygon", "coordinates": [ [ [ 78.3585838, 17.4254988 ], [ 78.3586521, 17.4255965 ], [ 78.3587924, 17.4256218 ], [ 78.3588531, 17.4256616 ], [ 78.3589442, 17.4256254 ], [ 78.3590504, 17.425582 ], [ 78.3591642, 17.4255675 ], [ 78.3590921, 17.425477 ], [ 78.3589442, 17.4254626 ], [ 78.3588266, 17.4254698 ], [ 78.3587659, 17.4254119 ], [ 78.3586938, 17.4254698 ], [ 78.3585838, 17.4254988 ] ] ] } },
{ "type": "Feature", "properties": { "cn": 98, "tags": { "natural": "water", "water": "pond" } }, "geometry": { "type": "Polygon", "coordinates": [ [ [ 78.3624074, 17.4242103 ], [ 78.3625287, 17.4242067 ], [ 78.362616, 17.4242502 ], [ 78.3626691, 17.4241452 ], [ 78.3626956, 17.4240475 ], [ 78.3626501, 17.4239208 ], [ 78.362726, 17.4238267 ], [ 78.3629194, 17.4238014 ], [ 78.3629194, 17.4237254 ], [ 78.3628019, 17.4236132 ], [ 78.3627563, 17.423472 ], [ 78.3627791, 17.4233236 ], [ 78.3627601, 17.4232115 ], [ 78.3626501, 17.4232223 ], [ 78.3625363, 17.4233092 ], [ 78.3624605, 17.4235082 ], [ 78.362506, 17.4236711 ], [ 78.3625781, 17.4237471 ], [ 78.3624756, 17.4238774 ], [ 78.3623846, 17.4240004 ], [ 78.3623656, 17.4241271 ], [ 78.3624074, 17.4242103 ] ] ] } },
{ "type": "Feature", "properties": { "cn": 98, "tags": { "natural": "water", "water": "pond" } }, "geometry": { "type": "Polygon", "coordinates": [ [ [ 78.3591883, 17.4283613 ], [ 78.3592537, 17.4285851 ], [ 78.3593371, 17.4286303 ], [ 78.3594093, 17.4286819 ], [ 78.3594432, 17.4287788 ], [ 78.3595311, 17.4287788 ], [ 78.3596123, 17.4287078 ], [ 78.3596867, 17.4287422 ], [ 78.3597905, 17.4287056 ], [ 78.359892, 17.428654 ], [ 78.359883, 17.4285571 ], [ 78.3597364, 17.4284689 ], [ 78.3595875, 17.4284732 ], [ 78.3595244, 17.4283914 ], [ 78.3593845, 17.4283742 ], [ 78.3592605, 17.4283419 ], [ 78.3591883, 17.4283613 ] ] ] } },
{ "type": "Feature", "properties": { "cn": 65, "tags": { "leisure": "pitch", "sport": "multi", "surface": "ground" } }, "geometry": { "type": "Polygon", "coordinates": [ [ [ 78.3599918, 17.4279693 ], [ 78.3607857, 17.4276828 ], [ 78.360163, 17.4261124 ], [ 78.3593691, 17.4263989 ], [ 78.3599918, 17.4279693 ] ] ] } },
{ "type": "Feature", "properties": { "cn": 98, "tags": { "natural": "water" } }, "geometry": { "type": "Polygon", "coordinates": [ [ [ 78.3333711, 17.4292518 ], [ 78.3334784, 17.4291027 ], [ 78.3336387, 17.4289664 ], [ 78.3336843, 17.4289293 ], [ 78.3338197, 17.4288545 ], [ 78.3338761, 17.4288391 ], [ 78.3339069, 17.4288493 ], [ 78.3339284, 17.428873 ], [ 78.3339217, 17.4289242 ], [ 78.3339243, 17.4289882 ], [ 78.3339297, 17.4290304 ], [ 78.3339478, 17.4290515 ], [ 78.3340061, 17.4290816 ], [ 78.3340497, 17.429134 ], [ 78.3340685, 17.4291801 ], [ 78.3340745, 17.4292185 ], [ 78.3340678, 17.4292396 ], [ 78.3340511, 17.4292677 ], [ 78.3340189, 17.4292921 ], [ 78.333986, 17.429333 ], [ 78.3339773, 17.4293708 ], [ 78.3339874, 17.4294283 ], [ 78.3339947, 17.4294648 ], [ 78.3340249, 17.4294968 ], [ 78.3340538, 17.4295173 ], [ 78.3340745, 17.429562 ], [ 78.3340779, 17.4295991 ], [ 78.3340618, 17.4296247 ], [ 78.334039, 17.4296439 ], [ 78.3340021, 17.4296567 ], [ 78.3339485, 17.4296785 ], [ 78.333923, 17.429706 ], [ 78.333919, 17.429745 ], [ 78.3339626, 17.4297924 ], [ 78.3340511, 17.4298646 ], [ 78.3341087, 17.4299165 ], [ 78.3341315, 17.4299485 ], [ 78.3341523, 17.4300041 ], [ 78.3341456, 17.4301359 ], [ 78.3341416, 17.4301992 ], [ 78.3341289, 17.4302997 ], [ 78.3341034, 17.4303278 ], [ 78.3340752, 17.4303291 ], [ 78.3340363, 17.4303074 ], [ 78.3340229, 17.4302664 ], [ 78.3340102, 17.430189 ], [ 78.3340028, 17.4300662 ], [ 78.3339914, 17.4300316 ], [ 78.3339619, 17.4299849 ], [ 78.3339062, 17.4299082 ], [ 78.3338405, 17.4297885 ], [ 78.3337996, 17.429706 ], [ 78.3337607, 17.4296791 ], [ 78.3337305, 17.4296676 ], [ 78.3336823, 17.429665 ], [ 78.3336514, 17.429649 ], [ 78.333633, 17.4296171 ], [ 78.3336209, 17.4296094 ], [ 78.3336008, 17.4296071 ], [ 78.3335921, 17.4296183 ], [ 78.3335864, 17.4296554 ], [ 78.3335897, 17.4296852 ], [ 78.333586, 17.4297028 ], [ 78.3335666, 17.4297159 ], [ 78.3334677, 17.4297565 ], [ 78.3334392, 17.4297578 ], [ 78.3334167, 17.4297559 ], [ 78.3333956, 17.429746 ], [ 78.3333654, 17.4297089 ], [ 78.3333674, 17.4296804 ], [ 78.3333758, 17.4296554 ], [ 78.3334151, 17.4296187 ], [ 78.3334311, 17.4296055 ], [ 78.3334439, 17.4295927 ], [ 78.3334436, 17.429578 ], [ 78.3334379, 17.4295656 ], [ 78.3334228, 17.4295473 ], [ 78.3334033, 17.4295269 ], [ 78.333341, 17.4294917 ], [ 78.3333182, 17.4294642 ], [ 78.3333094, 17.4294232 ], [ 78.3333336, 17.4293618 ], [ 78.3333711, 17.4292518 ] ] ] } },
{ "type": "Feature", "properties": { "cn": 98, "tags": { "natural": "water" } }, "geometry": { "type": "Polygon", "coordinates": [ [ [ 78.3348142, 17.4934595 ], [ 78.3345607, 17.4934889 ], [ 78.3342268, 17.4935337 ], [ 78.3340578, 17.4935592 ], [ 78.3340162, 17.4935516 ], [ 78.3339894, 17.4935247 ], [ 78.3339746, 17.4934761 ], [ 78.3339726, 17.4934217 ], [ 78.3339666, 17.4933635 ], [ 78.3339619, 17.4933316 ], [ 78.3339706, 17.4932932 ], [ 78.3340008, 17.4932657 ], [ 78.3340745, 17.4932305 ], [ 78.3341698, 17.4931998 ], [ 78.3342241, 17.4931806 ], [ 78.3342636, 17.4931493 ], [ 78.3342911, 17.4931013 ], [ 78.334328, 17.4930668 ], [ 78.3343689, 17.4930495 ], [ 78.334444, 17.4930112 ], [ 78.3346351, 17.4929338 ], [ 78.3347491, 17.4928973 ], [ 78.3348631, 17.4928794 ], [ 78.3349194, 17.4928685 ], [ 78.3349449, 17.4928481 ], [ 78.3349449, 17.4928295 ], [ 78.3349496, 17.4927963 ], [ 78.3349503, 17.492747 ], [ 78.3349523, 17.4926984 ], [ 78.3349624, 17.4926664 ], [ 78.3349919, 17.4926441 ], [ 78.3350261, 17.4926441 ], [ 78.3350515, 17.4926677 ], [ 78.3350616, 17.4927649 ], [ 78.3350743, 17.4928091 ], [ 78.3351032, 17.4929427 ], [ 78.3351689, 17.4931 ], [ 78.3352125, 17.4932625 ], [ 78.3352292, 17.4933687 ], [ 78.3352178, 17.493393 ], [ 78.3351803, 17.4934115 ], [ 78.3351307, 17.4934237 ], [ 78.3350623, 17.4934326 ], [ 78.3348142, 17.4934595 ] ] ] } },
{ "type": "Feature", "properties": { "cn": 98, "tags": { "natural": "wetland" } }, "geometry": { "type": "Polygon", "coordinates": [ [ [ 78.4101192, 17.4799193 ], [ 78.410317, 17.4798131 ], [ 78.4104685, 17.4797709 ], [ 78.4105289, 17.4797517 ], [ 78.4105933, 17.4797235 ], [ 78.4106885, 17.4796506 ], [ 78.4107354, 17.479602 ], [ 78.4107864, 17.4795675 ], [ 78.4108226, 17.4795624 ], [ 78.4108655, 17.479579 ], [ 78.4108977, 17.4796135 ], [ 78.410946, 17.4797146 ], [ 78.4110077, 17.4799141 ], [ 78.4110412, 17.4800651 ], [ 78.4110546, 17.4801342 ], [ 78.4110653, 17.4801617 ], [ 78.4110868, 17.480193 ], [ 78.4111136, 17.480209 ], [ 78.4111445, 17.4802109 ], [ 78.4112122, 17.4801911 ], [ 78.4113, 17.480154 ], [ 78.4113879, 17.480138 ], [ 78.4114844, 17.4801406 ], [ 78.4115978, 17.4801399 ], [ 78.4117151, 17.4801227 ], [ 78.411807, 17.4800958 ], [ 78.4118707, 17.4800708 ], [ 78.4119605, 17.4800517 ], [ 78.4120604, 17.4800395 ], [ 78.4121288, 17.4800254 ], [ 78.4122106, 17.4800011 ], [ 78.4123146, 17.4799634 ], [ 78.4123575, 17.4799487 ], [ 78.4123917, 17.4799448 ], [ 78.4124245, 17.4799493 ], [ 78.4124614, 17.4799621 ], [ 78.4125231, 17.4799827 ], [ 78.4125213, 17.4799893 ], [ 78.4125213, 17.4799947 ], [ 78.4125221, 17.4800037 ], [ 78.4125258, 17.480013 ], [ 78.4125285, 17.4800224 ], [ 78.4125283, 17.4800282 ], [ 78.4125255, 17.4800314 ], [ 78.4125203, 17.4800329 ], [ 78.4125092, 17.4800341 ], [ 78.4124981, 17.4800341 ], [ 78.4124819, 17.4800328 ], [ 78.4124628, 17.4800382 ], [ 78.4124269, 17.4800475 ], [ 78.4123823, 17.48006 ], [ 78.4123387, 17.4800932 ], [ 78.4123038, 17.4801546 ], [ 78.4122737, 17.4801988 ], [ 78.4122241, 17.4802416 ], [ 78.4121597, 17.4802838 ], [ 78.412094, 17.4803228 ], [ 78.4120283, 17.4803395 ], [ 78.4119672, 17.4803484 ], [ 78.411878, 17.4803689 ], [ 78.4118177, 17.4803836 ], [ 78.4116997, 17.4804073 ], [ 78.411648, 17.4804162 ], [ 78.4116192, 17.4804213 ], [ 78.4115984, 17.4804085 ], [ 78.4115797, 17.4803702 ], [ 78.4115434, 17.4803401 ], [ 78.4115139, 17.4803337 ], [ 78.411471, 17.4803401 ], [ 78.4114288, 17.4803555 ], [ 78.4113798, 17.4803769 ], [ 78.4113456, 17.4803842 ], [ 78.4113282, 17.4803798 ], [ 78.4113124, 17.480366 ], [ 78.4113004, 17.4803446 ], [ 78.4112863, 17.4803171 ], [ 78.4112692, 17.4803062 ], [ 78.4112531, 17.4803065 ], [ 78.4112253, 17.4803123 ], [ 78.4111723, 17.4803187 ], [ 78.4110948, 17.4803312 ], [ 78.4110583, 17.4803395 ], [ 78.4110291, 17.4803395 ], [ 78.4109815, 17.4803363 ], [ 78.4109488, 17.4803273 ], [ 78.4109408, 17.4803222 ], [ 78.4109319, 17.4803156 ], [ 78.4109277, 17.4803016 ], [ 78.4109284, 17.4802904 ], [ 78.4109347, 17.480273 ], [ 78.4109401, 17.4802645 ], [ 78.4109517, 17.4802555 ], [ 78.4109649, 17.4802509 ], [ 78.4110045, 17.4802493 ], [ 78.4110145, 17.4802469 ], [ 78.4110192, 17.4802427 ], [ 78.4110221, 17.4802387 ], [ 78.4110218, 17.4802243 ], [ 78.411013, 17.4802039 ], [ 78.4109936, 17.4801713 ], [ 78.4109661, 17.4801457 ], [ 78.4109366, 17.4801316 ], [ 78.4108883, 17.4801271 ], [ 78.4108628, 17.4801227 ], [ 78.4107911, 17.4801246 ], [ 78.4107146, 17.4801252 ], [ 78.4106114, 17.4801182 ], [ 78.4104967, 17.4801137 ], [ 78.4104424, 17.4801073 ], [ 78.4104069, 17.4800881 ], [ 78.4103888, 17.4800561 ], [ 78.410378, 17.4800107 ], [ 78.4103619, 17.4799634 ], [ 78.410317, 17.4799333 ], [ 78.4102473, 17.4799199 ], [ 78.4101789, 17.4799193 ], [ 78.4101192, 17.4799193 ] ] ] } },
{ "type": "Feature", "properties": { "cn": 98, "tags": { "name": "kothaguda lake", "name:te": "కొత్తగూడ చెరువు", "natural": "water" } }, "geometry": { "type": "Polygon", "coordinates": [ [ [ 78.3588655, 17.4600065 ], [ 78.3588481, 17.4598952 ], [ 78.3588709, 17.4598377 ], [ 78.3588414, 17.4597929 ], [ 78.3587676, 17.4597468 ], [ 78.3586912, 17.4596854 ], [ 78.3586214, 17.459624 ], [ 78.3585638, 17.4595754 ], [ 78.3585437, 17.4595306 ], [ 78.3585785, 17.4594731 ], [ 78.3587086, 17.4594462 ], [ 78.3589929, 17.4593989 ], [ 78.3590667, 17.4593886 ], [ 78.3591136, 17.4593349 ], [ 78.3591458, 17.4591673 ], [ 78.3591525, 17.4589562 ], [ 78.3590935, 17.4588296 ], [ 78.3590265, 17.4587899 ], [ 78.3588964, 17.4587272 ], [ 78.3588307, 17.4586581 ], [ 78.3587918, 17.4585315 ], [ 78.3587985, 17.4584496 ], [ 78.3588213, 17.4583844 ], [ 78.3589205, 17.458305 ], [ 78.3590493, 17.4582206 ], [ 78.3592156, 17.4581374 ], [ 78.3594342, 17.4580197 ], [ 78.3596756, 17.4578701 ], [ 78.3598606, 17.4577485 ], [ 78.3599813, 17.4576718 ], [ 78.3600444, 17.4576411 ], [ 78.3601007, 17.45765 ], [ 78.3601731, 17.4577037 ], [ 78.3602107, 17.4577818 ], [ 78.3602174, 17.4579097 ], [ 78.3602093, 17.4582027 ], [ 78.3601302, 17.4585558 ], [ 78.3600765, 17.4587477 ], [ 78.3599988, 17.4588884 ], [ 78.359862, 17.4590496 ], [ 78.3597118, 17.4591622 ], [ 78.3595254, 17.459372 ], [ 78.3594596, 17.4595767 ], [ 78.3594288, 17.4598492 ], [ 78.3594087, 17.459972 ], [ 78.3593671, 17.4601281 ], [ 78.3592692, 17.4602279 ], [ 78.3591337, 17.4602957 ], [ 78.3590493, 17.4603148 ], [ 78.3589715, 17.4602841 ], [ 78.3589138, 17.4602304 ], [ 78.3588655, 17.4600065 ] ] ] } },
{ "type": "Feature", "properties": { "cn": 98, "tags": { "golf": "lateral_water_hazard", "name": "Chintal Cheruvu", "natural": "water" } }, "geometry": { "type": "Polygon", "coordinates": [ [ [ 78.3479449, 17.4297725 ], [ 78.3478993, 17.4298224 ], [ 78.3478403, 17.4298403 ], [ 78.3477746, 17.4298071 ], [ 78.347678, 17.4297201 ], [ 78.3475788, 17.4296036 ], [ 78.3475225, 17.4295742 ], [ 78.3474809, 17.4295563 ], [ 78.347438, 17.4295064 ], [ 78.3473857, 17.4293656 ], [ 78.3473924, 17.4292786 ], [ 78.3474554, 17.4291584 ], [ 78.3475493, 17.4290304 ], [ 78.3476378, 17.428937 ], [ 78.3477169, 17.4288999 ], [ 78.348012, 17.4288103 ], [ 78.3481354, 17.4288026 ], [ 78.3483915, 17.4287886 ], [ 78.348657, 17.4287553 ], [ 78.3488274, 17.4287707 ], [ 78.3490098, 17.4288129 ], [ 78.3493115, 17.4288845 ], [ 78.3494912, 17.428914 ], [ 78.3497192, 17.4289562 ], [ 78.349809, 17.4290022 ], [ 78.3499043, 17.4290918 ], [ 78.3498962, 17.4291507 ], [ 78.3498453, 17.4292249 ], [ 78.3497956, 17.429294 ], [ 78.3497621, 17.4293516 ], [ 78.3497648, 17.4294411 ], [ 78.3498292, 17.4296036 ], [ 78.3498466, 17.4297277 ], [ 78.3498372, 17.4298224 ], [ 78.3498064, 17.4298749 ], [ 78.3497286, 17.4299184 ], [ 78.349577, 17.4300233 ], [ 78.3494577, 17.4300834 ], [ 78.3493651, 17.4301282 ], [ 78.3492257, 17.4302076 ], [ 78.3490889, 17.4302562 ], [ 78.3489025, 17.4303112 ], [ 78.3488274, 17.4303112 ], [ 78.3487496, 17.4302677 ], [ 78.348657, 17.4301871 ], [ 78.3485591, 17.430118 ], [ 78.3483955, 17.42999 ], [ 78.3482829, 17.429871 ], [ 78.3482333, 17.4297661 ], [ 78.3481863, 17.4297316 ], [ 78.3481085, 17.4297124 ], [ 78.3480361, 17.4297303 ], [ 78.3479449, 17.4297725 ] ] ] } },
{ "type": "Feature", "properties": { "cn": 98, "tags": { "natural": "water" } }, "geometry": { "type": "Polygon", "coordinates": [ [ [ 78.3757688, 17.4586249 ], [ 78.3763552, 17.4587286 ], [ 78.3767452, 17.4585772 ], [ 78.3771283, 17.4585613 ], [ 78.3770612, 17.4581349 ], [ 78.3762708, 17.458552 ], [ 78.3756307, 17.4584381 ], [ 78.3755495, 17.4584649 ], [ 78.3754858, 17.4585129 ], [ 78.375455, 17.458575 ], [ 78.3754389, 17.4586524 ], [ 78.3754241, 17.4587055 ], [ 78.3754107, 17.4587451 ], [ 78.3753943, 17.4588433 ], [ 78.3753963, 17.4588756 ], [ 78.3754054, 17.4588913 ], [ 78.3754198, 17.4588974 ], [ 78.3754446, 17.458897 ], [ 78.375461, 17.4588794 ], [ 78.3754805, 17.4588385 ], [ 78.3754992, 17.4588001 ], [ 78.3755395, 17.4587502 ], [ 78.3755777, 17.4587106 ], [ 78.3756481, 17.4586645 ], [ 78.3757125, 17.4586453 ], [ 78.3757688, 17.4586249 ] ] ] } },
{ "type": "Feature", "properties": { "cn": 98, "tags": { "natural": "water" } }, "geometry": { "type": "Polygon", "coordinates": [ [ [ 78.3202444, 17.4909186 ], [ 78.3202149, 17.4908098 ], [ 78.3202223, 17.4907695 ], [ 78.3202484, 17.490751 ], [ 78.3202873, 17.4907491 ], [ 78.3203249, 17.4907823 ], [ 78.3203524, 17.4908079 ], [ 78.3204006, 17.4908552 ], [ 78.3204234, 17.490893 ], [ 78.3204301, 17.4909374 ], [ 78.3204234, 17.4909806 ], [ 78.320404, 17.4910065 ], [ 78.3203809, 17.491043 ], [ 78.3203752, 17.4910679 ], [ 78.3203685, 17.4911008 ], [ 78.3203671, 17.4911386 ], [ 78.3203557, 17.4911686 ], [ 78.3203463, 17.4911776 ], [ 78.3203249, 17.4911731 ], [ 78.3203162, 17.491159 ], [ 78.3202994, 17.4911111 ], [ 78.3202726, 17.4910081 ], [ 78.3202444, 17.4909186 ] ] ] } },
{ "type": "Feature", "properties": { "cn": 98, "tags": { "natural": "water" } }, "geometry": { "type": "Polygon", "coordinates": [ [ [ 78.3688883, 17.4811703 ], [ 78.3690123, 17.4811409 ], [ 78.369066, 17.481123 ], [ 78.3690928, 17.4810871 ], [ 78.3691022, 17.4810411 ], [ 78.3691169, 17.4809656 ], [ 78.3691384, 17.4809503 ], [ 78.3691813, 17.480958 ], [ 78.369251, 17.4809938 ], [ 78.3693114, 17.4810168 ], [ 78.3693624, 17.4810257 ], [ 78.3693972, 17.4810206 ], [ 78.3694522, 17.4810373 ], [ 78.3694898, 17.4810935 ], [ 78.36953, 17.4812087 ], [ 78.36953, 17.481288 ], [ 78.3695219, 17.4813161 ], [ 78.3694763, 17.4813519 ], [ 78.3693865, 17.481375 ], [ 78.3693087, 17.4813826 ], [ 78.3692081, 17.4813673 ], [ 78.3691424, 17.4813302 ], [ 78.3690807, 17.4812841 ], [ 78.3689855, 17.4812445 ], [ 78.3688896, 17.4812323 ], [ 78.3688655, 17.4812195 ], [ 78.3688554, 17.4812036 ], [ 78.3688601, 17.4811831 ], [ 78.3688883, 17.4811703 ] ] ] } },
{ "type": "Feature", "properties": { "cn": 98, "tags": { "natural": "water" } }, "geometry": { "type": "Polygon", "coordinates": [ [ [ 78.4052966, 17.4548738 ], [ 78.4052889, 17.4548297 ], [ 78.4053066, 17.4548028 ], [ 78.4053522, 17.4547868 ], [ 78.4053905, 17.4547996 ], [ 78.4054957, 17.4548834 ], [ 78.4057358, 17.4550523 ], [ 78.4058686, 17.4551463 ], [ 78.4059457, 17.4552046 ], [ 78.4060885, 17.4552794 ], [ 78.4061348, 17.455305 ], [ 78.4061482, 17.4553338 ], [ 78.4061401, 17.4553805 ], [ 78.4060912, 17.4554655 ], [ 78.406055, 17.4555167 ], [ 78.4060422, 17.4555692 ], [ 78.4060392, 17.455629 ], [ 78.4060251, 17.4556539 ], [ 78.405998, 17.4556651 ], [ 78.405949, 17.4556638 ], [ 78.4058914, 17.4556568 ], [ 78.4058665, 17.4556376 ], [ 78.4058464, 17.4555813 ], [ 78.4058136, 17.4555538 ], [ 78.4057579, 17.4555519 ], [ 78.4056775, 17.4555551 ], [ 78.4055152, 17.4555711 ], [ 78.4054635, 17.4555628 ], [ 78.4054119, 17.4555282 ], [ 78.4054086, 17.4554534 ], [ 78.4054126, 17.455369 ], [ 78.4054247, 17.4552078 ], [ 78.4054273, 17.4550965 ], [ 78.4054076, 17.4550075 ], [ 78.4053683, 17.4549573 ], [ 78.4052966, 17.4548738 ] ] ] } },
{ "type": "Feature", "properties": { "cn": 98, "tags": { "natural": "water", "water": "lake" } }, "geometry": { "type": "Polygon", "coordinates": [ [ [ 78.4123655, 17.5101533 ], [ 78.4123233, 17.510136 ], [ 78.412267, 17.5101539 ], [ 78.4122133, 17.5101411 ], [ 78.4121677, 17.510113 ], [ 78.4121811, 17.5100593 ], [ 78.412275, 17.5099262 ], [ 78.4124011, 17.5098265 ], [ 78.4124762, 17.5097421 ], [ 78.4126049, 17.509563 ], [ 78.4126425, 17.5095221 ], [ 78.4127086, 17.5094872 ], [ 78.4127444, 17.5094684 ], [ 78.412908, 17.5094223 ], [ 78.4131816, 17.5093661 ], [ 78.4132352, 17.5093482 ], [ 78.4133479, 17.5093302 ], [ 78.413482, 17.5093251 ], [ 78.4136617, 17.5093533 ], [ 78.4137717, 17.509407 ], [ 78.4140828, 17.5095042 ], [ 78.4141365, 17.5095144 ], [ 78.4141928, 17.5095144 ], [ 78.4142438, 17.509494 ], [ 78.4143484, 17.5094351 ], [ 78.4145254, 17.5092919 ], [ 78.4145629, 17.5092535 ], [ 78.4145924, 17.5092458 ], [ 78.4146756, 17.5091793 ], [ 78.4148231, 17.5090975 ], [ 78.414925, 17.5090668 ], [ 78.4150296, 17.5091192 ], [ 78.4151316, 17.5092548 ], [ 78.4151745, 17.5093724 ], [ 78.4152, 17.5094607 ], [ 78.415212, 17.5095477 ], [ 78.4152308, 17.5096577 ], [ 78.4152549, 17.5098316 ], [ 78.4152603, 17.5101053 ], [ 78.4152898, 17.5104481 ], [ 78.4153005, 17.5104992 ], [ 78.4153676, 17.510645 ], [ 78.4154507, 17.5107883 ], [ 78.4154856, 17.5108266 ], [ 78.4155312, 17.5108599 ], [ 78.4156948, 17.5109085 ], [ 78.4159208, 17.5109564 ], [ 78.4160931, 17.5109622 ], [ 78.416407, 17.5110799 ], [ 78.4166175, 17.5111911 ], [ 78.4167422, 17.5112474 ], [ 78.4168375, 17.5112934 ], [ 78.4169166, 17.5113203 ], [ 78.4170037, 17.5113523 ], [ 78.4170936, 17.5113945 ], [ 78.4172237, 17.5114712 ], [ 78.417272, 17.5114968 ], [ 78.417331, 17.5115147 ], [ 78.4174383, 17.5115301 ], [ 78.4177253, 17.5115301 ], [ 78.4178969, 17.5114942 ], [ 78.4179452, 17.5115173 ], [ 78.4179908, 17.5115454 ], [ 78.4180176, 17.5115889 ], [ 78.4180391, 17.5116375 ], [ 78.418133, 17.5118984 ], [ 78.4181893, 17.5120007 ], [ 78.4183019, 17.5121849 ], [ 78.4183395, 17.5122284 ], [ 78.4183878, 17.5122591 ], [ 78.4184253, 17.5122974 ], [ 78.4185272, 17.5123486 ], [ 78.4187391, 17.5124023 ], [ 78.4188491, 17.5124023 ], [ 78.4189591, 17.5123895 ], [ 78.419179, 17.5123486 ], [ 78.4193426, 17.512346 ], [ 78.4193936, 17.5123511 ], [ 78.4194446, 17.5123716 ], [ 78.4195384, 17.5124381 ], [ 78.4195465, 17.5124918 ], [ 78.4195143, 17.5125353 ], [ 78.4194741, 17.5125737 ], [ 78.4193748, 17.5126248 ], [ 78.4193158, 17.5126427 ], [ 78.4191388, 17.5126683 ], [ 78.4190261, 17.5126939 ], [ 78.4187552, 17.5127988 ], [ 78.4185246, 17.5128653 ], [ 78.4181812, 17.5129164 ], [ 78.418082, 17.5129676 ], [ 78.4179452, 17.5130801 ], [ 78.4178942, 17.5131108 ], [ 78.4177896, 17.5131594 ], [ 78.4176743, 17.5131876 ], [ 78.417618, 17.5131901 ], [ 78.4173363, 17.5131108 ], [ 78.4169957, 17.5130725 ], [ 78.416883, 17.5130674 ], [ 78.4168294, 17.5130546 ], [ 78.4167784, 17.5130315 ], [ 78.4167516, 17.5129829 ], [ 78.4167355, 17.5129318 ], [ 78.4167114, 17.5127706 ], [ 78.416706, 17.5125634 ], [ 78.4166846, 17.5124586 ], [ 78.4166604, 17.5124125 ], [ 78.4166068, 17.5123921 ], [ 78.4165505, 17.5123895 ], [ 78.4164968, 17.5123921 ], [ 78.4164673, 17.5124381 ], [ 78.4164298, 17.5125379 ], [ 78.4163815, 17.5126351 ], [ 78.4163627, 17.5127374 ], [ 78.4163573, 17.5129497 ], [ 78.4163305, 17.5130008 ], [ 78.4162554, 17.5130776 ], [ 78.4162071, 17.5131006 ], [ 78.4161052, 17.513139 ], [ 78.4160516, 17.5131466 ], [ 78.4159979, 17.5131441 ], [ 78.4158987, 17.513098 ], [ 78.4158638, 17.5130546 ], [ 78.4158102, 17.5129036 ], [ 78.4157968, 17.5126862 ], [ 78.4157753, 17.5126376 ], [ 78.4157082, 17.5125455 ], [ 78.4156707, 17.5125046 ], [ 78.415617, 17.5124867 ], [ 78.4155044, 17.5124611 ], [ 78.4154454, 17.5124586 ], [ 78.4154078, 17.5125021 ], [ 78.4153917, 17.5125532 ], [ 78.4153837, 17.5126606 ], [ 78.4154373, 17.512763 ], [ 78.4154776, 17.5128116 ], [ 78.4155607, 17.5128883 ], [ 78.4155956, 17.5129369 ], [ 78.4156278, 17.5130469 ], [ 78.4156412, 17.5131543 ], [ 78.4156412, 17.513208 ], [ 78.4156224, 17.5132643 ], [ 78.4155875, 17.5133078 ], [ 78.4155473, 17.5134076 ], [ 78.4155366, 17.5134587 ], [ 78.4155339, 17.5135661 ], [ 78.4155607, 17.5136096 ], [ 78.4156144, 17.5136224 ], [ 78.415727, 17.5136199 ], [ 78.4157672, 17.5136429 ], [ 78.415786, 17.5136915 ], [ 78.4157887, 17.5140189 ], [ 78.4157979, 17.5140661 ], [ 78.4157632, 17.5141455 ], [ 78.4157471, 17.5142325 ], [ 78.4157552, 17.5143143 ], [ 78.4157686, 17.5143668 ], [ 78.4158061, 17.514432 ], [ 78.4158558, 17.5145317 ], [ 78.415888, 17.5145931 ], [ 78.4159282, 17.5146628 ], [ 78.4159711, 17.5148105 ], [ 78.4159765, 17.5148873 ], [ 78.4159389, 17.5149717 ], [ 78.415888, 17.5150241 ], [ 78.4158303, 17.5150766 ], [ 78.4157485, 17.5152351 ], [ 78.4157002, 17.5153541 ], [ 78.4156358, 17.5154142 ], [ 78.4155808, 17.5154283 ], [ 78.4155044, 17.5154257 ], [ 78.4154481, 17.5154155 ], [ 78.4153649, 17.5153733 ], [ 78.4153461, 17.515308 ], [ 78.4153622, 17.5152313 ], [ 78.4153824, 17.5150663 ], [ 78.4153837, 17.5149627 ], [ 78.4153703, 17.5148579 ], [ 78.4153864, 17.5147735 ], [ 78.4154266, 17.5147274 ], [ 78.4155178, 17.5146021 ], [ 78.4155178, 17.5145509 ], [ 78.4155017, 17.5144742 ], [ 78.4154521, 17.5144448 ], [ 78.4153844, 17.5144128 ], [ 78.4153005, 17.5143623 ], [ 78.4152335, 17.5142868 ], [ 78.4151832, 17.5142043 ], [ 78.4151034, 17.5141238 ], [ 78.4149519, 17.5139728 ], [ 78.4149143, 17.513868 ], [ 78.4147963, 17.5136838 ], [ 78.4146863, 17.5135764 ], [ 78.4146166, 17.5134868 ], [ 78.4145978, 17.5134331 ], [ 78.4145978, 17.5133794 ], [ 78.4146246, 17.5133359 ], [ 78.4147668, 17.5132541 ], [ 78.4147882, 17.5132106 ], [ 78.4147963, 17.5131057 ], [ 78.4147426, 17.5130878 ], [ 78.4146863, 17.5131006 ], [ 78.414638, 17.5131236 ], [ 78.4145978, 17.5131594 ], [ 78.414453, 17.513249 ], [ 78.4143993, 17.5132669 ], [ 78.414343, 17.5132694 ], [ 78.414233, 17.5132464 ], [ 78.4141821, 17.5132208 ], [ 78.4141499, 17.5131773 ], [ 78.4141365, 17.5131262 ], [ 78.4141418, 17.5130725 ], [ 78.4141606, 17.5130213 ], [ 78.4142894, 17.5128525 ], [ 78.4143993, 17.5126274 ], [ 78.414453, 17.5125379 ], [ 78.4145495, 17.5124023 ], [ 78.4145898, 17.5123051 ], [ 78.4145924, 17.5122514 ], [ 78.414571, 17.5122028 ], [ 78.4145334, 17.5121593 ], [ 78.4145147, 17.5121107 ], [ 78.4145066, 17.5120595 ], [ 78.4144852, 17.5120135 ], [ 78.4144181, 17.5119265 ], [ 78.414335, 17.5118524 ], [ 78.4142411, 17.5117884 ], [ 78.4141847, 17.5117679 ], [ 78.4140694, 17.5117526 ], [ 78.4140238, 17.5117807 ], [ 78.4139138, 17.5119189 ], [ 78.4138414, 17.5121312 ], [ 78.4138012, 17.5121977 ], [ 78.4137207, 17.5123051 ], [ 78.4136429, 17.512387 ], [ 78.413592, 17.5124816 ], [ 78.4135625, 17.5125865 ], [ 78.4135088, 17.5126069 ], [ 78.4134606, 17.5126402 ], [ 78.4132862, 17.5126581 ], [ 78.4132299, 17.5126427 ], [ 78.4131789, 17.5126172 ], [ 78.4131333, 17.5125839 ], [ 78.4130958, 17.5125404 ], [ 78.4130797, 17.5124918 ], [ 78.4130904, 17.5124407 ], [ 78.4132192, 17.5123307 ], [ 78.4132808, 17.5122463 ], [ 78.4132916, 17.5121951 ], [ 78.4132835, 17.5120928 ], [ 78.4132835, 17.5118344 ], [ 78.4132728, 17.5117833 ], [ 78.4132326, 17.511681 ], [ 78.4131896, 17.5116477 ], [ 78.4131628, 17.5115991 ], [ 78.4130636, 17.511461 ], [ 78.4130207, 17.5114252 ], [ 78.4129643, 17.5114022 ], [ 78.412908, 17.5113919 ], [ 78.4127498, 17.511328 ], [ 78.4126532, 17.5112743 ], [ 78.4125727, 17.511195 ], [ 78.4125137, 17.5110645 ], [ 78.4124386, 17.5109827 ], [ 78.4123743, 17.5108957 ], [ 78.4123448, 17.5107959 ], [ 78.4123394, 17.5107422 ], [ 78.4123448, 17.5106911 ], [ 78.4124172, 17.5106092 ], [ 78.4125218, 17.5105887 ], [ 78.4125701, 17.5105632 ], [ 78.4125674, 17.510512 ], [ 78.4125513, 17.5104583 ], [ 78.4124735, 17.5103176 ], [ 78.412385, 17.5101795 ], [ 78.4123655, 17.5101533 ] ] ] } },
{ "type": "Feature", "properties": { "cn": 70, "tags": { "landuse": "forest", "leisure": "park" } }, "geometry": { "type": "Polygon", "coordinates": [ [ [ 78.3555565, 17.4599592 ], [ 78.3559429, 17.4604401 ], [ 78.3565244, 17.4611317 ], [ 78.3572161, 17.461876 ], [ 78.3578091, 17.4625877 ], [ 78.3605733, 17.4621223 ], [ 78.3607594, 17.4616255 ], [ 78.3611161, 17.4611293 ], [ 78.3618339, 17.4608366 ], [ 78.3617632, 17.4606371 ], [ 78.3616843, 17.4604147 ], [ 78.3613806, 17.4604264 ], [ 78.3607981, 17.4605925 ], [ 78.3601677, 17.4606257 ], [ 78.3593845, 17.4605055 ], [ 78.359414, 17.460178 ], [ 78.3595991, 17.4594922 ], [ 78.3600819, 17.4590368 ], [ 78.3602631, 17.4582539 ], [ 78.3602681, 17.457814 ], [ 78.3601421, 17.4575179 ], [ 78.3555565, 17.4599592 ] ] ] } },
{ "type": "Feature", "properties": { "cn": 98, "tags": { "name": "sigma lake", "natural": "water", "water": "lake" } }, "geometry": { "type": "Polygon", "coordinates": [ [ [ 78.3428025, 17.4580651 ], [ 78.3425386, 17.4567614 ], [ 78.3447783, 17.4564783 ], [ 78.3450684, 17.4577589 ], [ 78.3450144, 17.4578297 ], [ 78.3428025, 17.4580651 ] ] ] } },
{ "type": "Feature", "properties": { "cn": 65, "tags": { "access": "permit", "leisure": "playground", "name": "Mahmood Football Coaching Centre" } }, "geometry": { "type": "Polygon", "coordinates": [ [ [ 78.4288289, 17.435971 ], [ 78.4291212, 17.4358733 ], [ 78.4290212, 17.4356012 ], [ 78.4287289, 17.4356989 ], [ 78.4288289, 17.435971 ] ] ] } },
{ "type": "Feature", "properties": { "cn": 82, "tags": { "landuse": "residential" } }, "geometry": { "type": "Polygon", "coordinates": [ [ [ 78.3871808, 17.447399 ], [ 78.3871689, 17.4475916 ], [ 78.3872016, 17.4476322 ], [ 78.387348, 17.4476409 ], [ 78.387362, 17.4474081 ], [ 78.3871808, 17.447399 ] ] ] } },
{ "type": "Feature", "properties": { "cn": 65, "tags": { "landuse": "grass", "name": "Gachibowli Circle" } }, "geometry": { "type": "Polygon", "coordinates": [ [ [ 78.363661, 17.4385881 ], [ 78.3636379, 17.4386104 ], [ 78.3636223, 17.4386381 ], [ 78.3636155, 17.4386689 ], [ 78.3636182, 17.4387002 ], [ 78.3636299, 17.4387296 ], [ 78.3636498, 17.4387546 ], [ 78.3636764, 17.4387732 ], [ 78.3637073, 17.438784 ], [ 78.3637401, 17.438786 ], [ 78.3637723, 17.438779 ], [ 78.3638011, 17.4387638 ], [ 78.3638242, 17.4387414 ], [ 78.3638398, 17.4387137 ], [ 78.3638466, 17.438683 ], [ 78.3638439, 17.4386516 ], [ 78.3638321, 17.4386222 ], [ 78.3638122, 17.4385973 ], [ 78.3637857, 17.4385786 ], [ 78.3637548, 17.4385679 ], [ 78.3637219, 17.4385658 ], [ 78.3636897, 17.4385728 ], [ 78.363661, 17.4385881 ] ] ] } },
{ "type": "Feature", "properties": { "cn": 98, "tags": { "name": "Patel Cheruvu", "name:te": "పటేల్ చెరువు", "natural": "water", "water": "lake" } }, "geometry": { "type": "Polygon", "coordinates": [ [ [ 78.352256, 17.49749 ], [ 78.3521806, 17.4971822 ], [ 78.3521537, 17.4970237 ], [ 78.3521871, 17.4969114 ], [ 78.3520889, 17.4966859 ], [ 78.3521801, 17.4965606 ], [ 78.3524592, 17.496471 ], [ 78.3525799, 17.4967322 ], [ 78.3529012, 17.4965867 ], [ 78.3529881, 17.4964365 ], [ 78.3529692, 17.4963661 ], [ 78.3530866, 17.4962408 ], [ 78.3540215, 17.4958691 ], [ 78.3539817, 17.4957034 ], [ 78.3531246, 17.4956088 ], [ 78.3531074, 17.4952928 ], [ 78.3531323, 17.4950506 ], [ 78.3531278, 17.4949166 ], [ 78.3530894, 17.4947341 ], [ 78.3526411, 17.4946184 ], [ 78.3525411, 17.4945749 ], [ 78.3524755, 17.4945617 ], [ 78.3522581, 17.4945183 ], [ 78.3521184, 17.4944904 ], [ 78.3518566, 17.494438 ], [ 78.351751, 17.4951817 ], [ 78.3516973, 17.4951894 ], [ 78.3513245, 17.4950845 ], [ 78.3509919, 17.4951229 ], [ 78.350729, 17.4950334 ], [ 78.3506476, 17.4948882 ], [ 78.3504723, 17.4948518 ], [ 78.3503573, 17.4947387 ], [ 78.3503489, 17.4945758 ], [ 78.3502452, 17.4943817 ], [ 78.3500093, 17.4942853 ], [ 78.3495823, 17.4943318 ], [ 78.3494056, 17.4950844 ], [ 78.3491503, 17.495762 ], [ 78.3490102, 17.4960102 ], [ 78.3491573, 17.496049 ], [ 78.3490473, 17.4960771 ], [ 78.3490956, 17.4961615 ], [ 78.3491653, 17.4961513 ], [ 78.3492056, 17.4961871 ], [ 78.3491975, 17.4963431 ], [ 78.3492619, 17.4964838 ], [ 78.3491948, 17.4965734 ], [ 78.3492887, 17.4967601 ], [ 78.3492404, 17.4969596 ], [ 78.3493021, 17.4972436 ], [ 78.3494604, 17.4973715 ], [ 78.3500826, 17.4973485 ], [ 78.3501202, 17.4973868 ], [ 78.3501819, 17.4974687 ], [ 78.3501443, 17.497571 ], [ 78.3501577, 17.4977731 ], [ 78.3502784, 17.4978754 ], [ 78.3504647, 17.4984714 ], [ 78.3506839, 17.4986786 ], [ 78.3508202, 17.4988219 ], [ 78.3507626, 17.4989559 ], [ 78.3508186, 17.4992842 ], [ 78.3509331, 17.4994461 ], [ 78.351024, 17.499572 ], [ 78.3511152, 17.4997336 ], [ 78.3511933, 17.4999049 ], [ 78.3513822, 17.5002194 ], [ 78.351574, 17.5000403 ], [ 78.3523601, 17.4997667 ], [ 78.3524108, 17.499528 ], [ 78.3525012, 17.4994565 ], [ 78.3525504, 17.499338 ], [ 78.3524848, 17.4991861 ], [ 78.3524711, 17.4990185 ], [ 78.3523792, 17.4988112 ], [ 78.3522346, 17.4985463 ], [ 78.3518946, 17.4986199 ], [ 78.3518019, 17.4983308 ], [ 78.3516517, 17.4981082 ], [ 78.3516598, 17.4979036 ], [ 78.3517886, 17.4976474 ], [ 78.3518586, 17.4975332 ], [ 78.352256, 17.49749 ] ] ] } },
{ "type": "Feature", "properties": { "cn": 98, "tags": { "intermittent": "no", "name": "Hafeezpet Cheruvu", "natural": "water", "salt": "no", "water": "pond" } }, "geometry": { "type": "Polygon", "coordinates": [ [ [ 78.3602858, 17.491845 ], [ 78.3605604, 17.4919567 ], [ 78.3608531, 17.4919047 ], [ 78.3610163, 17.4918725 ], [ 78.361031, 17.4917677 ], [ 78.3610684, 17.4917255 ], [ 78.3610937, 17.4915876 ], [ 78.3610532, 17.4914061 ], [ 78.3610676, 17.4911904 ], [ 78.3611862, 17.4910171 ], [ 78.3612427, 17.4906205 ], [ 78.3612911, 17.4905974 ], [ 78.3614082, 17.4906282 ], [ 78.3614688, 17.490555 ], [ 78.3615213, 17.4904434 ], [ 78.3615616, 17.4904588 ], [ 78.3616141, 17.4904434 ], [ 78.3616908, 17.4904549 ], [ 78.3616949, 17.4904126 ], [ 78.3617433, 17.490428 ], [ 78.3618604, 17.4903779 ], [ 78.3618483, 17.4903086 ], [ 78.3619492, 17.4902701 ], [ 78.3619735, 17.4902316 ], [ 78.3620461, 17.49022 ], [ 78.3621269, 17.4902046 ], [ 78.3621753, 17.4901815 ], [ 78.3622238, 17.4901892 ], [ 78.3623045, 17.4900929 ], [ 78.3623489, 17.4900082 ], [ 78.3623409, 17.4899351 ], [ 78.3623005, 17.4898889 ], [ 78.3623812, 17.4898388 ], [ 78.3623247, 17.4897964 ], [ 78.3623425, 17.4896353 ], [ 78.3620806, 17.4893186 ], [ 78.361945, 17.4893052 ], [ 78.3620152, 17.4889261 ], [ 78.3618982, 17.4888637 ], [ 78.3613932, 17.4888057 ], [ 78.361295, 17.4887789 ], [ 78.3612622, 17.4888057 ], [ 78.3609863, 17.4888503 ], [ 78.3602479, 17.4890491 ], [ 78.3597059, 17.4892164 ], [ 78.3597003, 17.4897364 ], [ 78.3598643, 17.4900697 ], [ 78.3599679, 17.490542 ], [ 78.3602987, 17.4904253 ], [ 78.3603823, 17.4904532 ], [ 78.3604479, 17.4907415 ], [ 78.3600757, 17.4908304 ], [ 78.3601259, 17.4916469 ], [ 78.3602858, 17.491845 ] ] ] } },
{ "type": "Feature", "properties": { "cn": 65, "tags": { "leisure": "pitch", "sport": "basketball" } }, "geometry": { "type": "Polygon", "coordinates": [ [ [ 78.3913726, 17.4497725 ], [ 78.3914674, 17.4497831 ], [ 78.3914901, 17.4495986 ], [ 78.3914417, 17.4495932 ], [ 78.3913953, 17.449588 ], [ 78.3913726, 17.4497725 ] ] ] } },
{ "type": "Feature", "properties": { "cn": 65, "tags": { "leisure": "playground" } }, "geometry": { "type": "Polygon", "coordinates": [ [ [ 78.3912383, 17.4497575 ], [ 78.3913726, 17.4497725 ], [ 78.3913953, 17.449588 ], [ 78.3914417, 17.4495932 ], [ 78.3914505, 17.4495214 ], [ 78.3912698, 17.4495012 ], [ 78.3912383, 17.4497575 ] ] ] } },
{ "type": "Feature", "properties": { "cn": 92, "tags": { "building": "yes", "leisure": "sports_centre", "name": "The Jump Zone" } }, "geometry": { "type": "Polygon", "coordinates": [ [ [ 78.387564, 17.4385319 ], [ 78.3877487, 17.438488 ], [ 78.387712, 17.4383474 ], [ 78.3875272, 17.4383912 ], [ 78.387564, 17.4385319 ] ] ] } },
{ "type": "Feature", "properties": { "cn": 92, "tags": { "landuse": "commercial" } }, "geometry": { "type": "Polygon", "coordinates": [ [ [ 78.3868595, 17.4408864 ], [ 78.3868958, 17.4410079 ], [ 78.3870727, 17.4409598 ], [ 78.3870364, 17.4408383 ], [ 78.3868595, 17.4408864 ] ] ] } },
{ "type": "Feature", "properties": { "cn": 92, "tags": { "leisure": "sports_centre", "name": "Bhaichung Bhutia Football Schools" } }, "geometry": { "type": "Polygon", "coordinates": [ [ [ 78.3861547, 17.4378908 ], [ 78.3862586, 17.4381711 ], [ 78.3864325, 17.4381124 ], [ 78.3863286, 17.4378321 ], [ 78.3861547, 17.4378908 ] ] ] } },
{ "type": "Feature", "properties": { "cn": 92, "tags": { "landuse": "commercial" } }, "geometry": { "type": "Polygon", "coordinates": [ [ [ 78.3966975, 17.4368408 ], [ 78.3968005, 17.437072 ], [ 78.3970527, 17.4369651 ], [ 78.3969457, 17.4367352 ], [ 78.3966975, 17.4368408 ] ] ] } },
{ "type": "Feature", "properties": { "cn": 82, "tags": { "landuse": "residential", "name": "DSR Fortune Prime" } }, "geometry": { "type": "Polygon", "coordinates": [ [ [ 78.3873184, 17.439512 ], [ 78.3874907, 17.4399925 ], [ 78.3875155, 17.4400104 ], [ 78.3875504, 17.4400104 ], [ 78.3875994, 17.4400104 ], [ 78.3876899, 17.4400264 ], [ 78.3877221, 17.4400411 ], [ 78.3877831, 17.4401262 ], [ 78.3879434, 17.4404473 ], [ 78.3885314, 17.4402906 ], [ 78.3884684, 17.4399797 ], [ 78.3891973, 17.4397513 ], [ 78.3889331, 17.4388883 ], [ 78.3889308, 17.4388597 ], [ 78.3883637, 17.4388058 ], [ 78.3878354, 17.438762 ], [ 78.3879957, 17.4392651 ], [ 78.3873184, 17.439512 ] ] ] } },
{ "type": "Feature", "properties": { "cn": 92, "tags": { "leisure": "sports_centre", "name": "ShootingStarsClub" } }, "geometry": { "type": "Polygon", "coordinates": [ [ [ 78.3865194, 17.4511158 ], [ 78.3865256, 17.4512905 ], [ 78.3868454, 17.4512803 ], [ 78.3868393, 17.4511056 ], [ 78.3865194, 17.4511158 ] ] ] } },
{ "type": "Feature", "properties": { "cn": 92, "tags": { "landuse": "commercial" } }, "geometry": { "type": "Polygon", "coordinates": [ [ [ 78.3945765, 17.4474067 ], [ 78.3946663, 17.4476372 ], [ 78.3949676, 17.4475302 ], [ 78.3948777, 17.4472998 ], [ 78.3945765, 17.4474067 ] ] ] } },
{ "type": "Feature", "properties": { "cn": 92, "tags": { "landuse": "commercial" } }, "geometry": { "type": "Polygon", "coordinates": [ [ [ 78.3941218, 17.4475745 ], [ 78.394191, 17.4477702 ], [ 78.3945132, 17.4476665 ], [ 78.394444, 17.4474708 ], [ 78.3941218, 17.4475745 ] ] ] } },
{ "type": "Feature", "properties": { "cn": 65, "tags": { "leisure": "park", "name": "Public Park" } }, "geometry": { "type": "Polygon", "coordinates": [ [ [ 78.3854195, 17.4388657 ], [ 78.3856132, 17.4394205 ], [ 78.3856313, 17.4394391 ], [ 78.3856501, 17.4394487 ], [ 78.3856722, 17.4394519 ], [ 78.3862527, 17.439273 ], [ 78.3862615, 17.4392663 ], [ 78.3862628, 17.4392562 ], [ 78.386258, 17.4392507 ], [ 78.3856522, 17.4388103 ], [ 78.3856273, 17.4387974 ], [ 78.3856058, 17.4387987 ], [ 78.3854195, 17.4388657 ] ] ] } },
{ "type": "Feature", "properties": { "cn": 82, "tags": { "landuse": "residential", "name": "Bollineni Homes" } }, "geometry": { "type": "Polygon", "coordinates": [ [ [ 78.388888, 17.4445361 ], [ 78.3889659, 17.4443588 ], [ 78.390985, 17.4447319 ], [ 78.3902082, 17.4460639 ], [ 78.389596, 17.4457573 ], [ 78.3892402, 17.4455791 ], [ 78.389539, 17.4449537 ], [ 78.3888346, 17.4446531 ], [ 78.388888, 17.4445361 ] ] ] } },
{ "type": "Feature", "properties": { "cn": 92, "tags": { "landuse": "commercial" } }, "geometry": { "type": "Polygon", "coordinates": [ [ [ 78.4015971, 17.4471005 ], [ 78.4009974, 17.4472671 ], [ 78.4010819, 17.4475434 ], [ 78.4016989, 17.4473681 ], [ 78.4015971, 17.4471005 ] ] ] } },
{ "type": "Feature", "properties": { "cn": 92, "tags": { "landuse": "commercial" } }, "geometry": { "type": "Polygon", "coordinates": [ [ [ 78.4010482, 17.4490327 ], [ 78.4012484, 17.4494265 ], [ 78.4013874, 17.4493644 ], [ 78.4013618, 17.449283 ], [ 78.401339, 17.4491864 ], [ 78.4013283, 17.4491167 ], [ 78.4013229, 17.4490578 ], [ 78.4013193, 17.4489188 ], [ 78.4010482, 17.4490327 ] ] ] } },
{ "type": "Feature", "properties": { "cn": 82, "tags": { "landuse": "residential" } }, "geometry": { "type": "Polygon", "coordinates": [ [ [ 78.400397, 17.4471559 ], [ 78.4005293, 17.4476304 ], [ 78.4009967, 17.4475436 ], [ 78.4008538, 17.4470409 ], [ 78.400397, 17.4471559 ] ] ] } },
{ "type": "Feature", "properties": { "cn": 82, "tags": { "landuse": "residential" } }, "geometry": { "type": "Polygon", "coordinates": [ [ [ 78.3988077, 17.4489592 ], [ 78.3985751, 17.4490656 ], [ 78.3986703, 17.449255 ], [ 78.3989029, 17.4491486 ], [ 78.3988077, 17.4489592 ] ] ] } },
{ "type": "Feature", "properties": { "cn": 92, "tags": { "landuse": "commercial" } }, "geometry": { "type": "Polygon", "coordinates": [ [ [ 78.3958542, 17.4510874 ], [ 78.3959756, 17.4513889 ], [ 78.396224, 17.4513613 ], [ 78.3960831, 17.4510071 ], [ 78.3958542, 17.4510874 ] ] ] } },
{ "type": "Feature", "properties": { "cn": 92, "tags": { "landuse": "commercial", "name": "Maruthi Suzuki True Value", "shop": "car" } }, "geometry": { "type": "Polygon", "coordinates": [ [ [ 78.3954781, 17.4512202 ], [ 78.3958542, 17.4510874 ], [ 78.3959756, 17.4513889 ], [ 78.3955355, 17.4514408 ], [ 78.3954781, 17.4512202 ] ] ] } },
{ "type": "Feature", "properties": { "cn": 82, "tags": { "landuse": "residential" } }, "geometry": { "type": "Polygon", "coordinates": [ [ [ 78.3987686, 17.4503789 ], [ 78.3987898, 17.4507309 ], [ 78.3995738, 17.4506794 ], [ 78.3993225, 17.4503544 ], [ 78.3987686, 17.4503789 ] ] ] } },
{ "type": "Feature", "properties": { "cn": 92, "tags": { "landuse": "commercial" } }, "geometry": { "type": "Polygon", "coordinates": [ [ [ 78.3948449, 17.4505851 ], [ 78.3948612, 17.4507451 ], [ 78.3950811, 17.4507248 ], [ 78.3950649, 17.4505648 ], [ 78.3948449, 17.4505851 ] ] ] } },
{ "type": "Feature", "properties": { "cn": 92, "tags": { "landuse": "industrial" } }, "geometry": { "type": "Polygon", "coordinates": [ [ [ 78.3918705, 17.4500813 ], [ 78.3921147, 17.4500938 ], [ 78.3921229, 17.4499474 ], [ 78.3918787, 17.4499349 ], [ 78.3918705, 17.4500813 ] ] ] } },
{ "type": "Feature", "properties": { "cn": 98, "tags": { "building": "yes", "leisure": "swimming_pool", "name": "Seasons Swimming Pool" } }, "geometry": { "type": "Polygon", "coordinates": [ [ [ 78.3879615, 17.4477285 ], [ 78.387884, 17.4478576 ], [ 78.38811, 17.447981 ], [ 78.3881874, 17.447852 ], [ 78.3879615, 17.4477285 ] ] ] } },
{ "type": "Feature", "properties": { "cn": 92, "tags": { "landuse": "commercial" } }, "geometry": { "type": "Polygon", "coordinates": [ [ [ 78.3953196, 17.4495106 ], [ 78.395678, 17.4493923 ], [ 78.3957757, 17.4496456 ], [ 78.3955239, 17.4497231 ], [ 78.3954152, 17.4497618 ], [ 78.3953196, 17.4495106 ] ] ] } },
{ "type": "Feature", "properties": { "cn": 92, "tags": { "landuse": "commercial", "name": "Premium Pre-Owned Cars", "shop": "car" } }, "geometry": { "type": "Polygon", "coordinates": [ [ [ 78.3959662, 17.4500765 ], [ 78.3956869, 17.4501754 ], [ 78.3958056, 17.4504882 ], [ 78.3961063, 17.4503868 ], [ 78.3959662, 17.4500765 ] ] ] } },
{ "type": "Feature", "properties": { "cn": 92, "tags": { "landuse": "commercial" } }, "geometry": { "type": "Polygon", "coordinates": [ [ [ 78.3955239, 17.4497231 ], [ 78.3957757, 17.4496456 ], [ 78.3959011, 17.4499252 ], [ 78.3956494, 17.4500026 ], [ 78.3955239, 17.4497231 ] ] ] } },
{ "type": "Feature", "properties": { "cn": 92, "tags": { "landuse": "commercial" } }, "geometry": { "type": "Polygon", "coordinates": [ [ [ 78.395309, 17.4491485 ], [ 78.3954154, 17.449412 ], [ 78.3956833, 17.4493136 ], [ 78.3955769, 17.44905 ], [ 78.395309, 17.4491485 ] ] ] } },
{ "type": "Feature", "properties": { "cn": 92, "tags": { "landuse": "commercial" } }, "geometry": { "type": "Polygon", "coordinates": [ [ [ 78.3953707, 17.4485341 ], [ 78.3955476, 17.4490126 ], [ 78.3952996, 17.4490961 ], [ 78.3951226, 17.4486176 ], [ 78.3953707, 17.4485341 ] ] ] } },
{ "type": "Feature", "properties": { "cn": 92, "tags": { "landuse": "commercial" } }, "geometry": { "type": "Polygon", "coordinates": [ [ [ 78.3937119, 17.4447522 ], [ 78.3939618, 17.4446773 ], [ 78.3940342, 17.4448969 ], [ 78.3937843, 17.4449719 ], [ 78.3937119, 17.4447522 ] ] ] } },
{ "type": "Feature", "properties": { "cn": 92, "tags": { "landuse": "commercial", "shop": "car" } }, "geometry": { "type": "Polygon", "coordinates": [ [ [ 78.3944812, 17.442163 ], [ 78.3945976, 17.4424512 ], [ 78.3947914, 17.4423735 ], [ 78.394901, 17.4426224 ], [ 78.3945885, 17.4427401 ], [ 78.3944651, 17.442781 ], [ 78.3941745, 17.442868 ], [ 78.3940947, 17.4426216 ], [ 78.3940715, 17.4426304 ], [ 78.3939676, 17.442355 ], [ 78.3944812, 17.442163 ] ] ] } },
{ "type": "Feature", "properties": { "cn": 92, "tags": { "landuse": "commercial", "shop": "car" } }, "geometry": { "type": "Polygon", "coordinates": [ [ [ 78.3954609, 17.4417024 ], [ 78.3949386, 17.4418848 ], [ 78.3952095, 17.4424951 ], [ 78.3957177, 17.4422833 ], [ 78.3956406, 17.4420601 ], [ 78.3956071, 17.4419737 ], [ 78.3954609, 17.4417024 ] ] ] } },
{ "type": "Feature", "properties": { "cn": 92, "tags": { "landuse": "commercial" } }, "geometry": { "type": "Polygon", "coordinates": [ [ [ 78.3953858, 17.4426937 ], [ 78.3956386, 17.4433369 ], [ 78.3961784, 17.4431604 ], [ 78.3958378, 17.4424944 ], [ 78.3953858, 17.4426937 ] ] ] } },
{ "type": "Feature", "properties": { "cn": 92, "tags": { "landuse": "commercial" } }, "geometry": { "type": "Polygon", "coordinates": [ [ [ 78.3948772, 17.4428743 ], [ 78.3950319, 17.4432723 ], [ 78.3952403, 17.4431985 ], [ 78.3950856, 17.4428006 ], [ 78.3948772, 17.4428743 ] ] ] } },
{ "type": "Feature", "properties": { "cn": 92, "tags": { "landuse": "commercial" } }, "geometry": { "type": "Polygon", "coordinates": [ [ [ 78.3942398, 17.4430945 ], [ 78.3946046, 17.4440925 ], [ 78.3940655, 17.4442626 ], [ 78.3937792, 17.4434112 ], [ 78.3937731, 17.4433837 ], [ 78.3937745, 17.4433536 ], [ 78.3937839, 17.4433312 ], [ 78.3937986, 17.4433095 ], [ 78.3939696, 17.4432109 ], [ 78.3940937, 17.4431521 ], [ 78.3942398, 17.4430945 ] ] ] } },
{ "type": "Feature", "properties": { "cn": 92, "tags": { "landuse": "commercial", "name": "Car Trade", "shop": "car" } }, "geometry": { "type": "Polygon", "coordinates": [ [ [ 78.3930919, 17.4437943 ], [ 78.3932434, 17.4441705 ], [ 78.3937329, 17.4439824 ], [ 78.3936015, 17.4436625 ], [ 78.3930919, 17.4437943 ] ] ] } },
{ "type": "Feature", "properties": { "cn": 82, "tags": { "landuse": "residential" } }, "geometry": { "type": "Polygon", "coordinates": [ [ [ 78.4031783, 17.4375276 ], [ 78.4037, 17.4377272 ], [ 78.4036678, 17.4379178 ], [ 78.4031032, 17.4377157 ], [ 78.4031783, 17.4375276 ] ] ] } },
{ "type": "Feature", "properties": { "cn": 65, "tags": { "natural": "tree_row" } }, "geometry": { "type": "Polygon", "coordinates": [ [ [ 78.4007415, 17.4396336 ], [ 78.4003593, 17.4393969 ], [ 78.4007657, 17.4389043 ], [ 78.4007415, 17.4396336 ] ] ] } },
{ "type": "Feature", "properties": { "cn": 65, "tags": { "natural": "tree_row" } }, "geometry": { "type": "Polygon", "coordinates": [ [ [ 78.3890806, 17.4414632 ], [ 78.3891557, 17.4420274 ], [ 78.3891557, 17.4421362 ], [ 78.389145, 17.4422437 ], [ 78.3891329, 17.4423447 ], [ 78.3891477, 17.4424279 ], [ 78.3891866, 17.4424893 ], [ 78.3892496, 17.442529 ], [ 78.3893099, 17.4425379 ], [ 78.3897378, 17.4424637 ], [ 78.3890806, 17.4414632 ] ] ] } },
{ "type": "Feature", "properties": { "cn": 82, "tags": { "landuse": "residential" } }, "geometry": { "type": "Polygon", "coordinates": [ [ [ 78.4003325, 17.4334159 ], [ 78.4005008, 17.4338043 ], [ 78.400307, 17.4338241 ], [ 78.4001729, 17.4335381 ], [ 78.4003325, 17.4334159 ] ] ] } },
{ "type": "Feature", "properties": { "cn": 82, "tags": { "landuse": "residential" } }, "geometry": { "type": "Polygon", "coordinates": [ [ [ 78.4006255, 17.4345688 ], [ 78.4010453, 17.4343071 ], [ 78.4011459, 17.4342444 ], [ 78.4012894, 17.4344133 ], [ 78.400875, 17.4348304 ], [ 78.4006255, 17.4345688 ] ] ] } },
{ "type": "Feature", "properties": { "cn": 98, "tags": { "leisure": "swimming_pool" } }, "geometry": { "type": "Polygon", "coordinates": [ [ [ 78.4010708, 17.4344213 ], [ 78.4010604, 17.4344008 ], [ 78.4010617, 17.4343861 ], [ 78.4010738, 17.4343682 ], [ 78.4010889, 17.434365 ], [ 78.401112, 17.4343676 ], [ 78.4011385, 17.4343775 ], [ 78.4011613, 17.4343922 ], [ 78.4011723, 17.4344146 ], [ 78.401173, 17.4344363 ], [ 78.4011633, 17.4344549 ], [ 78.4011495, 17.4344648 ], [ 78.4011311, 17.4344648 ], [ 78.40112, 17.4344607 ], [ 78.4010708, 17.4344213 ] ] ] } },
{ "type": "Feature", "properties": { "cn": 92, "tags": { "landuse": "commercial" } }, "geometry": { "type": "Polygon", "coordinates": [ [ [ 78.4010453, 17.4352296 ], [ 78.4006088, 17.435566 ], [ 78.4007118, 17.4356692 ], [ 78.4007681, 17.4357257 ], [ 78.4011894, 17.4353934 ], [ 78.4010453, 17.4352296 ] ] ] } },
{ "type": "Feature", "properties": { "cn": 92, "tags": { "landuse": "commercial" } }, "geometry": { "type": "Polygon", "coordinates": [ [ [ 78.4003772, 17.4360202 ], [ 78.4005409, 17.4358394 ], [ 78.4007112, 17.4356824 ], [ 78.4007118, 17.4356692 ], [ 78.4007681, 17.4357257 ], [ 78.4008629, 17.4358284 ], [ 78.4005363, 17.4361848 ], [ 78.4003772, 17.4360202 ] ] ] } },
{ "type": "Feature", "properties": { "cn": 92, "tags": { "landuse": "commercial" } }, "geometry": { "type": "Polygon", "coordinates": [ [ [ 78.4000039, 17.4364004 ], [ 78.4001246, 17.4365577 ], [ 78.4003083, 17.4360843 ], [ 78.4001327, 17.4359231 ], [ 78.4000039, 17.4364004 ] ] ] } },
{ "type": "Feature", "properties": { "cn": 65, "tags": { "landuse": "grass" } }, "geometry": { "type": "Polygon", "coordinates": [ [ [ 78.4004181, 17.4347291 ], [ 78.4004953, 17.4348216 ], [ 78.4006262, 17.4347222 ], [ 78.4005117, 17.434585 ], [ 78.4004352, 17.434643 ], [ 78.4004725, 17.4346878 ], [ 78.4004181, 17.4347291 ] ] ] } },
{ "type": "Feature", "properties": { "cn": 98, "tags": { "leisure": "swimming_pool" } }, "geometry": { "type": "Polygon", "coordinates": [ [ [ 78.4002901, 17.4352389 ], [ 78.4003384, 17.4352059 ], [ 78.4003843, 17.4352672 ], [ 78.4003538, 17.435288 ], [ 78.4003303, 17.4352565 ], [ 78.4003125, 17.4352687 ], [ 78.4002901, 17.4352389 ] ] ] } },
{ "type": "Feature", "properties": { "cn": 98, "tags": { "leisure": "swimming_pool" } }, "geometry": { "type": "Polygon", "coordinates": [ [ [ 78.4000507, 17.4349426 ], [ 78.3999819, 17.434991 ], [ 78.4000039, 17.4350195 ], [ 78.4000208, 17.4350076 ], [ 78.4000315, 17.4350215 ], [ 78.4000151, 17.435033 ], [ 78.4000343, 17.4350578 ], [ 78.4000566, 17.4350421 ], [ 78.4000712, 17.4350611 ], [ 78.4001173, 17.4350287 ], [ 78.4000507, 17.4349426 ] ] ] } },
{ "type": "Feature", "properties": { "cn": 65, "tags": { "landuse": "grass" } }, "geometry": { "type": "Polygon", "coordinates": [ [ [ 78.3998441, 17.4349351 ], [ 78.3999742, 17.4348435 ], [ 78.4000507, 17.4349426 ], [ 78.3999819, 17.434991 ], [ 78.4000039, 17.4350195 ], [ 78.4000208, 17.4350076 ], [ 78.4000315, 17.4350215 ], [ 78.4000151, 17.435033 ], [ 78.4000343, 17.4350578 ], [ 78.4000566, 17.4350421 ], [ 78.4000712, 17.4350611 ], [ 78.3999871, 17.4351202 ], [ 78.3998441, 17.4349351 ] ] ] } },
{ "type": "Feature", "properties": { "cn": 65, "tags": { "landuse": "grass" } }, "geometry": { "type": "Polygon", "coordinates": [ [ [ 78.4002658, 17.4358214 ], [ 78.4003305, 17.4357488 ], [ 78.400414, 17.4358259 ], [ 78.4003452, 17.4358969 ], [ 78.4002658, 17.4358214 ] ] ] } },
{ "type": "Feature", "properties": { "cn": 65, "tags": { "landuse": "grass" } }, "geometry": { "type": "Polygon", "coordinates": [ [ [ 78.3972915, 17.4361381 ], [ 78.3976556, 17.4357299 ], [ 78.3975819, 17.4359545 ], [ 78.3975551, 17.4359935 ], [ 78.3975309, 17.4360178 ], [ 78.3973666, 17.4361067 ], [ 78.3972915, 17.4361381 ] ] ] } },
{ "type": "Feature", "properties": { "cn": 70, "tags": { "natural": "wood" } }, "geometry": { "type": "Polygon", "coordinates": [ [ [ 78.3962435, 17.4346257 ], [ 78.3972976, 17.4339194 ], [ 78.3975363, 17.4341088 ], [ 78.3976503, 17.4342035 ], [ 78.397657, 17.4342476 ], [ 78.3976335, 17.4342777 ], [ 78.3976053, 17.434293 ], [ 78.3975685, 17.4342886 ], [ 78.3975329, 17.4342591 ], [ 78.3973365, 17.4342073 ], [ 78.3972935, 17.4342387 ], [ 78.397266, 17.4343071 ], [ 78.3972251, 17.4343423 ], [ 78.397079, 17.4350134 ], [ 78.3969489, 17.4351682 ], [ 78.3969475, 17.4352322 ], [ 78.3969636, 17.4352763 ], [ 78.3970032, 17.4354318 ], [ 78.3970468, 17.4355111 ], [ 78.3971983, 17.435602 ], [ 78.3972466, 17.4356135 ], [ 78.3974136, 17.4356429 ], [ 78.3974686, 17.4356749 ], [ 78.397482, 17.4357094 ], [ 78.3974015, 17.4358898 ], [ 78.3970803, 17.4362462 ], [ 78.3967269, 17.4354714 ], [ 78.3968583, 17.4354158 ], [ 78.3967122, 17.4351068 ], [ 78.3964258, 17.4351196 ], [ 78.3964097, 17.4348586 ], [ 78.3962435, 17.4346257 ] ] ] } },
{ "type": "Feature", "properties": { "cn": 98, "tags": { "natural": "water", "water": "pond" } }, "geometry": { "type": "Polygon", "coordinates": [ [ [ 78.4008129, 17.437065 ], [ 78.4008431, 17.4370283 ], [ 78.4008488, 17.4370257 ], [ 78.4008579, 17.4370276 ], [ 78.4010433, 17.4371463 ], [ 78.401048, 17.4371648 ], [ 78.4010439, 17.4371802 ], [ 78.4009018, 17.4373971 ], [ 78.4008823, 17.4374099 ], [ 78.4008656, 17.4374092 ], [ 78.4007294, 17.4373133 ], [ 78.4007196, 17.4373048 ], [ 78.4007167, 17.4372883 ], [ 78.4007191, 17.4372746 ], [ 78.4007269, 17.4372638 ], [ 78.4007482, 17.4372595 ], [ 78.4007844, 17.4372512 ], [ 78.4008106, 17.4372371 ], [ 78.4008408, 17.4372 ], [ 78.4008508, 17.4371578 ], [ 78.4008441, 17.4371194 ], [ 78.4008273, 17.4370938 ], [ 78.4008176, 17.4370874 ], [ 78.4008102, 17.4370791 ], [ 78.4008129, 17.437065 ] ] ] } },
{ "type": "Feature", "properties": { "cn": 82, "tags": { "landuse": "residential" } }, "geometry": { "type": "Polygon", "coordinates": [ [ [ 78.3998116, 17.4390615 ], [ 78.4001152, 17.4387213 ], [ 78.4005538, 17.4390079 ], [ 78.4002975, 17.4393628 ], [ 78.3998116, 17.4390615 ] ] ] } },
{ "type": "Feature", "properties": { "cn": 70, "tags": { "natural": "wood" } }, "geometry": { "type": "Polygon", "coordinates": [ [ [ 78.3907362, 17.4361233 ], [ 78.3906671, 17.4364707 ], [ 78.3906725, 17.4368264 ], [ 78.3906618, 17.4378538 ], [ 78.3907463, 17.438207 ], [ 78.3908281, 17.4384718 ], [ 78.3911929, 17.4384079 ], [ 78.3923489, 17.4380394 ], [ 78.3917803, 17.4367829 ], [ 78.3917722, 17.436614 ], [ 78.3918071, 17.4364426 ], [ 78.391791, 17.4363197 ], [ 78.3917347, 17.4362072 ], [ 78.3914691, 17.4361125 ], [ 78.3908784, 17.4360485 ], [ 78.390822, 17.4360434 ], [ 78.3907878, 17.4360511 ], [ 78.3907543, 17.4360805 ], [ 78.3907362, 17.4361233 ] ] ] } },
{ "type": "Feature", "properties": { "cn": 92, "tags": { "landuse": "commercial" } }, "geometry": { "type": "Polygon", "coordinates": [ [ [ 78.3854704, 17.4476095 ], [ 78.3854905, 17.447843 ], [ 78.3858512, 17.4478322 ], [ 78.3859042, 17.4476012 ], [ 78.3854704, 17.4476095 ] ] ] } },
{ "type": "Feature", "properties": { "cn": 92, "tags": { "landuse": "commercial" } }, "geometry": { "type": "Polygon", "coordinates": [ [ [ 78.3969127, 17.4390764 ], [ 78.3971407, 17.4394481 ], [ 78.3975913, 17.4388857 ], [ 78.3975785, 17.438855 ], [ 78.3969127, 17.4390764 ] ] ] } },
{ "type": "Feature", "properties": { "cn": 92, "tags": { "landuse": "commercial" } }, "geometry": { "type": "Polygon", "coordinates": [ [ [ 78.3936162, 17.4445249 ], [ 78.3938751, 17.4444404 ], [ 78.3938032, 17.4442473 ], [ 78.3935363, 17.4443365 ], [ 78.3936162, 17.4445249 ] ] ] } },
{ "type": "Feature", "properties": { "cn": 92, "tags": { "landuse": "commercial" } }, "geometry": { "type": "Polygon", "coordinates": [ [ [ 78.3935298, 17.4443221 ], [ 78.3937926, 17.4442312 ], [ 78.3937293, 17.4440648 ], [ 78.3934665, 17.4441556 ], [ 78.3935298, 17.4443221 ] ] ] } },
{ "type": "Feature", "properties": { "cn": 92, "tags": { "landuse": "commercial" } }, "geometry": { "type": "Polygon", "coordinates": [ [ [ 78.3955677, 17.44836 ], [ 78.3957857, 17.4482875 ], [ 78.3957255, 17.4481226 ], [ 78.3955074, 17.4481951 ], [ 78.3955677, 17.44836 ] ] ] } },
{ "type": "Feature", "properties": { "cn": 92, "tags": { "landuse": "commercial", "shop": "car" } }, "geometry": { "type": "Polygon", "coordinates": [ [ [ 78.3941596, 17.4465947 ], [ 78.3946126, 17.4464448 ], [ 78.3945217, 17.4461994 ], [ 78.3940749, 17.4463463 ], [ 78.3941596, 17.4465947 ] ] ] } },
{ "type": "Feature", "properties": { "cn": 92, "tags": { "landuse": "commercial" } }, "geometry": { "type": "Polygon", "coordinates": [ [ [ 78.3939019, 17.4451556 ], [ 78.394095, 17.4450942 ], [ 78.394032, 17.4449138 ], [ 78.3938389, 17.4449752 ], [ 78.3939019, 17.4451556 ] ] ] } },
{ "type": "Feature", "properties": { "cn": 92, "tags": { "landuse": "commercial" } }, "geometry": { "type": "Polygon", "coordinates": [ [ [ 78.3941822, 17.4459182 ], [ 78.3943019, 17.4462609 ], [ 78.3945313, 17.446188 ], [ 78.3944115, 17.4458452 ], [ 78.3941822, 17.4459182 ] ] ] } },
{ "type": "Feature", "properties": { "cn": 92, "tags": { "landuse": "commercial" } }, "geometry": { "type": "Polygon", "coordinates": [ [ [ 78.3944879, 17.4467447 ], [ 78.3946891, 17.446682 ], [ 78.3946132, 17.4464602 ], [ 78.394412, 17.4465229 ], [ 78.3944879, 17.4467447 ] ] ] } },
{ "type": "Feature", "properties": { "cn": 92, "tags": { "landuse": "commercial" } }, "geometry": { "type": "Polygon", "coordinates": [ [ [ 78.3960398, 17.4505708 ], [ 78.395988, 17.4504351 ], [ 78.3958398, 17.4504811 ], [ 78.3958923, 17.4506202 ], [ 78.3960398, 17.4505708 ] ] ] } },
{ "type": "Feature", "properties": { "cn": 92, "tags": { "landuse": "commercial" } }, "geometry": { "type": "Polygon", "coordinates": [ [ [ 78.3958075, 17.4508589 ], [ 78.3961529, 17.4507406 ], [ 78.3960844, 17.4505585 ], [ 78.395739, 17.4506768 ], [ 78.3958075, 17.4508589 ] ] ] } },
{ "type": "Feature", "properties": { "cn": 82, "tags": { "landuse": "residential", "name": "Preston Ivy" } }, "geometry": { "type": "Polygon", "coordinates": [ [ [ 78.400187, 17.4497433 ], [ 78.4002037, 17.4501504 ], [ 78.399851, 17.4503423 ], [ 78.4013276, 17.4508886 ], [ 78.4025647, 17.4507684 ], [ 78.4025406, 17.4504383 ], [ 78.4025178, 17.4501517 ], [ 78.4024662, 17.4498984 ], [ 78.4022811, 17.4497429 ], [ 78.4021343, 17.4496131 ], [ 78.4020793, 17.4495453 ], [ 78.4020356, 17.4494828 ], [ 78.4019458, 17.4493546 ], [ 78.4016046, 17.4493994 ], [ 78.4015466, 17.4493887 ], [ 78.4014302, 17.4494263 ], [ 78.4013893, 17.4493783 ], [ 78.4009708, 17.4495146 ], [ 78.4004136, 17.4496316 ], [ 78.400187, 17.4497433 ] ] ] } },
{ "type": "Feature", "properties": { "cn": 82, "tags": { "landuse": "residential" } }, "geometry": { "type": "Polygon", "coordinates": [ [ [ 78.3953295, 17.4344958 ], [ 78.3953418, 17.4347269 ], [ 78.3957904, 17.4347052 ], [ 78.3957781, 17.4344741 ], [ 78.3953295, 17.4344958 ] ] ] } },
{ "type": "Feature", "properties": { "cn": 82, "tags": { "landuse": "residential", "name": "Raghavendra Mirra Panchajanya" } }, "geometry": { "type": "Polygon", "coordinates": [ [ [ 78.3557877, 17.5037654 ], [ 78.3558185, 17.5029097 ], [ 78.3565159, 17.5028438 ], [ 78.3565347, 17.50342 ], [ 78.3566044, 17.5039598 ], [ 78.3559379, 17.5041209 ], [ 78.3557877, 17.5037654 ] ] ] } },
{ "type": "Feature", "properties": { "cn": 65, "tags": { "leisure": "park", "name": "Telecom Nagar Park 2" } }, "geometry": { "type": "Polygon", "coordinates": [ [ [ 78.3666534, 17.4322874 ], [ 78.3669326, 17.4321119 ], [ 78.3672291, 17.4324572 ], [ 78.3669411, 17.4326413 ], [ 78.3666534, 17.4322874 ] ] ] } },
{ "type": "Feature", "properties": { "cn": 98, "tags": { "intermittent": "yes", "natural": "water", "water": "pond" } }, "geometry": { "type": "Polygon", "coordinates": [ [ [ 78.3909942, 17.499284 ], [ 78.3912495, 17.4992541 ], [ 78.3914076, 17.4991187 ], [ 78.3915384, 17.4989944 ], [ 78.3918439, 17.4987646 ], [ 78.3922739, 17.4984568 ], [ 78.3926627, 17.4982653 ], [ 78.3930386, 17.4981261 ], [ 78.3934208, 17.4979335 ], [ 78.3936755, 17.4977883 ], [ 78.3936693, 17.4976224 ], [ 78.3935699, 17.4973794 ], [ 78.3935109, 17.4973349 ], [ 78.3933462, 17.4973853 ], [ 78.3930293, 17.4975898 ], [ 78.392321, 17.4980401 ], [ 78.3918987, 17.4982857 ], [ 78.3916468, 17.4984016 ], [ 78.391305, 17.4985498 ], [ 78.3910938, 17.4985824 ], [ 78.3909633, 17.4986298 ], [ 78.3908812, 17.4986288 ], [ 78.3909942, 17.499284 ] ] ] } },
{ "type": "Feature", "properties": { "cn": 92, "tags": { "barrier": "wall", "landuse": "commercial" } }, "geometry": { "type": "Polygon", "coordinates": [ [ [ 78.3852838, 17.4331145 ], [ 78.385454, 17.4330003 ], [ 78.3856373, 17.4328767 ], [ 78.3857657, 17.4327919 ], [ 78.3858433, 17.43274 ], [ 78.3860011, 17.4326344 ], [ 78.3846262, 17.4310836 ], [ 78.3839412, 17.4315966 ], [ 78.3852838, 17.4331145 ] ] ] } },
{ "type": "Feature", "properties": { "cn": 65, "tags": { "leisure": "park" } }, "geometry": { "type": "Polygon", "coordinates": [ [ [ 78.3841586, 17.4315784 ], [ 78.3843007, 17.4314673 ], [ 78.3843642, 17.4314206 ], [ 78.3845704, 17.4312582 ], [ 78.38481, 17.4315095 ], [ 78.3846823, 17.4316143 ], [ 78.3845209, 17.431671 ], [ 78.3844427, 17.4316228 ], [ 78.3843428, 17.4317872 ], [ 78.3841586, 17.4315784 ] ] ] } },
{ "type": "Feature", "properties": { "cn": 65, "tags": { "leisure": "park", "name": "TechMahindra SEZ" } }, "geometry": { "type": "Polygon", "coordinates": [ [ [ 78.3700634, 17.452155 ], [ 78.3705198, 17.4516983 ], [ 78.3706154, 17.4516581 ], [ 78.3710241, 17.4519039 ], [ 78.3712029, 17.4517206 ], [ 78.3712795, 17.451782 ], [ 78.3710907, 17.4519717 ], [ 78.371174, 17.4520268 ], [ 78.3713895, 17.4519251 ], [ 78.3716416, 17.4517291 ], [ 78.3720414, 17.4520437 ], [ 78.3725109, 17.4526928 ], [ 78.3723983, 17.4527542 ], [ 78.3723691, 17.4527123 ], [ 78.3715316, 17.4527515 ], [ 78.3712384, 17.4526826 ], [ 78.3709819, 17.4527282 ], [ 78.3709697, 17.4526562 ], [ 78.3709341, 17.4526329 ], [ 78.3708441, 17.4526244 ], [ 78.3707509, 17.4526413 ], [ 78.3706909, 17.4526657 ], [ 78.3707853, 17.4528066 ], [ 78.3708408, 17.4528225 ], [ 78.3709186, 17.4529433 ], [ 78.3710374, 17.4533042 ], [ 78.3710535, 17.453378 ], [ 78.3710517, 17.4533956 ], [ 78.3710402, 17.453404 ], [ 78.3710256, 17.453404 ], [ 78.3708202, 17.4531375 ], [ 78.3707653, 17.4531838 ], [ 78.3700711, 17.4522429 ], [ 78.3700634, 17.452155 ] ] ] } },
{ "type": "Feature", "properties": { "cn": 98, "tags": { "leisure": "swimming_pool" } }, "geometry": { "type": "Polygon", "coordinates": [ [ [ 78.3748723, 17.4522058 ], [ 78.3749922, 17.4522136 ], [ 78.3750083, 17.4519883 ], [ 78.3748883, 17.4519805 ], [ 78.3748723, 17.4522058 ] ] ] } },
{ "type": "Feature", "properties": { "cn": 98, "tags": { "leisure": "swimming_pool" } }, "geometry": { "type": "Polygon", "coordinates": [ [ [ 78.3750054, 17.4522478 ], [ 78.3749944, 17.4522478 ], [ 78.374984, 17.4522511 ], [ 78.3749752, 17.4522574 ], [ 78.374969, 17.452266 ], [ 78.3749659, 17.452276 ], [ 78.3749663, 17.4522865 ], [ 78.3749701, 17.4522963 ], [ 78.374977, 17.4523045 ], [ 78.3749868, 17.4523104 ], [ 78.3749982, 17.4523128 ], [ 78.3750098, 17.4523115 ], [ 78.3750202, 17.4523065 ], [ 78.3750283, 17.4522985 ], [ 78.3750331, 17.4522884 ], [ 78.3750341, 17.4522773 ], [ 78.3750311, 17.4522666 ], [ 78.3750246, 17.4522574 ], [ 78.3750158, 17.4522511 ], [ 78.3750054, 17.4522478 ] ] ] } },
{ "type": "Feature", "properties": { "cn": 65, "tags": { "leisure": "sport" } }, "geometry": { "type": "Polygon", "coordinates": [ [ [ 78.3749064, 17.4519243 ], [ 78.3750628, 17.4519276 ], [ 78.375069, 17.4516593 ], [ 78.3749126, 17.4516561 ], [ 78.3749064, 17.4519243 ] ] ] } },
{ "type": "Feature", "properties": { "cn": 65, "tags": { "leisure": "sport" } }, "geometry": { "type": "Polygon", "coordinates": [ [ [ 78.3745553, 17.4512392 ], [ 78.3747245, 17.451235 ], [ 78.3747335, 17.4515616 ], [ 78.3745642, 17.4515658 ], [ 78.3745553, 17.4512392 ] ] ] } },
{ "type": "Feature", "properties": { "cn": 65, "tags": { "leisure": "sport" } }, "geometry": { "type": "Polygon", "coordinates": [ [ [ 78.3743463, 17.4512974 ], [ 78.3745291, 17.4512887 ], [ 78.3745431, 17.451558 ], [ 78.3743602, 17.4515666 ], [ 78.3743463, 17.4512974 ] ] ] } },
{ "type": "Feature", "properties": { "cn": 92, "tags": { "landuse": "commercial" } }, "geometry": { "type": "Polygon", "coordinates": [ [ [ 78.35549, 17.4462687 ], [ 78.3531645, 17.4466804 ], [ 78.3533803, 17.4468163 ], [ 78.3532749, 17.4470847 ], [ 78.3530048, 17.4468314 ], [ 78.3534971, 17.4475277 ], [ 78.3538297, 17.447323 ], [ 78.3541569, 17.4472027 ], [ 78.3550179, 17.4469801 ], [ 78.3551279, 17.4469468 ], [ 78.3552593, 17.446888 ], [ 78.3554336, 17.4468112 ], [ 78.3555557, 17.4467216 ], [ 78.3556053, 17.4466858 ], [ 78.3555114, 17.4465016 ], [ 78.3555195, 17.4464683 ], [ 78.3555329, 17.4464248 ], [ 78.3555329, 17.4463813 ], [ 78.35549, 17.4462687 ] ] ] } },
{ "type": "Feature", "properties": { "cn": 92, "tags": { "landuse": "construction" } }, "geometry": { "type": "Polygon", "coordinates": [ [ [ 78.3785097, 17.4384022 ], [ 78.3776178, 17.4373962 ], [ 78.3781808, 17.4369419 ], [ 78.3779025, 17.436642 ], [ 78.3775537, 17.4362389 ], [ 78.3773896, 17.4361098 ], [ 78.3771751, 17.4361007 ], [ 78.3771066, 17.4361085 ], [ 78.3770043, 17.4361018 ], [ 78.3762246, 17.4367956 ], [ 78.376762, 17.4373621 ], [ 78.3760396, 17.4379749 ], [ 78.3769888, 17.438805 ], [ 78.3772689, 17.4390917 ], [ 78.3772876, 17.4391141 ], [ 78.377338, 17.4391288 ], [ 78.3773938, 17.4391263 ], [ 78.3778883, 17.4389282 ], [ 78.3785097, 17.4384022 ] ] ] } },
{ "type": "Feature", "properties": { "cn": 65, "tags": { "leisure": "park", "name": "Gayatri Nagar Indoor Badminton Court", "operator": "Government" } }, "geometry": { "type": "Polygon", "coordinates": [ [ [ 78.400048, 17.4534745 ], [ 78.4002276, 17.4533932 ], [ 78.4003175, 17.4535777 ], [ 78.4001409, 17.4536459 ], [ 78.400048, 17.4534745 ] ] ] } },
{ "type": "Feature", "properties": { "cn": 65, "tags": { "addr:city": "Hyderabad", "addr:housenumber": "Aparna Serene Park", "addr:postcode": "500084", "leisure": "park", "name": "Aparna Serene Park Gardens" } }, "geometry": { "type": "Polygon", "coordinates": [ [ [ 78.3364617, 17.4645899 ], [ 78.3365616, 17.4645974 ], [ 78.3365603, 17.4646126 ], [ 78.3366272, 17.4646176 ], [ 78.3366288, 17.4645989 ], [ 78.3367163, 17.4646055 ], [ 78.3366821, 17.4650218 ], [ 78.3364278, 17.4650028 ], [ 78.3364617, 17.4645899 ] ] ] } },
{ "type": "Feature", "properties": { "cn": 65, "tags": { "addr:city": "Hyderabad", "addr:housenumber": "Aparna Serene Park", "addr:postcode": "500084", "leisure": "park", "name": "Aparna Serene Park Gardens" } }, "geometry": { "type": "Polygon", "coordinates": [ [ [ 78.3372456, 17.4640894 ], [ 78.3372565, 17.4638979 ], [ 78.3372742, 17.4636797 ], [ 78.3381204, 17.4632519 ], [ 78.3382206, 17.4634069 ], [ 78.3384727, 17.4634274 ], [ 78.338303, 17.4635153 ], [ 78.3379939, 17.4636986 ], [ 78.3380234, 17.4637549 ], [ 78.3373586, 17.4640989 ], [ 78.3372456, 17.4640894 ] ] ] } },
{ "type": "Feature", "properties": { "cn": 92, "tags": { "landuse": "commercial", "name": "Amazon Hyderabad Campus", "office": "company", "wheelchair": "yes" } }, "geometry": { "type": "Polygon", "coordinates": [ [ [ 78.3452178, 17.4212299 ], [ 78.3444145, 17.4200133 ], [ 78.3444567, 17.4199879 ], [ 78.3443966, 17.4198969 ], [ 78.3462945, 17.4187561 ], [ 78.3471579, 17.4200638 ], [ 78.3457013, 17.4209393 ], [ 78.3452178, 17.4212299 ] ] ] } },
{ "type": "Feature", "properties": { "cn": 92, "tags": { "construction": "residential", "landuse": "construction", "name": "Aparna Luxor Park", "residential": "apartments" } }, "geometry": { "type": "Polygon", "coordinates": [ [ [ 78.3348289, 17.4667126 ], [ 78.3355451, 17.4653873 ], [ 78.3356792, 17.4650674 ], [ 78.3364838, 17.4651276 ], [ 78.3365355, 17.4653111 ], [ 78.3368298, 17.4663365 ], [ 78.3365469, 17.4664286 ], [ 78.3366528, 17.4667433 ], [ 78.3364141, 17.4668316 ], [ 78.3363712, 17.4667126 ], [ 78.3354418, 17.4670695 ], [ 78.3348289, 17.4667126 ] ] ] } },
{ "type": "Feature", "properties": { "cn": 92, "tags": { "landuse": "commercial" } }, "geometry": { "type": "Polygon", "coordinates": [ [ [ 78.3692015, 17.4428181 ], [ 78.3701026, 17.4426633 ], [ 78.3710414, 17.4422897 ], [ 78.3697647, 17.4404908 ], [ 78.3690458, 17.4406955 ], [ 78.367981, 17.4410742 ], [ 78.3679944, 17.4412354 ], [ 78.3681044, 17.4413659 ], [ 78.3682894, 17.4416347 ], [ 78.3684638, 17.4418701 ], [ 78.3685601, 17.4419337 ], [ 78.3686254, 17.4421118 ], [ 78.3687801, 17.4421889 ], [ 78.3688793, 17.4422701 ], [ 78.3690526, 17.4425445 ], [ 78.3692015, 17.4428181 ] ] ] } },
{ "type": "Feature", "properties": { "cn": 92, "tags": { "landuse": "commercial" } }, "geometry": { "type": "Polygon", "coordinates": [ [ [ 78.3702528, 17.4447974 ], [ 78.3706176, 17.4446643 ], [ 78.3700329, 17.4430267 ], [ 78.3687454, 17.4432365 ], [ 78.3702528, 17.4447974 ] ] ] } },
{ "type": "Feature", "properties": { "cn": 65, "tags": { "leisure": "park" } }, "geometry": { "type": "Polygon", "coordinates": [ [ [ 78.3702164, 17.4869303 ], [ 78.3701347, 17.4866525 ], [ 78.370371, 17.4867134 ], [ 78.3703466, 17.4869211 ], [ 78.3702164, 17.4869303 ] ] ] } },
{ "type": "Feature", "properties": { "cn": 65, "tags": { "leisure": "park" } }, "geometry": { "type": "Polygon", "coordinates": [ [ [ 78.372979, 17.4851474 ], [ 78.373307, 17.4849319 ], [ 78.3731139, 17.4847268 ], [ 78.3729389, 17.4849076 ], [ 78.3728333, 17.484925 ], [ 78.372979, 17.4851474 ] ] ] } },
{ "type": "Feature", "properties": { "cn": 65, "tags": { "leisure": "park" } }, "geometry": { "type": "Polygon", "coordinates": [ [ [ 78.4046204, 17.4223101 ], [ 78.4049982, 17.4225828 ], [ 78.4044459, 17.4231289 ], [ 78.4040942, 17.4229207 ], [ 78.403884, 17.4227035 ], [ 78.4037996, 17.4226323 ], [ 78.4038838, 17.4225381 ], [ 78.404093, 17.4223359 ], [ 78.4044363, 17.4225765 ], [ 78.4046204, 17.4223101 ] ] ] } },
{ "type": "Feature", "properties": { "cn": 65, "tags": { "leisure": "park" } }, "geometry": { "type": "Polygon", "coordinates": [ [ [ 78.4016951, 17.4213686 ], [ 78.4025695, 17.4213481 ], [ 78.4023687, 17.4217144 ], [ 78.4019549, 17.4219035 ], [ 78.4016951, 17.4213686 ] ] ] } },
{ "type": "Feature", "properties": { "cn": 92, "tags": { "landuse": "commercial" } }, "geometry": { "type": "Polygon", "coordinates": [ [ [ 78.3749829, 17.4333206 ], [ 78.3758355, 17.4334558 ], [ 78.3763237, 17.4301393 ], [ 78.37551, 17.430022 ], [ 78.3749829, 17.4333206 ] ] ] } },
{ "type": "Feature", "properties": { "cn": 65, "tags": { "natural": "grassland" } }, "geometry": { "type": "Polygon", "coordinates": [ [ [ 78.3537432, 17.5085501 ], [ 78.3536667, 17.5083147 ], [ 78.3540228, 17.5081728 ], [ 78.3541388, 17.5084362 ], [ 78.3537432, 17.5085501 ] ] ] } },
{ "type": "Feature", "properties": { "cn": 65, "tags": { "natural": "grassland" } }, "geometry": { "type": "Polygon", "coordinates": [ [ [ 78.3539075, 17.5089804 ], [ 78.3538765, 17.508795 ], [ 78.3542132, 17.5087439 ], [ 78.3542442, 17.5089293 ], [ 78.3539075, 17.5089804 ] ] ] } },
{ "type": "Feature", "properties": { "cn": 65, "tags": { "leisure": "park", "name": "Jayanagar Community Park" } }, "geometry": { "type": "Polygon", "coordinates": [ [ [ 78.4048657, 17.4990347 ], [ 78.4048659, 17.4988596 ], [ 78.4050426, 17.4988545 ], [ 78.4050601, 17.4990326 ], [ 78.4048657, 17.4990347 ] ] ] } },
{ "type": "Feature", "properties": { "cn": 92, "tags": { "landuse": "retail", "name": "Harsha Toyota Express Service", "shop": "car_repair" } }, "geometry": { "type": "Polygon", "coordinates": [ [ [ 78.3884424, 17.5007848 ], [ 78.3884989, 17.5005851 ], [ 78.3891041, 17.5007409 ], [ 78.3890476, 17.5009406 ], [ 78.3884424, 17.5007848 ] ] ] } },
{ "type": "Feature", "properties": { "cn": 82, "tags": { "addr:city": "Hyderabad", "addr:postcode": "500085", "addr:street": "high tension line road", "landuse": "residential", "name": "Vertex Prime", "smoking": "no" } }, "geometry": { "type": "Polygon", "coordinates": [ [ [ 78.3818618, 17.5064569 ], [ 78.3826222, 17.506269 ], [ 78.3824803, 17.5056642 ], [ 78.3821569, 17.5057537 ], [ 78.3821086, 17.5057663 ], [ 78.3820067, 17.5054695 ], [ 78.38235, 17.5053314 ], [ 78.3821837, 17.5047942 ], [ 78.3814649, 17.5050449 ], [ 78.3815453, 17.5053672 ], [ 78.3812825, 17.5054491 ], [ 78.3812074, 17.5056384 ], [ 78.3812986, 17.5058021 ], [ 78.3814059, 17.5058123 ], [ 78.3815507, 17.5062523 ], [ 78.3817545, 17.5062369 ], [ 78.3818135, 17.5064723 ], [ 78.3818618, 17.5064569 ] ] ] } },
{ "type": "Feature", "properties": { "cn": 65, "tags": { "natural": "grassland" } }, "geometry": { "type": "Polygon", "coordinates": [ [ [ 78.3667595, 17.4856399 ], [ 78.3667559, 17.4858174 ], [ 78.3673219, 17.4858469 ], [ 78.3673484, 17.4858408 ], [ 78.3673651, 17.4858283 ], [ 78.3673711, 17.4858114 ], [ 78.3673708, 17.485796 ], [ 78.3673698, 17.4857765 ], [ 78.3673664, 17.4857047 ], [ 78.3670521, 17.4856711 ], [ 78.3667595, 17.4856399 ] ] ] } },
{ "type": "Feature", "properties": { "cn": 65, "tags": { "natural": "grassland" } }, "geometry": { "type": "Polygon", "coordinates": [ [ [ 78.3680407, 17.4871011 ], [ 78.3680749, 17.487087 ], [ 78.3681044, 17.487071 ], [ 78.3681145, 17.487048 ], [ 78.3681292, 17.4870448 ], [ 78.3681413, 17.4870512 ], [ 78.3681621, 17.4870684 ], [ 78.3681795, 17.4870889 ], [ 78.3681963, 17.4871215 ], [ 78.368215, 17.4871612 ], [ 78.3682217, 17.4871848 ], [ 78.3682231, 17.4871995 ], [ 78.3682197, 17.4872104 ], [ 78.3682043, 17.4872245 ], [ 78.3681862, 17.4872354 ], [ 78.3681634, 17.4872494 ], [ 78.3681406, 17.4872629 ], [ 78.3681198, 17.4872718 ], [ 78.3681078, 17.4872737 ], [ 78.3680829, 17.4872501 ], [ 78.3680843, 17.487236 ], [ 78.3680276, 17.4871026 ], [ 78.3680407, 17.4871011 ] ] ] } },
{ "type": "Feature", "properties": { "cn": 65, "tags": { "natural": "grassland" } }, "geometry": { "type": "Polygon", "coordinates": [ [ [ 78.3678488, 17.4866738 ], [ 78.3679549, 17.4866284 ], [ 78.3680192, 17.4867646 ], [ 78.3680166, 17.4867902 ], [ 78.3680038, 17.4867941 ], [ 78.3679847, 17.4867835 ], [ 78.3679656, 17.4867742 ], [ 78.3679498, 17.4867717 ], [ 78.3679304, 17.4867717 ], [ 78.3679093, 17.4867806 ], [ 78.3678931, 17.486786 ], [ 78.3678488, 17.4866738 ] ] ] } },
{ "type": "Feature", "properties": { "cn": 65, "tags": { "natural": "grassland" } }, "geometry": { "type": "Polygon", "coordinates": [ [ [ 78.3668069, 17.48604 ], [ 78.3667747, 17.4862223 ], [ 78.3667814, 17.4862517 ], [ 78.3667882, 17.4862667 ], [ 78.3668002, 17.4862933 ], [ 78.366823, 17.4863336 ], [ 78.366835, 17.4863604 ], [ 78.3668518, 17.4863899 ], [ 78.3668773, 17.486418 ], [ 78.3668934, 17.4864314 ], [ 78.3669148, 17.4864397 ], [ 78.3669383, 17.4864436 ], [ 78.3669826, 17.4864404 ], [ 78.3670255, 17.4864372 ], [ 78.3670764, 17.4864346 ], [ 78.367116, 17.4864314 ], [ 78.3671629, 17.4864206 ], [ 78.3671878, 17.4864116 ], [ 78.3672186, 17.4864001 ], [ 78.3672528, 17.4863828 ], [ 78.3672689, 17.4863713 ], [ 78.3672709, 17.4863444 ], [ 78.3672615, 17.4862926 ], [ 78.3671609, 17.4859703 ], [ 78.3670469, 17.4859709 ], [ 78.366945, 17.485994 ], [ 78.3668069, 17.48604 ] ] ] } },
{ "type": "Feature", "properties": { "cn": 65, "tags": { "natural": "grassland" } }, "geometry": { "type": "Polygon", "coordinates": [ [ [ 78.3675385, 17.486583 ], [ 78.3677128, 17.4865638 ], [ 78.3677309, 17.4866054 ], [ 78.3675834, 17.486661 ], [ 78.3675438, 17.4866514 ], [ 78.3675271, 17.4866418 ], [ 78.3675197, 17.4866265 ], [ 78.3675183, 17.4866118 ], [ 78.3675291, 17.4865875 ], [ 78.3675385, 17.486583 ] ] ] } },
{ "type": "Feature", "properties": { "cn": 65, "tags": { "natural": "grassland" } }, "geometry": { "type": "Polygon", "coordinates": [ [ [ 78.3674788, 17.4865267 ], [ 78.367515, 17.4865683 ], [ 78.3677094, 17.486551 ], [ 78.3676994, 17.4865082 ], [ 78.3674788, 17.4865267 ] ] ] } },
{ "type": "Feature", "properties": { "cn": 65, "tags": { "natural": "grassland" } }, "geometry": { "type": "Polygon", "coordinates": [ [ [ 78.3671502, 17.486606 ], [ 78.3672213, 17.4867397 ], [ 78.3672555, 17.4867384 ], [ 78.3672789, 17.4867416 ], [ 78.3672997, 17.4867525 ], [ 78.3673634, 17.4867218 ], [ 78.3674975, 17.4866693 ], [ 78.3674473, 17.4866374 ], [ 78.3674372, 17.4866252 ], [ 78.3674379, 17.4865804 ], [ 78.3674452, 17.486567 ], [ 78.3674499, 17.4865536 ], [ 78.3674224, 17.4865031 ], [ 78.3671502, 17.486606 ] ] ] } },
{ "type": "Feature", "properties": { "cn": 65, "tags": { "natural": "grassland" } }, "geometry": { "type": "Polygon", "coordinates": [ [ [ 78.3667687, 17.4867614 ], [ 78.3668404, 17.4869271 ], [ 78.3671033, 17.4868305 ], [ 78.367112, 17.4867877 ], [ 78.3671287, 17.4867627 ], [ 78.3670811, 17.4866252 ], [ 78.3667687, 17.4867614 ] ] ] } },
{ "type": "Feature", "properties": { "cn": 65, "tags": { "natural": "tree_row" } }, "geometry": { "type": "Polygon", "coordinates": [ [ [ 78.3683887, 17.4870563 ], [ 78.3682774, 17.4868433 ], [ 78.3681507, 17.4865939 ], [ 78.3679864, 17.4862562 ], [ 78.3679113, 17.4860886 ], [ 78.3683887, 17.4870563 ] ] ] } },
{ "type": "Feature", "properties": { "cn": 92, "tags": { "building": "yes", "leisure": "sports_centre", "name": "Badminton Academy", "sport": "tennis" } }, "geometry": { "type": "Polygon", "coordinates": [ [ [ 78.4021264, 17.5194495 ], [ 78.4022833, 17.5194808 ], [ 78.4023485, 17.5191834 ], [ 78.4021916, 17.519152 ], [ 78.4021264, 17.5194495 ] ] ] } },
{ "type": "Feature", "properties": { "cn": 82, "tags": { "addr:city": "Greater Hyderabad Municipal Corporation", "addr:postcode": "500090", "addr:street": "Lakeview Colony Road", "amenity": "place_of_worship", "denomination": "hindu", "description": "Group of temples like Shivalayam, Ramalayam and Sai Baba Mandir.", "landuse": "religious", "name": "Sri Kodanda Rama Swamy temple", "payment:cash": "yes", "payment:notes": "yes", "religion": "hindu", "service_times": "06:00-20:30" } }, "geometry": { "type": "Polygon", "coordinates": [ [ [ 78.3931468, 17.5164668 ], [ 78.393071, 17.5159696 ], [ 78.3932367, 17.5159322 ], [ 78.3936444, 17.5159098 ], [ 78.393686, 17.5159392 ], [ 78.3936954, 17.5159776 ], [ 78.3936974, 17.5160396 ], [ 78.3937074, 17.5164546 ], [ 78.3931468, 17.5164668 ] ] ] } },
{ "type": "Feature", "properties": { "cn": 65, "tags": { "natural": "tree_row" } }, "geometry": { "type": "Polygon", "coordinates": [ [ [ 78.3970495, 17.5111157 ], [ 78.3970977, 17.5116759 ], [ 78.3971353, 17.5122846 ], [ 78.3971648, 17.5128192 ], [ 78.3970495, 17.5111157 ] ] ] } },
{ "type": "Feature", "properties": { "cn": 65, "tags": { "description": "This land belongs to the government , used for exhibitions and fairs", "landuse": "recreation_ground", "name": "Miyapur Fair Ground" } }, "geometry": { "type": "Polygon", "coordinates": [ [ [ 78.3534583, 17.494349 ], [ 78.3533749, 17.4930843 ], [ 78.3538089, 17.4930443 ], [ 78.3539506, 17.4930313 ], [ 78.3540658, 17.4945156 ], [ 78.3534583, 17.494349 ] ] ] } },
{ "type": "Feature", "properties": { "cn": 82, "tags": { "landuse": "residential", "name": "Dwarkamai Residency", "residential": "apartments" } }, "geometry": { "type": "Polygon", "coordinates": [ [ [ 78.3532729, 17.4921394 ], [ 78.3533739, 17.4921863 ], [ 78.3535558, 17.4922708 ], [ 78.3540364, 17.4920185 ], [ 78.3539464, 17.4917998 ], [ 78.3532729, 17.4921394 ] ] ] } },
{ "type": "Feature", "properties": { "cn": 92, "tags": { "landuse": "industrial", "name": "Mini Industrial Estate, Hafeezpet" } }, "geometry": { "type": "Polygon", "coordinates": [ [ [ 78.3540771, 17.4920341 ], [ 78.3537686, 17.491201 ], [ 78.3535617, 17.4910777 ], [ 78.3543222, 17.4894901 ], [ 78.3556407, 17.4882336 ], [ 78.3560048, 17.4893511 ], [ 78.3561931, 17.4895598 ], [ 78.3558165, 17.4899709 ], [ 78.3561809, 17.4905966 ], [ 78.3557739, 17.490782 ], [ 78.3552121, 17.4903273 ], [ 78.3544791, 17.4913593 ], [ 78.3542203, 17.4916496 ], [ 78.3543332, 17.491921 ], [ 78.3540771, 17.4920341 ] ] ] } },
{ "type": "Feature", "properties": { "cn": 65, "tags": { "landuse": "allotments", "name": "Telangana State Civil Supplies Dept" } }, "geometry": { "type": "Polygon", "coordinates": [ [ [ 78.3536539, 17.4882715 ], [ 78.3547634, 17.4876965 ], [ 78.3552518, 17.4873817 ], [ 78.3553205, 17.4870668 ], [ 78.3554237, 17.4865813 ], [ 78.3553205, 17.4860828 ], [ 78.3558757, 17.4858026 ], [ 78.3562559, 17.4867584 ], [ 78.3569506, 17.4864304 ], [ 78.357095, 17.4868437 ], [ 78.3554683, 17.4880987 ], [ 78.3546518, 17.4888556 ], [ 78.3542398, 17.4892057 ], [ 78.3536539, 17.4882715 ] ] ] } },
{ "type": "Feature", "properties": { "cn": 82, "tags": { "addr:city": "Hyderabad", "addr:postcode": "500049", "addr:street": "Gachibowli - Miyapur Road", "landuse": "residential", "name": "Prajay City", "residential": "apartments" } }, "geometry": { "type": "Polygon", "coordinates": [ [ [ 78.3540161, 17.4920964 ], [ 78.3544895, 17.4932025 ], [ 78.3546759, 17.492975 ], [ 78.3552759, 17.4927226 ], [ 78.355505, 17.492646 ], [ 78.3556822, 17.4926266 ], [ 78.355507, 17.4922605 ], [ 78.355368, 17.4922071 ], [ 78.3551415, 17.4916309 ], [ 78.3552163, 17.4916207 ], [ 78.35522, 17.4915069 ], [ 78.355179, 17.4913967 ], [ 78.355097, 17.4913718 ], [ 78.3550225, 17.4913718 ], [ 78.354974, 17.4912687 ], [ 78.3549079, 17.4911954 ], [ 78.3548034, 17.4912332 ], [ 78.354784, 17.4911195 ], [ 78.354722, 17.491226 ], [ 78.3546982, 17.4913043 ], [ 78.3545417, 17.4914465 ], [ 78.3542492, 17.4916501 ], [ 78.3543332, 17.491921 ], [ 78.3540161, 17.4920964 ] ] ] } },
{ "type": "Feature", "properties": { "cn": 82, "tags": { "landuse": "residential", "name": "Bhanu Township", "residential": "gated" } }, "geometry": { "type": "Polygon", "coordinates": [ [ [ 78.3548737, 17.4910657 ], [ 78.3552958, 17.4913753 ], [ 78.3553384, 17.4919165 ], [ 78.3553445, 17.4919946 ], [ 78.3553824, 17.4921288 ], [ 78.3554852, 17.492201 ], [ 78.3558531, 17.4925313 ], [ 78.3565367, 17.4922299 ], [ 78.3563231, 17.4916233 ], [ 78.3566864, 17.4914992 ], [ 78.3565944, 17.4908902 ], [ 78.3561994, 17.4909676 ], [ 78.3561621, 17.4910519 ], [ 78.3558044, 17.4912463 ], [ 78.3557016, 17.491205 ], [ 78.3557611, 17.4908128 ], [ 78.3552471, 17.4904464 ], [ 78.3548737, 17.4910657 ] ] ] } },
{ "type": "Feature", "properties": { "cn": 82, "tags": { "landuse": "residential", "name": "Sree Hema Durga Towers", "residential": "gated" } }, "geometry": { "type": "Polygon", "coordinates": [ [ [ 78.3547763, 17.4942017 ], [ 78.3546504, 17.4941783 ], [ 78.3545726, 17.4940511 ], [ 78.3545433, 17.4939853 ], [ 78.3545079, 17.4939254 ], [ 78.3544425, 17.4937665 ], [ 78.3543805, 17.4934145 ], [ 78.3543855, 17.4933437 ], [ 78.3544288, 17.4932888 ], [ 78.3545806, 17.4932118 ], [ 78.3546286, 17.4931569 ], [ 78.3547296, 17.4929949 ], [ 78.3547846, 17.4929539 ], [ 78.3548765, 17.4929206 ], [ 78.3550842, 17.4928452 ], [ 78.3551463, 17.4928227 ], [ 78.3552503, 17.4927949 ], [ 78.355316, 17.4927781 ], [ 78.3555504, 17.4927354 ], [ 78.3557751, 17.4926837 ], [ 78.3559177, 17.4929442 ], [ 78.356067, 17.493217 ], [ 78.3561216, 17.493318 ], [ 78.3561308, 17.4933975 ], [ 78.3549549, 17.4940426 ], [ 78.3549583, 17.4941253 ], [ 78.3547763, 17.4942017 ] ] ] } },
{ "type": "Feature", "properties": { "cn": 65, "tags": { "leisure": "park" } }, "geometry": { "type": "Polygon", "coordinates": [ [ [ 78.3747044, 17.4645009 ], [ 78.3745196, 17.4643992 ], [ 78.3744491, 17.4643738 ], [ 78.3743386, 17.4643628 ], [ 78.374251, 17.4643847 ], [ 78.3741767, 17.4643919 ], [ 78.3740586, 17.4643538 ], [ 78.3739139, 17.4642738 ], [ 78.3737615, 17.4641721 ], [ 78.3735919, 17.4639849 ], [ 78.3725998, 17.4633781 ], [ 78.3725728, 17.4633616 ], [ 78.3720699, 17.4639904 ], [ 78.3722738, 17.4643774 ], [ 78.3725519, 17.4648353 ], [ 78.3728109, 17.4650897 ], [ 78.3729767, 17.4650315 ], [ 78.3730871, 17.4651642 ], [ 78.3732433, 17.4652478 ], [ 78.3733424, 17.4652914 ], [ 78.3736281, 17.4650297 ], [ 78.3737539, 17.4649098 ], [ 78.3738948, 17.4648298 ], [ 78.3740605, 17.4647317 ], [ 78.3743082, 17.4646372 ], [ 78.374552, 17.4645918 ], [ 78.3747139, 17.4645282 ], [ 78.3747044, 17.4645009 ] ] ] } },
{ "type": "Feature", "properties": { "cn": 70, "tags": { "landuse": "forest" } }, "geometry": { "type": "Polygon", "coordinates": [ [ [ 78.3618943, 17.4576086 ], [ 78.3619179, 17.4566898 ], [ 78.3617762, 17.4566333 ], [ 78.3601421, 17.4575179 ], [ 78.3602341, 17.4577277 ], [ 78.3602681, 17.457814 ], [ 78.3618943, 17.4576086 ] ] ] } },
{ "type": "Feature", "properties": { "cn": 82, "tags": { "landuse": "residential" } }, "geometry": { "type": "Polygon", "coordinates": [ [ [ 78.3632149, 17.4592782 ], [ 78.3627916, 17.4587515 ], [ 78.3627514, 17.4584515 ], [ 78.3626873, 17.4579732 ], [ 78.3628898, 17.4579147 ], [ 78.3627916, 17.4573119 ], [ 78.3629879, 17.456557 ], [ 78.3621659, 17.4564867 ], [ 78.3617762, 17.4566333 ], [ 78.3619179, 17.4566898 ], [ 78.3618943, 17.4576086 ], [ 78.3618553, 17.4591264 ], [ 78.361506, 17.4591012 ], [ 78.3615785, 17.459708 ], [ 78.362844, 17.4598526 ], [ 78.3629758, 17.4595288 ], [ 78.3632955, 17.4594659 ], [ 78.3632149, 17.4592782 ] ] ] } },
{ "type": "Feature", "properties": { "cn": 92, "tags": { "landuse": "commercial", "name": "Divyasree Omega", "office": "company" } }, "geometry": { "type": "Polygon", "coordinates": [ [ [ 78.3717616, 17.4578752 ], [ 78.3718122, 17.4578639 ], [ 78.3718465, 17.4578559 ], [ 78.3719309, 17.4578362 ], [ 78.3719373, 17.4578547 ], [ 78.3721125, 17.4578165 ], [ 78.3721458, 17.4578093 ], [ 78.3721405, 17.4577856 ], [ 78.3724281, 17.4577268 ], [ 78.3724415, 17.45776 ], [ 78.3725199, 17.457743 ], [ 78.3725937, 17.4577271 ], [ 78.3726427, 17.4577165 ], [ 78.3726588, 17.457754 ], [ 78.3727697, 17.4579668 ], [ 78.3730851, 17.4585718 ], [ 78.3736082, 17.4583638 ], [ 78.3736339, 17.4583522 ], [ 78.3739342, 17.4582456 ], [ 78.3739766, 17.4583583 ], [ 78.374285, 17.4592443 ], [ 78.3742544, 17.4592541 ], [ 78.3741426, 17.459307 ], [ 78.3739671, 17.4593863 ], [ 78.3733642, 17.4597225 ], [ 78.3733303, 17.4597439 ], [ 78.3731694, 17.4598318 ], [ 78.3730935, 17.4598772 ], [ 78.3727654, 17.4600648 ], [ 78.372701, 17.4599244 ], [ 78.372239, 17.4589166 ], [ 78.3722355, 17.4589092 ], [ 78.3722323, 17.4589019 ], [ 78.3718108, 17.4579826 ], [ 78.3717616, 17.4578752 ] ] ] } },
{ "type": "Feature", "properties": { "cn": 65, "tags": { "leisure": "pitch", "sport": "basketball" } }, "geometry": { "type": "Polygon", "coordinates": [ [ [ 78.3739834, 17.4588898 ], [ 78.3739249, 17.4587583 ], [ 78.3740606, 17.4587034 ], [ 78.3741191, 17.4588349 ], [ 78.3739834, 17.4588898 ] ] ] } },
{ "type": "Feature", "properties": { "cn": 65, "tags": { "leisure": "pitch", "sport": "volleyball" } }, "geometry": { "type": "Polygon", "coordinates": [ [ [ 78.3740721, 17.4590771 ], [ 78.3741457, 17.4592439 ], [ 78.3742338, 17.4592085 ], [ 78.3741602, 17.4590418 ], [ 78.3740721, 17.4590771 ] ] ] } },
{ "type": "Feature", "properties": { "cn": 65, "tags": { "leisure": "pitch", "sport": "basketball" } }, "geometry": { "type": "Polygon", "coordinates": [ [ [ 78.3725046, 17.4587732 ], [ 78.3725215, 17.4588086 ], [ 78.3725399, 17.4588472 ], [ 78.3727627, 17.4587506 ], [ 78.3727274, 17.4586766 ], [ 78.3725046, 17.4587732 ] ] ] } },
{ "type": "Feature", "properties": { "cn": 98, "tags": { "natural": "water" } }, "geometry": { "type": "Polygon", "coordinates": [ [ [ 78.3729764, 17.4587124 ], [ 78.3729767, 17.4587212 ], [ 78.3729806, 17.4587292 ], [ 78.3729874, 17.4587352 ], [ 78.372996, 17.4587383 ], [ 78.3730053, 17.458738 ], [ 78.3730137, 17.4587343 ], [ 78.37302, 17.4587278 ], [ 78.3730232, 17.4587196 ], [ 78.3730229, 17.4587108 ], [ 78.373019, 17.4587027 ], [ 78.3730123, 17.4586967 ], [ 78.3730036, 17.4586936 ], [ 78.3729943, 17.458694 ], [ 78.3729859, 17.4586976 ], [ 78.3729796, 17.4587041 ], [ 78.3729764, 17.4587124 ] ] ] } },
{ "type": "Feature", "properties": { "cn": 92, "tags": { "amenity": "waste_disposal", "landuse": "landfill" } }, "geometry": { "type": "Polygon", "coordinates": [ [ [ 78.3731407, 17.4597839 ], [ 78.3731694, 17.4598318 ], [ 78.3733303, 17.4597439 ], [ 78.3733015, 17.459696 ], [ 78.3731407, 17.4597839 ] ] ] } },
{ "type": "Feature", "properties": { "cn": 65, "tags": { "natural": "grassland" } }, "geometry": { "type": "Polygon", "coordinates": [ [ [ 78.3730181, 17.4589393 ], [ 78.373054, 17.4590079 ], [ 78.3730666, 17.4590019 ], [ 78.3730307, 17.4589333 ], [ 78.3730181, 17.4589393 ] ] ] } },
{ "type": "Feature", "properties": { "cn": 65, "tags": { "natural": "grassland" } }, "geometry": { "type": "Polygon", "coordinates": [ [ [ 78.3733477, 17.4593431 ], [ 78.3733782, 17.459407 ], [ 78.3733974, 17.4593986 ], [ 78.373367, 17.4593348 ], [ 78.3733477, 17.4593431 ] ] ] } },
{ "type": "Feature", "properties": { "cn": 65, "tags": { "natural": "grassland" } }, "geometry": { "type": "Polygon", "coordinates": [ [ [ 78.3732145, 17.4594021 ], [ 78.3732425, 17.4594608 ], [ 78.3732621, 17.4594523 ], [ 78.3732341, 17.4593936 ], [ 78.3732145, 17.4594021 ] ] ] } },
{ "type": "Feature", "properties": { "cn": 65, "tags": { "natural": "grassland" } }, "geometry": { "type": "Polygon", "coordinates": [ [ [ 78.3731, 17.458831 ], [ 78.3731109, 17.4588536 ], [ 78.3731369, 17.4588422 ], [ 78.373126, 17.4588196 ], [ 78.3731, 17.458831 ] ] ] } },
{ "type": "Feature", "properties": { "cn": 65, "tags": { "natural": "grassland" } }, "geometry": { "type": "Polygon", "coordinates": [ [ [ 78.3730444, 17.4588557 ], [ 78.3730567, 17.4588782 ], [ 78.3730767, 17.4588682 ], [ 78.3730644, 17.4588457 ], [ 78.3730444, 17.4588557 ] ] ] } },
{ "type": "Feature", "properties": { "cn": 65, "tags": { "natural": "grassland" } }, "geometry": { "type": "Polygon", "coordinates": [ [ [ 78.3729774, 17.4588849 ], [ 78.3729878, 17.4589075 ], [ 78.3730228, 17.4588929 ], [ 78.3730124, 17.4588703 ], [ 78.3729774, 17.4588849 ] ] ] } },
{ "type": "Feature", "properties": { "cn": 65, "tags": { "natural": "grassland" } }, "geometry": { "type": "Polygon", "coordinates": [ [ [ 78.3734192, 17.4594319 ], [ 78.3734343, 17.4594675 ], [ 78.3734825, 17.4594489 ], [ 78.3734674, 17.4594134 ], [ 78.3734192, 17.4594319 ] ] ] } },
{ "type": "Feature", "properties": { "cn": 65, "tags": { "natural": "grassland" } }, "geometry": { "type": "Polygon", "coordinates": [ [ [ 78.3733662, 17.4594483 ], [ 78.3733837, 17.4594857 ], [ 78.3734085, 17.4594751 ], [ 78.373391, 17.4594377 ], [ 78.3733662, 17.4594483 ] ] ] } },
{ "type": "Feature", "properties": { "cn": 65, "tags": { "natural": "grassland" } }, "geometry": { "type": "Polygon", "coordinates": [ [ [ 78.373306, 17.4594646 ], [ 78.3732742, 17.4594793 ], [ 78.3732963, 17.4595231 ], [ 78.3733282, 17.4595084 ], [ 78.373306, 17.4594646 ] ] ] } },
{ "type": "Feature", "properties": { "cn": 70, "tags": { "natural": "wood" } }, "geometry": { "type": "Polygon", "coordinates": [ [ [ 78.3738872, 17.4586722 ], [ 78.3739161, 17.4587438 ], [ 78.3740267, 17.4587016 ], [ 78.3740006, 17.4586818 ], [ 78.3739483, 17.4586728 ], [ 78.3738872, 17.4586722 ] ] ] } },
{ "type": "Feature", "properties": { "cn": 70, "tags": { "natural": "wood" } }, "geometry": { "type": "Polygon", "coordinates": [ [ [ 78.3739925, 17.4588967 ], [ 78.3740965, 17.4588513 ], [ 78.3740851, 17.4588903 ], [ 78.3740663, 17.4589197 ], [ 78.3740421, 17.4589479 ], [ 78.3740153, 17.45896 ], [ 78.3739925, 17.4588967 ] ] ] } },
{ "type": "Feature", "properties": { "cn": 70, "tags": { "natural": "wood" } }, "geometry": { "type": "Polygon", "coordinates": [ [ [ 78.3739465, 17.4583693 ], [ 78.3739717, 17.4584586 ], [ 78.3739918, 17.4584726 ], [ 78.3740066, 17.4584931 ], [ 78.3740133, 17.4585225 ], [ 78.3740093, 17.4585468 ], [ 78.3740606, 17.4587034 ], [ 78.3741191, 17.4588349 ], [ 78.3742544, 17.4592541 ], [ 78.374285, 17.4592443 ], [ 78.3739766, 17.4583583 ], [ 78.3739465, 17.4583693 ] ] ] } },
{ "type": "Feature", "properties": { "cn": 65, "tags": { "leisure": "pitch", "name": "Cricket Pitch", "sport": "cricket" } }, "geometry": { "type": "Polygon", "coordinates": [ [ [ 78.3739387, 17.4593292 ], [ 78.3739671, 17.4593863 ], [ 78.3741426, 17.459307 ], [ 78.3741142, 17.4592498 ], [ 78.3739387, 17.4593292 ] ] ] } },
{ "type": "Feature", "properties": { "cn": 70, "tags": { "natural": "wood" } }, "geometry": { "type": "Polygon", "coordinates": [ [ [ 78.3733106, 17.4596381 ], [ 78.3732958, 17.4596534 ], [ 78.3732918, 17.4596675 ], [ 78.3733015, 17.459696 ], [ 78.3733303, 17.4597439 ], [ 78.3733642, 17.4597225 ], [ 78.3739671, 17.4593863 ], [ 78.3739387, 17.4593292 ], [ 78.3739302, 17.4593266 ], [ 78.3739171, 17.4593291 ], [ 78.3738983, 17.4593374 ], [ 78.3736056, 17.4594654 ], [ 78.3735761, 17.4594846 ], [ 78.3735681, 17.4594986 ], [ 78.3735634, 17.459514 ], [ 78.3735573, 17.4595319 ], [ 78.3735459, 17.4595447 ], [ 78.3735225, 17.4595556 ], [ 78.3733106, 17.4596381 ] ] ] } },
{ "type": "Feature", "properties": { "cn": 65, "tags": { "natural": "grassland" } }, "geometry": { "type": "Polygon", "coordinates": [ [ [ 78.3740737, 17.4591938 ], [ 78.374074, 17.459158 ], [ 78.3741045, 17.4592026 ], [ 78.3741085, 17.4592111 ], [ 78.374109, 17.4592166 ], [ 78.3741058, 17.4592236 ], [ 78.3741, 17.4592274 ], [ 78.3740866, 17.4592324 ], [ 78.3740428, 17.4592434 ], [ 78.3740618, 17.4592228 ], [ 78.3740698, 17.4592119 ], [ 78.3740729, 17.4592042 ], [ 78.3740737, 17.4591938 ] ] ] } },
{ "type": "Feature", "properties": { "cn": 70, "tags": { "natural": "wood" } }, "geometry": { "type": "Polygon", "coordinates": [ [ [ 78.3722598, 17.4589092 ], [ 78.372457, 17.4593227 ], [ 78.3727051, 17.4598245 ], [ 78.3727289, 17.4598457 ], [ 78.372749, 17.4598549 ], [ 78.3727805, 17.459854 ], [ 78.3728056, 17.4598511 ], [ 78.3728224, 17.4598511 ], [ 78.3728306, 17.4598608 ], [ 78.372701, 17.4599244 ], [ 78.372239, 17.4589166 ], [ 78.3722598, 17.4589092 ] ] ] } },
{ "type": "Feature", "properties": { "cn": 70, "tags": { "natural": "wood" } }, "geometry": { "type": "Polygon", "coordinates": [ [ [ 78.3727697, 17.4579668 ], [ 78.3727476, 17.4579826 ], [ 78.3727466, 17.4579857 ], [ 78.3727465, 17.4579903 ], [ 78.3730115, 17.4585526 ], [ 78.3730222, 17.4585679 ], [ 78.373033, 17.4585737 ], [ 78.3730524, 17.4585782 ], [ 78.3730851, 17.4585718 ], [ 78.3727697, 17.4579668 ] ] ] } },
{ "type": "Feature", "properties": { "cn": 70, "tags": { "natural": "wood" } }, "geometry": { "type": "Polygon", "coordinates": [ [ [ 78.3718465, 17.4578559 ], [ 78.3718622, 17.4578669 ], [ 78.3719071, 17.4578765 ], [ 78.3719373, 17.4578771 ], [ 78.3720037, 17.4578726 ], [ 78.3720452, 17.4578617 ], [ 78.3721069, 17.4578419 ], [ 78.3721119, 17.4578372 ], [ 78.372117, 17.4578285 ], [ 78.3721174, 17.4578238 ], [ 78.3721163, 17.4578202 ], [ 78.3721125, 17.4578165 ], [ 78.3719373, 17.4578547 ], [ 78.3719309, 17.4578362 ], [ 78.3718465, 17.4578559 ] ] ] } },
{ "type": "Feature", "properties": { "cn": 65, "tags": { "natural": "grassland" } }, "geometry": { "type": "Polygon", "coordinates": [ [ [ 78.3738711, 17.4584515 ], [ 78.3738571, 17.4584957 ], [ 78.3738561, 17.4585209 ], [ 78.3738581, 17.4585491 ], [ 78.3738738, 17.4585756 ], [ 78.373902, 17.458598 ], [ 78.3739509, 17.4586204 ], [ 78.3739509, 17.4586517 ], [ 78.3739473, 17.4586559 ], [ 78.3738846, 17.4586591 ], [ 78.3738765, 17.4586559 ], [ 78.373794, 17.4584905 ], [ 78.3737937, 17.4584829 ], [ 78.3737971, 17.4584761 ], [ 78.3738711, 17.4584515 ] ] ] } },
{ "type": "Feature", "properties": { "cn": 92, "tags": { "amenity": "waste_disposal", "landuse": "landfill", "name": "Pragathi Nagar Dumpyard" } }, "geometry": { "type": "Polygon", "coordinates": [ [ [ 78.3980526, 17.5130239 ], [ 78.3982954, 17.5131761 ], [ 78.3983732, 17.5132733 ], [ 78.3984308, 17.5133385 ], [ 78.3985019, 17.5133807 ], [ 78.3986319, 17.5134229 ], [ 78.3989015, 17.5134063 ], [ 78.3991697, 17.5133385 ], [ 78.3993012, 17.5131262 ], [ 78.3993722, 17.5129381 ], [ 78.3993266, 17.5127783 ], [ 78.3991724, 17.5126709 ], [ 78.3990464, 17.5126044 ], [ 78.3988827, 17.5125967 ], [ 78.3986548, 17.5126683 ], [ 78.3985072, 17.5127374 ], [ 78.3983088, 17.5127399 ], [ 78.3981746, 17.5126658 ], [ 78.3979037, 17.5125404 ], [ 78.3976731, 17.5125379 ], [ 78.3976107, 17.5125564 ], [ 78.397543, 17.5125897 ], [ 78.3975282, 17.5126644 ], [ 78.3975346, 17.5127767 ], [ 78.3975403, 17.5127949 ], [ 78.3975467, 17.5128112 ], [ 78.3975538, 17.5128224 ], [ 78.3975672, 17.5128336 ], [ 78.3978019, 17.5129075 ], [ 78.3980526, 17.5130239 ] ] ] } },
{ "type": "Feature", "properties": { "cn": 70, "tags": { "natural": "wood" } }, "geometry": { "type": "Polygon", "coordinates": [ [ [ 78.3820961, 17.455123 ], [ 78.3821051, 17.4551091 ], [ 78.3819072, 17.4548154 ], [ 78.3815914, 17.4545425 ], [ 78.3809886, 17.4551822 ], [ 78.3805878, 17.4556075 ], [ 78.381077, 17.4560533 ], [ 78.3810957, 17.4560163 ], [ 78.3810947, 17.4559984 ], [ 78.381088, 17.455984 ], [ 78.3808422, 17.4557604 ], [ 78.3807001, 17.4556255 ], [ 78.380694, 17.4556056 ], [ 78.380698, 17.4555884 ], [ 78.3807242, 17.4555513 ], [ 78.3808221, 17.4554854 ], [ 78.3808677, 17.4554886 ], [ 78.3809099, 17.4555033 ], [ 78.3809549, 17.4555225 ], [ 78.3809951, 17.4555391 ], [ 78.381042, 17.4555564 ], [ 78.3810742, 17.4555666 ], [ 78.3811004, 17.4555736 ], [ 78.3811245, 17.4555768 ], [ 78.3811386, 17.4555781 ], [ 78.3811594, 17.4555768 ], [ 78.3811688, 17.4555749 ], [ 78.381172, 17.4555722 ], [ 78.3811729, 17.4555703 ], [ 78.3811732, 17.4555673 ], [ 78.3811726, 17.4555641 ], [ 78.3811721, 17.4555542 ], [ 78.3809642, 17.4553817 ], [ 78.3812319, 17.455088 ], [ 78.3814108, 17.4548918 ], [ 78.3818413, 17.454824 ], [ 78.3820961, 17.455123 ] ] ] } },
{ "type": "Feature", "properties": { "cn": 65, "tags": { "landuse": "grass" } }, "geometry": { "type": "Polygon", "coordinates": [ [ [ 78.3823308, 17.4561737 ], [ 78.3823013, 17.4564935 ], [ 78.3825665, 17.4565101 ], [ 78.3826079, 17.4562009 ], [ 78.3823308, 17.4561737 ] ] ] } },
{ "type": "Feature", "properties": { "cn": 65, "tags": { "landuse": "grass" } }, "geometry": { "type": "Polygon", "coordinates": [ [ [ 78.3819734, 17.4568581 ], [ 78.3822004, 17.4566013 ], [ 78.3822162, 17.4565837 ], [ 78.3822272, 17.4565776 ], [ 78.382242, 17.4565741 ], [ 78.3822577, 17.456576 ], [ 78.3824733, 17.4566806 ], [ 78.3825286, 17.4567099 ], [ 78.3824623, 17.4570372 ], [ 78.3823163, 17.4571972 ], [ 78.3822666, 17.4571468 ], [ 78.3821739, 17.4570526 ], [ 78.3819667, 17.4568638 ], [ 78.3819734, 17.4568581 ] ] ] } },
{ "type": "Feature", "properties": { "cn": 65, "tags": { "landuse": "grass" } }, "geometry": { "type": "Polygon", "coordinates": [ [ [ 78.3820179, 17.4558097 ], [ 78.3822141, 17.4559687 ], [ 78.3820182, 17.4561853 ], [ 78.3818232, 17.4560249 ], [ 78.3820179, 17.4558097 ] ] ] } },
{ "type": "Feature", "properties": { "cn": 70, "tags": { "natural": "wood" } }, "geometry": { "type": "Polygon", "coordinates": [ [ [ 78.3822666, 17.4571468 ], [ 78.3823778, 17.4570231 ], [ 78.3824408, 17.456899 ], [ 78.3824716, 17.4566956 ], [ 78.3824733, 17.4566806 ], [ 78.3825286, 17.4567099 ], [ 78.3824623, 17.4570372 ], [ 78.3823163, 17.4571972 ], [ 78.3822666, 17.4571468 ] ] ] } },
{ "type": "Feature", "properties": { "cn": 92, "tags": { "addr:city": "Hyderabad", "addr:housenumber": "IKEA", "addr:street": "Hi Tech City Main Road", "barrier": "wall", "brand": "IKEA", "brand:wikidata": "Q54078", "brand:wikipedia": "en:IKEA", "landuse": "retail", "name": "IKEA", "website": "https://www.ikea.com/in/en/stores/hyderabad/", "wheelchair": "yes" } }, "geometry": { "type": "Polygon", "coordinates": [ [ [ 78.3745672, 17.4372499 ], [ 78.3741662, 17.4376722 ], [ 78.3740669, 17.4385537 ], [ 78.3740401, 17.4392728 ], [ 78.375278, 17.4403555 ], [ 78.3753504, 17.440272 ], [ 78.3753789, 17.4402973 ], [ 78.3757145, 17.4400929 ], [ 78.3760813, 17.4397769 ], [ 78.3763254, 17.4395965 ], [ 78.3763374, 17.4395958 ], [ 78.3766258, 17.4392894 ], [ 78.3766325, 17.4391487 ], [ 78.3764233, 17.4389644 ], [ 78.3757809, 17.438404 ], [ 78.3753973, 17.4380624 ], [ 78.3750151, 17.4376926 ], [ 78.3745672, 17.4372499 ] ] ] } },
{ "type": "Feature", "properties": { "cn": 92, "tags": { "landuse": "retail" } }, "geometry": { "type": "Polygon", "coordinates": [ [ [ 78.3884443, 17.4831114 ], [ 78.3892959, 17.4831504 ], [ 78.3896184, 17.4840625 ], [ 78.3896036, 17.4842889 ], [ 78.3895379, 17.4844616 ], [ 78.3893622, 17.4846509 ], [ 78.3889961, 17.4848146 ], [ 78.3886964, 17.4849527 ], [ 78.3883222, 17.4850692 ], [ 78.388345, 17.4845121 ], [ 78.3883732, 17.4839128 ], [ 78.3884443, 17.4831114 ] ] ] } },
{ "type": "Feature", "properties": { "cn": 92, "tags": { "leisure": "sports_centre", "sport": "swimming" } }, "geometry": { "type": "Polygon", "coordinates": [ [ [ 78.3313432, 17.5049988 ], [ 78.3314847, 17.5049188 ], [ 78.3316102, 17.5051207 ], [ 78.3314688, 17.5052007 ], [ 78.3313432, 17.5049988 ] ] ] } },
{ "type": "Feature", "properties": { "cn": 82, "tags": { "landuse": "religious", "name": "Hindu Temple", "religion": "hindu" } }, "geometry": { "type": "Polygon", "coordinates": [ [ [ 78.3991429, 17.508137 ], [ 78.398745, 17.508167 ], [ 78.3987275, 17.5081745 ], [ 78.3986821, 17.5081793 ], [ 78.3985571, 17.5081805 ], [ 78.3984804, 17.5081868 ], [ 78.3983208, 17.5081868 ], [ 78.398231, 17.5082111 ], [ 78.3981223, 17.5082943 ], [ 78.3981009, 17.5083531 ], [ 78.3981237, 17.5084401 ], [ 78.3981974, 17.5085181 ], [ 78.3982551, 17.5085373 ], [ 78.3983041, 17.5085876 ], [ 78.3983609, 17.5086569 ], [ 78.3983758, 17.5087458 ], [ 78.3983409, 17.5088071 ], [ 78.3983476, 17.5089223 ], [ 78.3983771, 17.5089824 ], [ 78.3984187, 17.5090118 ], [ 78.398577, 17.5090297 ], [ 78.3987567, 17.5089888 ], [ 78.3988613, 17.5089772 ], [ 78.3990531, 17.5089734 ], [ 78.3991604, 17.5089913 ], [ 78.3992355, 17.5090156 ], [ 78.3992837, 17.5090655 ], [ 78.3993199, 17.5091179 ], [ 78.399379, 17.5091474 ], [ 78.3994581, 17.5091435 ], [ 78.3995023, 17.5091167 ], [ 78.3995117, 17.5090642 ], [ 78.3995359, 17.5089939 ], [ 78.3995667, 17.5089504 ], [ 78.3996351, 17.5089056 ], [ 78.3998188, 17.5088314 ], [ 78.3998738, 17.5087982 ], [ 78.3999, 17.5087752 ], [ 78.3999154, 17.5087291 ], [ 78.3999301, 17.5086805 ], [ 78.3999543, 17.5086153 ], [ 78.3999878, 17.508559 ], [ 78.4000106, 17.5084618 ], [ 78.3999992, 17.5084222 ], [ 78.3999657, 17.5083659 ], [ 78.3999335, 17.5083339 ], [ 78.399912, 17.5083026 ], [ 78.3998906, 17.5082559 ], [ 78.3998504, 17.5082316 ], [ 78.3997907, 17.5082156 ], [ 78.3997571, 17.508215 ], [ 78.3996908, 17.5082073 ], [ 78.3996371, 17.5081932 ], [ 78.3996029, 17.5081702 ], [ 78.3995339, 17.5081344 ], [ 78.3994487, 17.5081037 ], [ 78.3993944, 17.5080935 ], [ 78.3993535, 17.5080992 ], [ 78.3992616, 17.5081536 ], [ 78.3992066, 17.5081689 ], [ 78.3991805, 17.5081632 ], [ 78.3991429, 17.508137 ] ] ] } },
{ "type": "Feature", "properties": { "cn": 70, "tags": { "natural": "wood" } }, "geometry": { "type": "Polygon", "coordinates": [ [ [ 78.3722323, 17.4589019 ], [ 78.3718108, 17.4579826 ], [ 78.3718293, 17.4579782 ], [ 78.3718343, 17.4579785 ], [ 78.371839, 17.4579809 ], [ 78.3719212, 17.4581678 ], [ 78.3720328, 17.4584058 ], [ 78.3720922, 17.4585174 ], [ 78.3721203, 17.4585686 ], [ 78.3722534, 17.4588939 ], [ 78.3722323, 17.4589019 ] ] ] } },
{ "type": "Feature", "properties": { "cn": 65, "tags": { "natural": "grassland" } }, "geometry": { "type": "Polygon", "coordinates": [ [ [ 78.3963612, 17.4962477 ], [ 78.3962129, 17.4962904 ], [ 78.3962297, 17.4963278 ], [ 78.3962431, 17.4963351 ], [ 78.3962549, 17.4963393 ], [ 78.3962669, 17.4963403 ], [ 78.3962921, 17.4963379 ], [ 78.3963175, 17.4963339 ], [ 78.3963343, 17.4963287 ], [ 78.3963454, 17.496323 ], [ 78.3963568, 17.4963156 ], [ 78.3963652, 17.4963019 ], [ 78.3963705, 17.4962901 ], [ 78.3963709, 17.4962773 ], [ 78.3963688, 17.4962648 ], [ 78.3963612, 17.4962477 ] ] ] } },
{ "type": "Feature", "properties": { "cn": 65, "tags": { "leisure": "track" } }, "geometry": { "type": "Polygon", "coordinates": [ [ [ 78.3972725, 17.5201523 ], [ 78.3972986, 17.520157 ], [ 78.3977487, 17.520158 ], [ 78.3977837, 17.5201394 ], [ 78.3978122, 17.5201132 ], [ 78.3978229, 17.5200953 ], [ 78.39783, 17.5200797 ], [ 78.3978363, 17.5200477 ], [ 78.3978347, 17.5200071 ], [ 78.3978196, 17.5199805 ], [ 78.3977998, 17.5199559 ], [ 78.3977686, 17.5199252 ], [ 78.3977519, 17.5199166 ], [ 78.3972757, 17.5199108 ], [ 78.3972392, 17.5199463 ], [ 78.3972151, 17.5199901 ], [ 78.3972087, 17.5200199 ], [ 78.3972084, 17.5200758 ], [ 78.3972265, 17.5201139 ], [ 78.39725, 17.5201385 ], [ 78.3972725, 17.5201523 ] ] ] } },
{ "type": "Feature", "properties": { "cn": 92, "tags": { "leisure": "sports_centre", "name": "Pragathi Nagar Skating Academy" } }, "geometry": { "type": "Polygon", "coordinates": [ [ [ 78.3971735, 17.5199038 ], [ 78.3971681, 17.5201788 ], [ 78.3975535, 17.5201785 ], [ 78.3978736, 17.520173 ], [ 78.3978648, 17.5199051 ], [ 78.3971735, 17.5199038 ] ] ] } },
{ "type": "Feature", "properties": { "cn": 65, "tags": { "leisure": "pitch", "sport": "roller_skating" } }, "geometry": { "type": "Polygon", "coordinates": [ [ [ 78.3972265, 17.5201139 ], [ 78.39725, 17.5201385 ], [ 78.3972725, 17.5201523 ], [ 78.3972986, 17.520157 ], [ 78.3977487, 17.520158 ], [ 78.3977837, 17.5201394 ], [ 78.3978122, 17.5201132 ], [ 78.3978229, 17.5200953 ], [ 78.39783, 17.5200797 ], [ 78.3978363, 17.5200477 ], [ 78.3978347, 17.5200071 ], [ 78.3978196, 17.5199805 ], [ 78.3977998, 17.5199559 ], [ 78.3977686, 17.5199252 ], [ 78.3977519, 17.5199166 ], [ 78.3972757, 17.5199108 ], [ 78.3972392, 17.5199463 ], [ 78.3972151, 17.5199901 ], [ 78.3972087, 17.5200199 ], [ 78.3972084, 17.5200758 ], [ 78.3972265, 17.5201139 ] ] ] } },
{ "type": "Feature", "properties": { "cn": 92, "tags": { "landuse": "commercial" } }, "geometry": { "type": "Polygon", "coordinates": [ [ [ 78.3974142, 17.4960221 ], [ 78.3974354, 17.4960886 ], [ 78.3975349, 17.496402 ], [ 78.3977482, 17.4963214 ], [ 78.3979829, 17.4959633 ], [ 78.3979131, 17.4958123 ], [ 78.3974142, 17.4960221 ] ] ] } },
{ "type": "Feature", "properties": { "cn": 65, "tags": { "leisure": "dog_park", "name": "Hyderabad Dog Park", "wheelchair": "limited" } }, "geometry": { "type": "Polygon", "coordinates": [ [ [ 78.3615001, 17.4485749 ], [ 78.3619367, 17.4484277 ], [ 78.3622468, 17.4493962 ], [ 78.3619514, 17.4494858 ], [ 78.3618555, 17.4493323 ], [ 78.361763, 17.449084 ], [ 78.3616979, 17.4489184 ], [ 78.3616275, 17.4488448 ], [ 78.3615799, 17.4488019 ], [ 78.3615565, 17.4487789 ], [ 78.3615471, 17.4487437 ], [ 78.3615001, 17.4485749 ] ] ] } },
{ "type": "Feature", "properties": { "cn": 65, "tags": { "access": "yes", "leisure": "playground" } }, "geometry": { "type": "Polygon", "coordinates": [ [ [ 78.361823, 17.4488534 ], [ 78.3618404, 17.4488755 ], [ 78.3618485, 17.4488947 ], [ 78.3618582, 17.4489203 ], [ 78.3619117, 17.4490976 ], [ 78.3619167, 17.4491643 ], [ 78.3619665, 17.4491647 ], [ 78.3619869, 17.4491723 ], [ 78.361998, 17.4491845 ], [ 78.3620054, 17.4492021 ], [ 78.3620067, 17.4492277 ], [ 78.3620053, 17.4492451 ], [ 78.3620211, 17.4492385 ], [ 78.3620361, 17.4492337 ], [ 78.362055, 17.4492318 ], [ 78.3620716, 17.4492357 ], [ 78.3620812, 17.4492389 ], [ 78.3620872, 17.4492411 ], [ 78.3620944, 17.4492421 ], [ 78.3621043, 17.4492397 ], [ 78.3621144, 17.4492302 ], [ 78.3621271, 17.4492187 ], [ 78.3621368, 17.4492059 ], [ 78.3621439, 17.4491934 ], [ 78.3621475, 17.44918 ], [ 78.3621465, 17.4491694 ], [ 78.3621412, 17.4491586 ], [ 78.3621341, 17.4491509 ], [ 78.3621207, 17.4491375 ], [ 78.3621083, 17.4491291 ], [ 78.3620942, 17.4491199 ], [ 78.3620805, 17.4491112 ], [ 78.3620711, 17.4490988 ], [ 78.3620597, 17.4490834 ], [ 78.36205, 17.4490645 ], [ 78.3619839, 17.4488484 ], [ 78.3619802, 17.4488361 ], [ 78.3619783, 17.4488294 ], [ 78.3619756, 17.4488203 ], [ 78.3619521, 17.4488205 ], [ 78.3619343, 17.4488163 ], [ 78.3619199, 17.4488109 ], [ 78.3619085, 17.4487967 ], [ 78.3619031, 17.4487837 ], [ 78.3619018, 17.4487674 ], [ 78.3619015, 17.4487527 ], [ 78.3618793, 17.4487717 ], [ 78.3618644, 17.4487783 ], [ 78.3618495, 17.4487802 ], [ 78.3618304, 17.4487815 ], [ 78.3618426, 17.4488063 ], [ 78.3618455, 17.4488183 ], [ 78.3618431, 17.4488296 ], [ 78.3618327, 17.4488467 ], [ 78.361823, 17.4488534 ] ] ] } },
{ "type": "Feature", "properties": { "cn": 65, "tags": { "leisure": "pitch" } }, "geometry": { "type": "Polygon", "coordinates": [ [ [ 78.3843197, 17.4427273 ], [ 78.3842635, 17.44255 ], [ 78.3845653, 17.442463 ], [ 78.3846214, 17.4426403 ], [ 78.3843197, 17.4427273 ] ] ] } },
{ "type": "Feature", "properties": { "cn": 82, "tags": { "addr:city": "Hyderabad", "addr:place": "Madhapur", "addr:state": "Telangana", "landuse": "residential", "name": "Fresh Living Apartments" } }, "geometry": { "type": "Polygon", "coordinates": [ [ [ 78.3845142, 17.4415259 ], [ 78.3845302, 17.440606 ], [ 78.3854481, 17.4404332 ], [ 78.385555, 17.440969 ], [ 78.3859601, 17.440887 ], [ 78.3861369, 17.4417216 ], [ 78.3857694, 17.4418892 ], [ 78.3856031, 17.4415476 ], [ 78.3850707, 17.4415822 ], [ 78.3850144, 17.4414837 ], [ 78.3845142, 17.4415259 ] ] ] } },
{ "type": "Feature", "properties": { "cn": 92, "tags": { "government": "military", "landuse": "military", "name": "NIA Hyderabad", "office": "government", "website": "https://www.nia.gov.in/" } }, "geometry": { "type": "Polygon", "coordinates": [ [ [ 78.385815, 17.4650175 ], [ 78.3857732, 17.4647199 ], [ 78.3856018, 17.4635009 ], [ 78.3855984, 17.4634651 ], [ 78.3856011, 17.4634479 ], [ 78.3856085, 17.4634338 ], [ 78.3856219, 17.4634204 ], [ 78.3856655, 17.4634037 ], [ 78.3860942, 17.4632353 ], [ 78.3863166, 17.4631504 ], [ 78.3868205, 17.4629597 ], [ 78.387077, 17.4628626 ], [ 78.3874404, 17.4627212 ], [ 78.385815, 17.4650175 ] ] ] } },
{ "type": "Feature", "properties": { "cn": 65, "tags": { "leisure": "park", "name": "Jal Vayu Vihar Park", "source": "local knowledge" } }, "geometry": { "type": "Polygon", "coordinates": [ [ [ 78.3975993, 17.4995996 ], [ 78.397893, 17.5000652 ], [ 78.3979634, 17.5000575 ], [ 78.3978695, 17.4997109 ], [ 78.3978065, 17.499599 ], [ 78.3975993, 17.4995996 ] ] ] } },
{ "type": "Feature", "properties": { "cn": 65, "tags": { "natural": "grassland" } }, "geometry": { "type": "Polygon", "coordinates": [ [ [ 78.3609523, 17.4277329 ], [ 78.3609603, 17.4279377 ], [ 78.3609885, 17.4280106 ], [ 78.3610341, 17.4281015 ], [ 78.3612607, 17.4283548 ], [ 78.3616859, 17.4287131 ], [ 78.3617918, 17.4287003 ], [ 78.3618334, 17.4285096 ], [ 78.3618696, 17.42831 ], [ 78.36193, 17.4280887 ], [ 78.3619863, 17.4279108 ], [ 78.36193, 17.4274003 ], [ 78.3618277, 17.4271552 ], [ 78.3618119, 17.4271447 ], [ 78.3617989, 17.4271392 ], [ 78.361769, 17.4271428 ], [ 78.3613995, 17.4272256 ], [ 78.3612695, 17.4272864 ], [ 78.3611481, 17.427374 ], [ 78.3610368, 17.4275077 ], [ 78.3609577, 17.4276651 ], [ 78.3609523, 17.4277329 ] ] ] } },
{ "type": "Feature", "properties": { "cn": 65, "tags": { "natural": "grassland" } }, "geometry": { "type": "Polygon", "coordinates": [ [ [ 78.3583863, 17.4235459 ], [ 78.3584361, 17.4235353 ], [ 78.3584672, 17.4234967 ], [ 78.3584649, 17.423448 ], [ 78.3584304, 17.4234121 ], [ 78.3583798, 17.4234058 ], [ 78.3583368, 17.423432 ], [ 78.3583214, 17.4234784 ], [ 78.358341, 17.4235234 ], [ 78.3583863, 17.4235459 ] ] ] } },
{ "type": "Feature", "properties": { "cn": 70, "tags": { "natural": "wood" } }, "geometry": { "type": "Polygon", "coordinates": [ [ [ 78.3626005, 17.4292338 ], [ 78.3624355, 17.429033 ], [ 78.3624154, 17.4289831 ], [ 78.3624168, 17.4289472 ], [ 78.3624342, 17.4289076 ], [ 78.3624691, 17.4288845 ], [ 78.3625522, 17.4288551 ], [ 78.3626474, 17.428827 ], [ 78.3627427, 17.428786 ], [ 78.3628687, 17.4287195 ], [ 78.3629318, 17.4286849 ], [ 78.3631892, 17.4285391 ], [ 78.3632389, 17.4284623 ], [ 78.3632657, 17.4283996 ], [ 78.3632737, 17.4283241 ], [ 78.3632831, 17.4282384 ], [ 78.363263, 17.4277393 ], [ 78.3632724, 17.4276971 ], [ 78.3633234, 17.42766 ], [ 78.3633931, 17.4276408 ], [ 78.363487, 17.4276293 ], [ 78.3635339, 17.4275909 ], [ 78.3635768, 17.4275525 ], [ 78.3636211, 17.4275077 ], [ 78.3636788, 17.4274527 ], [ 78.3637471, 17.4274207 ], [ 78.3638102, 17.4273452 ], [ 78.3638209, 17.4272518 ], [ 78.3638263, 17.4272083 ], [ 78.3638048, 17.4271316 ], [ 78.3637471, 17.4270714 ], [ 78.3636613, 17.4270228 ], [ 78.3636023, 17.426978 ], [ 78.3635567, 17.4269256 ], [ 78.3635312, 17.4268782 ], [ 78.3635218, 17.4268245 ], [ 78.3635487, 17.4267439 ], [ 78.363609, 17.4267157 ], [ 78.3636667, 17.4266786 ], [ 78.3637565, 17.4266453 ], [ 78.3638155, 17.426621 ], [ 78.3638705, 17.426589 ], [ 78.3639175, 17.4265532 ], [ 78.3639657, 17.4265033 ], [ 78.3639818, 17.4264662 ], [ 78.3639885, 17.426415 ], [ 78.3640261, 17.4263702 ], [ 78.3640891, 17.4263587 ], [ 78.364175, 17.4263933 ], [ 78.3642688, 17.4264073 ], [ 78.3643466, 17.4263997 ], [ 78.3644553, 17.4263689 ], [ 78.3645746, 17.4263318 ], [ 78.3648187, 17.4262551 ], [ 78.3649273, 17.4262103 ], [ 78.3650279, 17.4261732 ], [ 78.3651392, 17.4261079 ], [ 78.3652747, 17.4260785 ], [ 78.3653457, 17.4260747 ], [ 78.3656354, 17.426122 ], [ 78.3657159, 17.4261821 ], [ 78.3658084, 17.4262935 ], [ 78.3658621, 17.4263997 ], [ 78.3659184, 17.4265442 ], [ 78.3659144, 17.426694 ], [ 78.3658876, 17.42674 ], [ 78.3658782, 17.4268846 ], [ 78.3655122, 17.4271907 ], [ 78.3647302, 17.4277828 ], [ 78.363144, 17.4288578 ], [ 78.3630786, 17.4289021 ], [ 78.3626005, 17.4292338 ] ] ] } },
{ "type": "Feature", "properties": { "cn": 70, "tags": { "natural": "wood" } }, "geometry": { "type": "Polygon", "coordinates": [ [ [ 78.3612444, 17.4250294 ], [ 78.3618066, 17.4253197 ], [ 78.3619702, 17.425344 ], [ 78.3620842, 17.4253658 ], [ 78.3621244, 17.4254106 ], [ 78.3621633, 17.4254835 ], [ 78.3621794, 17.4255756 ], [ 78.3621794, 17.4257061 ], [ 78.3621848, 17.4257701 ], [ 78.3621928, 17.4257906 ], [ 78.3622143, 17.4258891 ], [ 78.3622438, 17.4259185 ], [ 78.36228, 17.4259365 ], [ 78.3623095, 17.4259403 ], [ 78.3623806, 17.4259365 ], [ 78.3624637, 17.4259134 ], [ 78.3625911, 17.4258674 ], [ 78.3636734, 17.4255219 ], [ 78.3637445, 17.4254861 ], [ 78.3637726, 17.4254362 ], [ 78.3637847, 17.425385 ], [ 78.3637793, 17.4253095 ], [ 78.3637418, 17.4251956 ], [ 78.3636023, 17.4247682 ], [ 78.3636332, 17.4246863 ], [ 78.3636989, 17.4246288 ], [ 78.3637995, 17.4245788 ], [ 78.3639161, 17.42452 ], [ 78.3639684, 17.4244701 ], [ 78.3640073, 17.4244279 ], [ 78.3640234, 17.4243613 ], [ 78.3640181, 17.4242756 ], [ 78.3639698, 17.4241681 ], [ 78.3639403, 17.4241566 ], [ 78.3639202, 17.4241553 ], [ 78.3638759, 17.4241643 ], [ 78.3638075, 17.4242001 ], [ 78.363727, 17.4242359 ], [ 78.3636627, 17.4242526 ], [ 78.3636251, 17.4242462 ], [ 78.3635795, 17.4242065 ], [ 78.3635527, 17.4241438 ], [ 78.3634966, 17.4240446 ], [ 78.3634575, 17.4240082 ], [ 78.3634169, 17.4239768 ], [ 78.3633502, 17.4239403 ], [ 78.3631839, 17.4238661 ], [ 78.3631296, 17.423854 ], [ 78.3630565, 17.42387 ], [ 78.3629572, 17.423886 ], [ 78.3629183, 17.423877 ], [ 78.3628741, 17.4238744 ], [ 78.3628473, 17.4238693 ], [ 78.3627896, 17.4238764 ], [ 78.3627748, 17.4238872 ], [ 78.3627279, 17.4240274 ], [ 78.3627212, 17.4241054 ], [ 78.3627078, 17.424195 ], [ 78.3626702, 17.4242705 ], [ 78.3626086, 17.4243063 ], [ 78.3625482, 17.4243114 ], [ 78.3624449, 17.4242794 ], [ 78.3623698, 17.4242155 ], [ 78.3623202, 17.4241412 ], [ 78.3622572, 17.4240913 ], [ 78.3622156, 17.4240747 ], [ 78.3621311, 17.4240619 ], [ 78.3620627, 17.4240581 ], [ 78.3620211, 17.4240581 ], [ 78.3619755, 17.4240657 ], [ 78.3618964, 17.4240926 ], [ 78.3618629, 17.4241246 ], [ 78.3618012, 17.4242039 ], [ 78.3613694, 17.4247951 ], [ 78.3613104, 17.4248629 ], [ 78.3612715, 17.4249115 ], [ 78.3612446, 17.4249691 ], [ 78.361242, 17.4250088 ], [ 78.3612444, 17.4250294 ] ] ] } },
{ "type": "Feature", "properties": { "cn": 65, "tags": { "natural": "grassland" } }, "geometry": { "type": "Polygon", "coordinates": [ [ [ 78.3622498, 17.4262372 ], [ 78.362231, 17.4262442 ], [ 78.3622203, 17.4262583 ], [ 78.3622109, 17.4262864 ], [ 78.3621435, 17.426908 ], [ 78.3621429, 17.426931 ], [ 78.3621475, 17.4269393 ], [ 78.3621663, 17.4269489 ], [ 78.3622052, 17.4269579 ], [ 78.3623621, 17.4269531 ], [ 78.362402, 17.4269393 ], [ 78.3624117, 17.4269272 ], [ 78.3624134, 17.4269073 ], [ 78.362406, 17.4268373 ], [ 78.362403, 17.4265215 ], [ 78.3624185, 17.4262858 ], [ 78.3624151, 17.4262714 ], [ 78.3624091, 17.4262615 ], [ 78.3623916, 17.4262535 ], [ 78.3623601, 17.4262477 ], [ 78.3622498, 17.4262372 ] ] ] } },
{ "type": "Feature", "properties": { "cn": 65, "tags": { "natural": "grassland" } }, "geometry": { "type": "Polygon", "coordinates": [ [ [ 78.3621331, 17.4270535 ], [ 78.3620507, 17.427257 ], [ 78.3620379, 17.4272966 ], [ 78.3620279, 17.4273369 ], [ 78.3620218, 17.4273734 ], [ 78.3620185, 17.4274022 ], [ 78.3620245, 17.4274239 ], [ 78.3620453, 17.4274348 ], [ 78.3620667, 17.4274367 ], [ 78.3621137, 17.4274348 ], [ 78.3621586, 17.4274291 ], [ 78.3622371, 17.4274175 ], [ 78.3622974, 17.4274054 ], [ 78.3623262, 17.4273964 ], [ 78.3623497, 17.4273779 ], [ 78.3623745, 17.4273574 ], [ 78.3623886, 17.427344 ], [ 78.3623993, 17.4273209 ], [ 78.3624074, 17.4272973 ], [ 78.3624094, 17.4272678 ], [ 78.3624027, 17.4272218 ], [ 78.3623933, 17.4271885 ], [ 78.3623859, 17.4271559 ], [ 78.3623832, 17.4271296 ], [ 78.3623745, 17.4271079 ], [ 78.362347, 17.4270753 ], [ 78.3623148, 17.4270529 ], [ 78.3622867, 17.4270375 ], [ 78.3622558, 17.4270292 ], [ 78.3622169, 17.427026 ], [ 78.3621841, 17.4270279 ], [ 78.3621512, 17.427035 ], [ 78.3621358, 17.4270433 ], [ 78.3621331, 17.4270535 ] ] ] } },
{ "type": "Feature", "properties": { "cn": 98, "tags": { "natural": "water", "water": "lake" } }, "geometry": { "type": "Polygon", "coordinates": [ [ [ 78.373327, 17.4256284 ], [ 78.373328, 17.425645 ], [ 78.3733324, 17.4256598 ], [ 78.3733377, 17.4256697 ], [ 78.3733434, 17.4256764 ], [ 78.3733491, 17.4256818 ], [ 78.3733599, 17.4256857 ], [ 78.3733733, 17.4256863 ], [ 78.3733917, 17.4256841 ], [ 78.3734021, 17.4256815 ], [ 78.3734122, 17.4256751 ], [ 78.3734205, 17.4256658 ], [ 78.3734279, 17.4256559 ], [ 78.3734326, 17.4256447 ], [ 78.3734356, 17.4256294 ], [ 78.3734343, 17.4256131 ], [ 78.3734286, 17.4255977 ], [ 78.3734202, 17.4255846 ], [ 78.3734054, 17.4255734 ], [ 78.373391, 17.4255715 ], [ 78.3733806, 17.4255724 ], [ 78.3733699, 17.4255756 ], [ 78.3733575, 17.425582 ], [ 78.3733471, 17.4255903 ], [ 78.3733397, 17.4256012 ], [ 78.373327, 17.4256284 ] ] ] } },
{ "type": "Feature", "properties": { "cn": 98, "tags": { "leisure": "swimming_pool" } }, "geometry": { "type": "Polygon", "coordinates": [ [ [ 78.3750034, 17.4237625 ], [ 78.3750017, 17.4236982 ], [ 78.3750022, 17.4236919 ], [ 78.3750037, 17.4236895 ], [ 78.3750076, 17.4236876 ], [ 78.3750131, 17.4236867 ], [ 78.3752123, 17.4236786 ], [ 78.3752144, 17.4236786 ], [ 78.3752165, 17.4236792 ], [ 78.375218, 17.4236812 ], [ 78.3752191, 17.423734 ], [ 78.375178, 17.423735 ], [ 78.3751792, 17.4237759 ], [ 78.3751361, 17.4237772 ], [ 78.3751356, 17.4237553 ], [ 78.3750646, 17.4237558 ], [ 78.3750646, 17.4237719 ], [ 78.3750605, 17.4237762 ], [ 78.3750567, 17.4237793 ], [ 78.3750535, 17.4237817 ], [ 78.3750471, 17.4237844 ], [ 78.3750428, 17.4237852 ], [ 78.3750366, 17.4237862 ], [ 78.3750289, 17.4237863 ], [ 78.3750228, 17.4237857 ], [ 78.3750159, 17.4237834 ], [ 78.3750109, 17.4237794 ], [ 78.3750071, 17.4237758 ], [ 78.3750034, 17.4237706 ], [ 78.3750034, 17.4237625 ] ] ] } },
{ "type": "Feature", "properties": { "cn": 65, "tags": { "leisure": "pitch", "sport": "tennis" } }, "geometry": { "type": "Polygon", "coordinates": [ [ [ 78.3761296, 17.423005 ], [ 78.376139, 17.4233332 ], [ 78.3762957, 17.4233291 ], [ 78.3762874, 17.4230384 ], [ 78.3762864, 17.4230009 ], [ 78.3762423, 17.423002 ], [ 78.3761296, 17.423005 ] ] ] } },
{ "type": "Feature", "properties": { "cn": 65, "tags": { "leisure": "pitch", "sport": "basketball" } }, "geometry": { "type": "Polygon", "coordinates": [ [ [ 78.3757795, 17.4240286 ], [ 78.3757876, 17.4241604 ], [ 78.3759432, 17.4242334 ], [ 78.3759338, 17.4240293 ], [ 78.3757795, 17.4240286 ] ] ] } },
{ "type": "Feature", "properties": { "cn": 65, "tags": { "natural": "grassland" } }, "geometry": { "type": "Polygon", "coordinates": [ [ [ 78.3750922, 17.4234503 ], [ 78.3750937, 17.4234814 ], [ 78.3752848, 17.4234731 ], [ 78.3752833, 17.423442 ], [ 78.3750922, 17.4234503 ] ] ] } },
{ "type": "Feature", "properties": { "cn": 65, "tags": { "natural": "grassland" } }, "geometry": { "type": "Polygon", "coordinates": [ [ [ 78.3755341, 17.4234381 ], [ 78.3758332, 17.4234324 ], [ 78.3758326, 17.4234066 ], [ 78.3755336, 17.4234123 ], [ 78.3755341, 17.4234381 ] ] ] } },
{ "type": "Feature", "properties": { "cn": 65, "tags": { "natural": "grassland" } }, "geometry": { "type": "Polygon", "coordinates": [ [ [ 78.3753625, 17.4234739 ], [ 78.3753732, 17.4236294 ], [ 78.3754043, 17.4236275 ], [ 78.3753936, 17.423472 ], [ 78.3753625, 17.4234739 ] ] ] } },
{ "type": "Feature", "properties": { "cn": 65, "tags": { "natural": "grassland" } }, "geometry": { "type": "Polygon", "coordinates": [ [ [ 78.3759478, 17.4232698 ], [ 78.3759485, 17.4233249 ], [ 78.3761339, 17.4233228 ], [ 78.3761332, 17.4232678 ], [ 78.3759478, 17.4232698 ] ] ] } },
{ "type": "Feature", "properties": { "cn": 65, "tags": { "natural": "grassland" } }, "geometry": { "type": "Polygon", "coordinates": [ [ [ 78.3754932, 17.423314 ], [ 78.3754957, 17.4233573 ], [ 78.3758524, 17.4233388 ], [ 78.3758499, 17.4232954 ], [ 78.3754932, 17.423314 ] ] ] } },
{ "type": "Feature", "properties": { "cn": 65, "tags": { "natural": "grassland" } }, "geometry": { "type": "Polygon", "coordinates": [ [ [ 78.3750332, 17.4233357 ], [ 78.3750349, 17.4233821 ], [ 78.3753863, 17.4233706 ], [ 78.3753846, 17.4233242 ], [ 78.3750332, 17.4233357 ] ] ] } },
{ "type": "Feature", "properties": { "cn": 65, "tags": { "natural": "grassland" } }, "geometry": { "type": "Polygon", "coordinates": [ [ [ 78.3745437, 17.4233473 ], [ 78.3745454, 17.4233929 ], [ 78.3749075, 17.4233807 ], [ 78.3749058, 17.4233351 ], [ 78.3745437, 17.4233473 ] ] ] } },
{ "type": "Feature", "properties": { "cn": 65, "tags": { "natural": "grassland" } }, "geometry": { "type": "Polygon", "coordinates": [ [ [ 78.3744032, 17.4234849 ], [ 78.374419, 17.4234714 ], [ 78.3744324, 17.4234663 ], [ 78.3744465, 17.4234656 ], [ 78.3744706, 17.4234727 ], [ 78.3745062, 17.4234874 ], [ 78.3745269, 17.4234931 ], [ 78.3745699, 17.4235078 ], [ 78.3746161, 17.4235174 ], [ 78.3747194, 17.4235315 ], [ 78.3747616, 17.4235315 ], [ 78.3748019, 17.4235264 ], [ 78.3748354, 17.4235206 ], [ 78.3748998, 17.4235158 ], [ 78.3749209, 17.4235178 ], [ 78.374935, 17.4235264 ], [ 78.374943, 17.423535 ], [ 78.3749481, 17.4235501 ], [ 78.3749481, 17.4237689 ], [ 78.3744974, 17.4235373 ], [ 78.3744032, 17.4234849 ] ] ] } },
{ "type": "Feature", "properties": { "cn": 82, "tags": { "landuse": "residential", "name": "Orion Villas" } }, "geometry": { "type": "Polygon", "coordinates": [ [ [ 78.3741099, 17.4222987 ], [ 78.3741407, 17.4233389 ], [ 78.3744032, 17.4234849 ], [ 78.3744974, 17.4235373 ], [ 78.3749481, 17.4237689 ], [ 78.3753209, 17.4239506 ], [ 78.3757876, 17.4241604 ], [ 78.3759432, 17.4242334 ], [ 78.3763334, 17.4236064 ], [ 78.376348, 17.4235706 ], [ 78.376376, 17.4235702 ], [ 78.3763736, 17.4234285 ], [ 78.3766016, 17.4234004 ], [ 78.3767384, 17.423504 ], [ 78.3769769, 17.423915 ], [ 78.3770185, 17.4239866 ], [ 78.377231, 17.42428 ], [ 78.3774497, 17.4245133 ], [ 78.3777411, 17.4247454 ], [ 78.3782595, 17.4251804 ], [ 78.3783437, 17.4250972 ], [ 78.3775431, 17.424497 ], [ 78.3773459, 17.4243153 ], [ 78.3772105, 17.4241489 ], [ 78.3770858, 17.4239403 ], [ 78.3767934, 17.4233543 ], [ 78.3766459, 17.423211 ], [ 78.3764715, 17.4231534 ], [ 78.3762874, 17.4230384 ], [ 78.3762864, 17.4230009 ], [ 78.3762423, 17.423002 ], [ 78.376155, 17.4228386 ], [ 78.3761054, 17.4226851 ], [ 78.3760853, 17.4223242 ], [ 78.3760598, 17.422275 ], [ 78.3760042, 17.4222385 ], [ 78.3745122, 17.4222935 ], [ 78.3743285, 17.422298 ], [ 78.3742239, 17.4222871 ], [ 78.374185, 17.4222724 ], [ 78.3741635, 17.4222558 ], [ 78.3741414, 17.422234 ], [ 78.3741347, 17.4221985 ], [ 78.3740998, 17.4221931 ], [ 78.3741099, 17.4222987 ] ] ] } },
{ "type": "Feature", "properties": { "cn": 65, "tags": { "natural": "grassland" } }, "geometry": { "type": "Polygon", "coordinates": [ [ [ 78.3765044, 17.4233132 ], [ 78.3765179, 17.4233281 ], [ 78.3765378, 17.4233336 ], [ 78.3765576, 17.4233281 ], [ 78.3765711, 17.4233132 ], [ 78.3765741, 17.4232937 ], [ 78.3765655, 17.4232758 ], [ 78.3765481, 17.4232651 ], [ 78.3765275, 17.4232651 ], [ 78.3765101, 17.4232757 ], [ 78.3765015, 17.4232937 ], [ 78.3765044, 17.4233132 ] ] ] } },
{ "type": "Feature", "properties": { "cn": 98, "tags": { "natural": "wetland" } }, "geometry": { "type": "Polygon", "coordinates": [ [ [ 78.3735838, 17.4214237 ], [ 78.3736995, 17.4213978 ], [ 78.3737518, 17.4213684 ], [ 78.3737732, 17.4213377 ], [ 78.3737934, 17.4213134 ], [ 78.3738175, 17.421298 ], [ 78.3738483, 17.4212865 ], [ 78.3738711, 17.4212763 ], [ 78.3739087, 17.4212532 ], [ 78.3739382, 17.4212251 ], [ 78.3739597, 17.4211982 ], [ 78.3739744, 17.4211701 ], [ 78.3739878, 17.4211317 ], [ 78.3739865, 17.4210882 ], [ 78.3739784, 17.4210498 ], [ 78.373961, 17.4210114 ], [ 78.3739395, 17.4209653 ], [ 78.3739127, 17.4209231 ], [ 78.3738711, 17.4208962 ], [ 78.3738242, 17.4208847 ], [ 78.3737759, 17.4208911 ], [ 78.373729, 17.4209116 ], [ 78.3736941, 17.4209346 ], [ 78.3736606, 17.4209538 ], [ 78.3736271, 17.4209653 ], [ 78.3736056, 17.4209653 ], [ 78.3735774, 17.420964 ], [ 78.3735627, 17.420964 ], [ 78.3735466, 17.4209666 ], [ 78.3735171, 17.420982 ], [ 78.3735037, 17.420996 ], [ 78.3734822, 17.4210203 ], [ 78.3734608, 17.4210395 ], [ 78.3734447, 17.4210472 ], [ 78.3734192, 17.4210536 ], [ 78.3733686, 17.4210798 ], [ 78.3733806, 17.4210808 ], [ 78.3733904, 17.4210837 ], [ 78.3734028, 17.4210891 ], [ 78.3734122, 17.4210968 ], [ 78.3734212, 17.4211074 ], [ 78.3734363, 17.4211358 ], [ 78.3734635, 17.4211784 ], [ 78.373509, 17.4212337 ], [ 78.3735379, 17.421275 ], [ 78.3735781, 17.4213454 ], [ 78.3735865, 17.4213698 ], [ 78.3735888, 17.4213921 ], [ 78.3735838, 17.4214237 ] ] ] } },
{ "type": "Feature", "properties": { "cn": 98, "tags": { "leisure": "swimming_pool" } }, "geometry": { "type": "Polygon", "coordinates": [ [ [ 78.3682088, 17.4423697 ], [ 78.3682152, 17.4424186 ], [ 78.3683614, 17.4424013 ], [ 78.368355, 17.4423524 ], [ 78.3682088, 17.4423697 ] ] ] } },
{ "type": "Feature", "properties": { "cn": 65, "tags": { "leisure": "pitch", "name": "Baskeball Court", "sport": "basketball" } }, "geometry": { "type": "Polygon", "coordinates": [ [ [ 78.4100448, 17.437383 ], [ 78.4101212, 17.4377221 ], [ 78.4103079, 17.4376837 ], [ 78.4102314, 17.4373447 ], [ 78.4100448, 17.437383 ] ] ] } },
{ "type": "Feature", "properties": { "cn": 85, "tags": { "golf": "bunker", "natural": "sand" } }, "geometry": { "type": "Polygon", "coordinates": [ [ [ 78.3478604, 17.4323124 ], [ 78.347841, 17.4323117 ], [ 78.3478202, 17.4323104 ], [ 78.3477954, 17.4323124 ], [ 78.3477759, 17.43232 ], [ 78.3477619, 17.4323264 ], [ 78.3477498, 17.4323399 ], [ 78.3477397, 17.4323597 ], [ 78.3477344, 17.4323789 ], [ 78.3477377, 17.4323936 ], [ 78.3477451, 17.4324051 ], [ 78.3477619, 17.4324173 ], [ 78.3477786, 17.4324224 ], [ 78.3477967, 17.4324211 ], [ 78.3478142, 17.4324147 ], [ 78.3478249, 17.4324064 ], [ 78.3478376, 17.4323943 ], [ 78.3478524, 17.432377 ], [ 78.3478577, 17.4323712 ], [ 78.3478671, 17.4323693 ], [ 78.3478785, 17.4323712 ], [ 78.3478852, 17.4323776 ], [ 78.3478899, 17.4323879 ], [ 78.3479013, 17.4323968 ], [ 78.3479147, 17.4324026 ], [ 78.3479308, 17.4324026 ], [ 78.3479429, 17.4323968 ], [ 78.3479503, 17.4323904 ], [ 78.3479509, 17.4323808 ], [ 78.3479536, 17.4323635 ], [ 78.347955, 17.432354 ], [ 78.347965, 17.432345 ], [ 78.3479885, 17.4323412 ], [ 78.3480126, 17.4323424 ], [ 78.3480281, 17.4323437 ], [ 78.3480522, 17.4323399 ], [ 78.3480636, 17.4323367 ], [ 78.348073, 17.4323245 ], [ 78.3480797, 17.4323149 ], [ 78.3480884, 17.4322977 ], [ 78.3480877, 17.4322861 ], [ 78.3480824, 17.4322669 ], [ 78.3480569, 17.4322503 ], [ 78.3480314, 17.4322478 ], [ 78.3480106, 17.4322567 ], [ 78.3479818, 17.4322676 ], [ 78.3479657, 17.4322631 ], [ 78.3479577, 17.4322529 ], [ 78.3479483, 17.432242 ], [ 78.3479328, 17.4322305 ], [ 78.347908, 17.4322273 ], [ 78.3478886, 17.4322324 ], [ 78.3478832, 17.4322426 ], [ 78.3478866, 17.4322561 ], [ 78.347896, 17.4322785 ], [ 78.3478973, 17.4322925 ], [ 78.3478899, 17.432306 ], [ 78.3478693, 17.4323105 ], [ 78.3478604, 17.4323124 ] ] ] } },
{ "type": "Feature", "properties": { "cn": 65, "tags": { "golf": "green", "landuse": "grass" } }, "geometry": { "type": "Polygon", "coordinates": [ [ [ 78.3463691, 17.4308384 ], [ 78.3463678, 17.4308627 ], [ 78.3463785, 17.4308947 ], [ 78.3463959, 17.4309228 ], [ 78.3464053, 17.4309548 ], [ 78.3464067, 17.430974 ], [ 78.3464067, 17.4310009 ], [ 78.3464067, 17.4310329 ], [ 78.3464134, 17.4310572 ], [ 78.3464268, 17.4310764 ], [ 78.3464536, 17.4310904 ], [ 78.3464858, 17.4311007 ], [ 78.346522, 17.4310994 ], [ 78.3465381, 17.4310904 ], [ 78.3465582, 17.4310648 ], [ 78.3465676, 17.4310418 ], [ 78.3466119, 17.4310175 ], [ 78.3466306, 17.4310162 ], [ 78.3466507, 17.4310111 ], [ 78.3466682, 17.4309919 ], [ 78.3466816, 17.430965 ], [ 78.3466856, 17.4309356 ], [ 78.3466709, 17.4308921 ], [ 78.3465824, 17.430823 ], [ 78.3465515, 17.4308166 ], [ 78.3464845, 17.4307923 ], [ 78.3464362, 17.4307885 ], [ 78.3463986, 17.4307961 ], [ 78.3463788, 17.4308093 ], [ 78.3463691, 17.4308384 ] ] ] } },
{ "type": "Feature", "properties": { "cn": 85, "tags": { "golf": "bunker", "natural": "sand" } }, "geometry": { "type": "Polygon", "coordinates": [ [ [ 78.3475875, 17.4329582 ], [ 78.3475783, 17.4329614 ], [ 78.3475667, 17.4329617 ], [ 78.3475604, 17.4329582 ], [ 78.347554, 17.432955 ], [ 78.3475369, 17.4329409 ], [ 78.3475322, 17.4329358 ], [ 78.3475262, 17.4329275 ], [ 78.3475134, 17.4329205 ], [ 78.3475027, 17.4329195 ], [ 78.3474906, 17.4329208 ], [ 78.3474812, 17.4329246 ], [ 78.3474702, 17.4329358 ], [ 78.3474594, 17.4329473 ], [ 78.3474557, 17.4329556 ], [ 78.3474534, 17.4329688 ], [ 78.3474531, 17.4329806 ], [ 78.3474554, 17.4329886 ], [ 78.3474581, 17.4329963 ], [ 78.3474635, 17.4330052 ], [ 78.3474702, 17.433011 ], [ 78.3474769, 17.4330145 ], [ 78.3474853, 17.4330174 ], [ 78.3474923, 17.433019 ], [ 78.3474993, 17.4330183 ], [ 78.3475107, 17.4330161 ], [ 78.3475171, 17.4330116 ], [ 78.3475218, 17.4330065 ], [ 78.3475282, 17.4329998 ], [ 78.3475342, 17.4329991 ], [ 78.3475396, 17.4329991 ], [ 78.3475486, 17.4330007 ], [ 78.3475627, 17.43301 ], [ 78.3475707, 17.4330177 ], [ 78.3475811, 17.4330244 ], [ 78.3475956, 17.4330283 ], [ 78.347616, 17.4330305 ], [ 78.3476304, 17.4330283 ], [ 78.3476435, 17.4330241 ], [ 78.3476552, 17.4330161 ], [ 78.3476633, 17.4330068 ], [ 78.347668, 17.4329959 ], [ 78.347667, 17.4329736 ], [ 78.3476613, 17.4329662 ], [ 78.3476472, 17.4329595 ], [ 78.3476318, 17.432954 ], [ 78.3475932, 17.4329569 ], [ 78.3475875, 17.4329582 ] ] ] } },
{ "type": "Feature", "properties": { "cn": 85, "tags": { "golf": "bunker", "natural": "sand" } }, "geometry": { "type": "Polygon", "coordinates": [ [ [ 78.3482004, 17.4324406 ], [ 78.3482101, 17.4324566 ], [ 78.3482188, 17.4324637 ], [ 78.3482286, 17.4324691 ], [ 78.3482349, 17.4324809 ], [ 78.3482353, 17.4324928 ], [ 78.3482296, 17.432503 ], [ 78.3482208, 17.4325113 ], [ 78.3482098, 17.4325184 ], [ 78.3482034, 17.4325251 ], [ 78.348195, 17.4325366 ], [ 78.3481927, 17.4325427 ], [ 78.348187, 17.4325731 ], [ 78.3481954, 17.432591 ], [ 78.3482058, 17.4325977 ], [ 78.3482212, 17.4326019 ], [ 78.3482403, 17.4325961 ], [ 78.3482614, 17.4325875 ], [ 78.3482758, 17.4325756 ], [ 78.3482845, 17.4325625 ], [ 78.3482902, 17.4325459 ], [ 78.3482923, 17.4325305 ], [ 78.3482882, 17.4325123 ], [ 78.3482872, 17.4325008 ], [ 78.3482896, 17.4324912 ], [ 78.3482976, 17.4324809 ], [ 78.3483087, 17.4324739 ], [ 78.3483265, 17.4324672 ], [ 78.3483352, 17.4324649 ], [ 78.3483456, 17.4324595 ], [ 78.3483519, 17.4324528 ], [ 78.348359, 17.4324349 ], [ 78.3483627, 17.4324163 ], [ 78.34836, 17.4323936 ], [ 78.3483422, 17.4323677 ], [ 78.3483201, 17.4323463 ], [ 78.3483053, 17.432344 ], [ 78.3482973, 17.4323431 ], [ 78.3482899, 17.4323469 ], [ 78.3482849, 17.4323527 ], [ 78.3482809, 17.4323632 ], [ 78.3482795, 17.4323744 ], [ 78.3482792, 17.4323891 ], [ 78.3482772, 17.4323987 ], [ 78.3482658, 17.4324096 ], [ 78.3482587, 17.4324112 ], [ 78.3482507, 17.4324106 ], [ 78.3482426, 17.4324067 ], [ 78.3482346, 17.4324045 ], [ 78.3482219, 17.4324007 ], [ 78.3482172, 17.4324007 ], [ 78.3482084, 17.4324016 ], [ 78.3482001, 17.4324064 ], [ 78.3481947, 17.4324157 ], [ 78.3481937, 17.4324285 ], [ 78.3482004, 17.4324406 ] ] ] } },
{ "type": "Feature", "properties": { "cn": 85, "tags": { "golf": "bunker", "natural": "sand" } }, "geometry": { "type": "Polygon", "coordinates": [ [ [ 78.3474923, 17.4330884 ], [ 78.3475151, 17.4330877 ], [ 78.3475272, 17.4330922 ], [ 78.3475446, 17.4331012 ], [ 78.3475654, 17.4331133 ], [ 78.3475781, 17.4331281 ], [ 78.3475828, 17.4331498 ], [ 78.3475862, 17.4331703 ], [ 78.3475909, 17.4331991 ], [ 78.3475982, 17.4332215 ], [ 78.347613, 17.43324 ], [ 78.3476391, 17.4332573 ], [ 78.3476686, 17.4332694 ], [ 78.3476827, 17.4332739 ], [ 78.3476988, 17.4332822 ], [ 78.3477116, 17.4332995 ], [ 78.3477156, 17.4333187 ], [ 78.3477156, 17.4333353 ], [ 78.3477149, 17.43335 ], [ 78.3477243, 17.4333654 ], [ 78.3477424, 17.4333782 ], [ 78.3477525, 17.4333878 ], [ 78.3477592, 17.4334025 ], [ 78.3477598, 17.4334153 ], [ 78.3477592, 17.4334275 ], [ 78.3477538, 17.4334409 ], [ 78.3477417, 17.4334537 ], [ 78.3477223, 17.4334633 ], [ 78.3477055, 17.4334678 ], [ 78.3476908, 17.4334665 ], [ 78.3476754, 17.4334537 ], [ 78.3476713, 17.4334332 ], [ 78.3476686, 17.4334102 ], [ 78.3476593, 17.433384 ], [ 78.3476499, 17.4333673 ], [ 78.3476351, 17.4333532 ], [ 78.347607, 17.4333488 ], [ 78.3475962, 17.4333475 ], [ 78.3475453, 17.433359 ], [ 78.3475332, 17.4333616 ], [ 78.3475178, 17.4333609 ], [ 78.347507, 17.4333577 ], [ 78.347493, 17.4333436 ], [ 78.3474883, 17.4333302 ], [ 78.347495, 17.433311 ], [ 78.347507, 17.433295 ], [ 78.3475265, 17.4332611 ], [ 78.3475319, 17.4332458 ], [ 78.3475359, 17.4332304 ], [ 78.3475298, 17.4332151 ], [ 78.3475084, 17.4332023 ], [ 78.3474809, 17.4331927 ], [ 78.3474621, 17.4331786 ], [ 78.3474507, 17.4331588 ], [ 78.347448, 17.4331236 ], [ 78.3474534, 17.4331057 ], [ 78.3474789, 17.4330909 ], [ 78.3474923, 17.4330884 ] ] ] } },
{ "type": "Feature", "properties": { "cn": 85, "tags": { "golf": "bunker", "natural": "sand" } }, "geometry": { "type": "Polygon", "coordinates": [ [ [ 78.3520145, 17.4302984 ], [ 78.3520286, 17.4303278 ], [ 78.352038, 17.4303387 ], [ 78.3520507, 17.4303458 ], [ 78.3520621, 17.430347 ], [ 78.3520916, 17.4303515 ], [ 78.352109, 17.4303617 ], [ 78.3521285, 17.4303726 ], [ 78.3521406, 17.4303893 ], [ 78.3521426, 17.4304148 ], [ 78.3521265, 17.4304411 ], [ 78.352105, 17.4304545 ], [ 78.352095, 17.4304699 ], [ 78.3520923, 17.4304935 ], [ 78.3520963, 17.4305159 ], [ 78.3521104, 17.4305351 ], [ 78.3521258, 17.4305454 ], [ 78.3521593, 17.430546 ], [ 78.3521795, 17.4305345 ], [ 78.3522009, 17.4305281 ], [ 78.3522096, 17.4305287 ], [ 78.352221, 17.4305377 ], [ 78.352225, 17.4305473 ], [ 78.352225, 17.4305677 ], [ 78.352223, 17.4305869 ], [ 78.352225, 17.4306036 ], [ 78.3522338, 17.4306221 ], [ 78.352266, 17.4306452 ], [ 78.352278, 17.4306484 ], [ 78.3522961, 17.4306496 ], [ 78.3523437, 17.430624 ], [ 78.3523558, 17.4306068 ], [ 78.3523598, 17.430578 ], [ 78.3523498, 17.4305422 ], [ 78.352333, 17.4305102 ], [ 78.3522948, 17.4304865 ], [ 78.3522546, 17.4304718 ], [ 78.3522177, 17.4304615 ], [ 78.3521835, 17.4304321 ], [ 78.3521808, 17.4304148 ], [ 78.3521902, 17.4303912 ], [ 78.3522029, 17.4303688 ], [ 78.352209, 17.4303413 ], [ 78.3521996, 17.430317 ], [ 78.3521895, 17.4302907 ], [ 78.3521707, 17.4302632 ], [ 78.3521399, 17.4302453 ], [ 78.3521117, 17.4302325 ], [ 78.3520769, 17.4302287 ], [ 78.35205, 17.430237 ], [ 78.3520346, 17.4302466 ], [ 78.3520225, 17.4302607 ], [ 78.3520165, 17.4302747 ], [ 78.3520145, 17.4302984 ] ] ] } },
{ "type": "Feature", "properties": { "cn": 85, "tags": { "golf": "bunker", "natural": "sand" } }, "geometry": { "type": "Polygon", "coordinates": [ [ [ 78.3518878, 17.4305479 ], [ 78.351869, 17.4305748 ], [ 78.3518636, 17.4306132 ], [ 78.351869, 17.4306452 ], [ 78.3518811, 17.4306669 ], [ 78.3518891, 17.4306925 ], [ 78.3518824, 17.4307194 ], [ 78.3518636, 17.4307437 ], [ 78.3518583, 17.4307629 ], [ 78.3518616, 17.4307702 ], [ 78.351866, 17.4307779 ], [ 78.3518757, 17.4307833 ], [ 78.3518881, 17.4307859 ], [ 78.3519025, 17.4307869 ], [ 78.3519213, 17.4307869 ], [ 78.3519344, 17.4307869 ], [ 78.3519454, 17.430791 ], [ 78.3519515, 17.4307958 ], [ 78.3519555, 17.4308048 ], [ 78.3519558, 17.4308189 ], [ 78.3519525, 17.4308272 ], [ 78.3519344, 17.4308508 ], [ 78.3519267, 17.4308598 ], [ 78.3519193, 17.4308716 ], [ 78.3519166, 17.4308809 ], [ 78.3519189, 17.4309004 ], [ 78.3519407, 17.4309209 ], [ 78.3519572, 17.4309318 ], [ 78.3519723, 17.4309378 ], [ 78.3519894, 17.4309407 ], [ 78.3520078, 17.4309417 ], [ 78.3520333, 17.4309378 ], [ 78.352048, 17.4309321 ], [ 78.3520601, 17.4309206 ], [ 78.3520702, 17.4309049 ], [ 78.3520765, 17.4308911 ], [ 78.3520812, 17.4308764 ], [ 78.3520816, 17.4308636 ], [ 78.3520799, 17.4308496 ], [ 78.3520752, 17.4308326 ], [ 78.3520601, 17.4308115 ], [ 78.3520417, 17.4307965 ], [ 78.3520222, 17.4307785 ], [ 78.3520054, 17.4307587 ], [ 78.3520001, 17.4307386 ], [ 78.351993, 17.4306765 ], [ 78.3519964, 17.4306464 ], [ 78.3520091, 17.430624 ], [ 78.3520192, 17.4306113 ], [ 78.3520252, 17.4305889 ], [ 78.3520239, 17.4305633 ], [ 78.3520132, 17.4305409 ], [ 78.351985, 17.430523 ], [ 78.3519588, 17.4305178 ], [ 78.3519434, 17.4305178 ], [ 78.3518938, 17.4305396 ], [ 78.3518878, 17.4305479 ] ] ] } },
{ "type": "Feature", "properties": { "cn": 85, "tags": { "golf": "bunker", "natural": "sand" } }, "geometry": { "type": "Polygon", "coordinates": [ [ [ 78.3525345, 17.4312715 ], [ 78.3525218, 17.4312788 ], [ 78.3525087, 17.4312846 ], [ 78.3524916, 17.4312916 ], [ 78.3524738, 17.431299 ], [ 78.3524634, 17.4313048 ], [ 78.3524567, 17.4313111 ], [ 78.3524517, 17.4313211 ], [ 78.3524497, 17.4313361 ], [ 78.3524497, 17.4313441 ], [ 78.352453, 17.4313582 ], [ 78.3524604, 17.4313706 ], [ 78.3524688, 17.4313802 ], [ 78.3524795, 17.4313854 ], [ 78.3524926, 17.431387 ], [ 78.352506, 17.4313818 ], [ 78.3525151, 17.431377 ], [ 78.3525258, 17.4313697 ], [ 78.3525332, 17.4313636 ], [ 78.3525402, 17.4313499 ], [ 78.3525442, 17.4313367 ], [ 78.3525486, 17.4313255 ], [ 78.3525556, 17.4313182 ], [ 78.3525643, 17.4313153 ], [ 78.3525714, 17.4313166 ], [ 78.3525855, 17.4313204 ], [ 78.3526022, 17.4313275 ], [ 78.3526123, 17.4313297 ], [ 78.3526331, 17.4313303 ], [ 78.3526478, 17.4313268 ], [ 78.3526589, 17.4313223 ], [ 78.3526693, 17.4313134 ], [ 78.3526834, 17.4312958 ], [ 78.3526948, 17.431274 ], [ 78.3527032, 17.4312587 ], [ 78.3527159, 17.4312533 ], [ 78.3527303, 17.4312507 ], [ 78.3527538, 17.4312478 ], [ 78.3527799, 17.4312523 ], [ 78.3527974, 17.4312545 ], [ 78.3528108, 17.4312536 ], [ 78.3528265, 17.4312507 ], [ 78.3528607, 17.4312405 ], [ 78.3528755, 17.4312305 ], [ 78.3528809, 17.4312235 ], [ 78.3528902, 17.431204 ], [ 78.3528919, 17.4311874 ], [ 78.3528869, 17.4311685 ], [ 78.3528681, 17.4311547 ], [ 78.3528235, 17.4311461 ], [ 78.3527957, 17.4311461 ], [ 78.3527719, 17.4311566 ], [ 78.3527585, 17.4311704 ], [ 78.3527467, 17.431187 ], [ 78.3527303, 17.4311984 ], [ 78.3527204, 17.4311989 ], [ 78.3527092, 17.4311931 ], [ 78.3526948, 17.4311806 ], [ 78.3526586, 17.4311637 ], [ 78.3526488, 17.4311662 ], [ 78.3526338, 17.4311787 ], [ 78.3526237, 17.4311947 ], [ 78.3526143, 17.4312101 ], [ 78.3526016, 17.4312139 ], [ 78.3525922, 17.4312097 ], [ 78.3525774, 17.4312059 ], [ 78.3525637, 17.4312081 ], [ 78.3525496, 17.4312139 ], [ 78.3525392, 17.4312251 ], [ 78.3525322, 17.4312389 ], [ 78.3525305, 17.4312488 ], [ 78.3525345, 17.4312715 ] ] ] } },
{ "type": "Feature", "properties": { "cn": 85, "tags": { "golf": "bunker", "natural": "sand" } }, "geometry": { "type": "Polygon", "coordinates": [ [ [ 78.3535802, 17.4307769 ], [ 78.3535809, 17.4308045 ], [ 78.3535896, 17.4308256 ], [ 78.3536091, 17.4308396 ], [ 78.3536282, 17.430846 ], [ 78.3536362, 17.4308547 ], [ 78.3536396, 17.4308643 ], [ 78.3536399, 17.4308771 ], [ 78.3536325, 17.4308927 ], [ 78.3536238, 17.4309023 ], [ 78.3536148, 17.4309132 ], [ 78.3536087, 17.4309254 ], [ 78.3536071, 17.4309356 ], [ 78.3536097, 17.4309494 ], [ 78.3536178, 17.4309628 ], [ 78.3536346, 17.4309714 ], [ 78.3536486, 17.430974 ], [ 78.3536724, 17.4309743 ], [ 78.3536869, 17.4309695 ], [ 78.3537033, 17.4309599 ], [ 78.3537154, 17.4309474 ], [ 78.3537211, 17.4309334 ], [ 78.3537234, 17.4309123 ], [ 78.3537304, 17.4308831 ], [ 78.3537355, 17.430872 ], [ 78.3537479, 17.4308646 ], [ 78.353763, 17.4308611 ], [ 78.3537854, 17.4308659 ], [ 78.3538019, 17.4308675 ], [ 78.3538109, 17.4308665 ], [ 78.3538424, 17.4308627 ], [ 78.3538672, 17.4308531 ], [ 78.3538853, 17.4308406 ], [ 78.3538987, 17.4308253 ], [ 78.3539085, 17.430808 ], [ 78.3539172, 17.4307917 ], [ 78.3539215, 17.4307782 ], [ 78.3539259, 17.4307629 ], [ 78.3539252, 17.4307427 ], [ 78.3539189, 17.4307261 ], [ 78.3539081, 17.4307127 ], [ 78.353889, 17.4307037 ], [ 78.3538713, 17.4307047 ], [ 78.3538532, 17.4307063 ], [ 78.3538414, 17.4307104 ], [ 78.3538283, 17.4307194 ], [ 78.3538136, 17.430743 ], [ 78.3538049, 17.43076 ], [ 78.3537884, 17.4307853 ], [ 78.3537791, 17.4307913 ], [ 78.3537673, 17.4307955 ], [ 78.3537589, 17.4307974 ], [ 78.3537489, 17.4307945 ], [ 78.3537348, 17.4307811 ], [ 78.3537237, 17.4307658 ], [ 78.353706, 17.430743 ], [ 78.3536825, 17.4307254 ], [ 78.3536698, 17.4307168 ], [ 78.3536473, 17.4307127 ], [ 78.3536255, 17.4307175 ], [ 78.3536104, 17.4307242 ], [ 78.353596, 17.4307357 ], [ 78.3535846, 17.4307571 ], [ 78.3535802, 17.4307769 ] ] ] } },
{ "type": "Feature", "properties": { "cn": 65, "tags": { "golf": "green", "landuse": "grass" } }, "geometry": { "type": "Polygon", "coordinates": [ [ [ 78.3547939, 17.4313147 ], [ 78.354743, 17.4312005 ], [ 78.3547148, 17.4311838 ], [ 78.3546826, 17.4311762 ], [ 78.354637, 17.4311774 ], [ 78.3545955, 17.431189 ], [ 78.3545579, 17.4312171 ], [ 78.3544935, 17.4313003 ], [ 78.3544882, 17.4313271 ], [ 78.3544868, 17.4313668 ], [ 78.3544989, 17.4314282 ], [ 78.3545203, 17.4314692 ], [ 78.3545626, 17.4315076 ], [ 78.3546008, 17.4315338 ], [ 78.3546196, 17.4315543 ], [ 78.3546893, 17.4315722 ], [ 78.354743, 17.4315709 ], [ 78.3547832, 17.4315779 ], [ 78.3549099, 17.4316291 ], [ 78.3549448, 17.4316368 ], [ 78.3550454, 17.4316381 ], [ 78.3550917, 17.4316214 ], [ 78.3551292, 17.4316003 ], [ 78.3551627, 17.4315715 ], [ 78.3551788, 17.4315127 ], [ 78.3551775, 17.4314641 ], [ 78.3551661, 17.4314244 ], [ 78.3551493, 17.4313998 ], [ 78.3551319, 17.4313911 ], [ 78.3550645, 17.4313815 ], [ 78.3550062, 17.4313911 ], [ 78.3548979, 17.4313873 ], [ 78.3548674, 17.4313793 ], [ 78.3548352, 17.4313633 ], [ 78.3548144, 17.4313438 ], [ 78.3547939, 17.4313147 ] ] ] } },
{ "type": "Feature", "properties": { "cn": 85, "tags": { "golf": "bunker", "natural": "sand" } }, "geometry": { "type": "Polygon", "coordinates": [ [ [ 78.3545385, 17.4338529 ], [ 78.3545281, 17.4338622 ], [ 78.3545163, 17.433865 ], [ 78.3545063, 17.433865 ], [ 78.3544922, 17.433865 ], [ 78.3544768, 17.4338676 ], [ 78.3544613, 17.4338714 ], [ 78.354452, 17.4338766 ], [ 78.3544385, 17.4338919 ], [ 78.3544345, 17.4339034 ], [ 78.3544338, 17.4339175 ], [ 78.3544379, 17.4339386 ], [ 78.3544459, 17.433954 ], [ 78.354454, 17.4339636 ], [ 78.354466, 17.4339738 ], [ 78.3544835, 17.4339821 ], [ 78.3545063, 17.4339872 ], [ 78.3545163, 17.4339866 ], [ 78.3545311, 17.4339821 ], [ 78.3545519, 17.4339565 ], [ 78.3545545, 17.4339412 ], [ 78.3545559, 17.4339284 ], [ 78.3545599, 17.4339124 ], [ 78.3545706, 17.4339041 ], [ 78.3545841, 17.4339041 ], [ 78.3546062, 17.4339034 ], [ 78.3546216, 17.4339034 ], [ 78.3546424, 17.433899 ], [ 78.3546484, 17.4338932 ], [ 78.3546471, 17.4338734 ], [ 78.354641, 17.4338561 ], [ 78.354629, 17.4338452 ], [ 78.3545975, 17.4338267 ], [ 78.3545807, 17.433819 ], [ 78.3545706, 17.4338177 ], [ 78.3545599, 17.433819 ], [ 78.3545505, 17.433826 ], [ 78.3545458, 17.433835 ], [ 78.3545438, 17.4338459 ], [ 78.3545385, 17.4338529 ] ] ] } },
{ "type": "Feature", "properties": { "cn": 65, "tags": { "golf": "green", "landuse": "grass" } }, "geometry": { "type": "Polygon", "coordinates": [ [ [ 78.3546746, 17.4339098 ], [ 78.3546518, 17.4339162 ], [ 78.354633, 17.4339348 ], [ 78.3546156, 17.4339808 ], [ 78.3546035, 17.4340179 ], [ 78.3546008, 17.4340525 ], [ 78.3546048, 17.4340973 ], [ 78.3546196, 17.4341305 ], [ 78.3546531, 17.4341766 ], [ 78.354684, 17.4342124 ], [ 78.3547255, 17.4342483 ], [ 78.3547631, 17.4342623 ], [ 78.354798, 17.4342585 ], [ 78.3548261, 17.4342444 ], [ 78.3548489, 17.4342137 ], [ 78.3548677, 17.4341625 ], [ 78.3548892, 17.4341254 ], [ 78.3549009, 17.4340973 ], [ 78.3549019, 17.4340666 ], [ 78.3548942, 17.4340291 ], [ 78.3548637, 17.4339808 ], [ 78.3548214, 17.433945 ], [ 78.3547899, 17.4339252 ], [ 78.3547587, 17.4339153 ], [ 78.3547225, 17.4339076 ], [ 78.3546746, 17.4339098 ] ] ] } },
{ "type": "Feature", "properties": { "cn": 65, "tags": { "golf": "green", "landuse": "grass" } }, "geometry": { "type": "Polygon", "coordinates": [ [ [ 78.3560412, 17.4310393 ], [ 78.3560378, 17.4310744 ], [ 78.3560412, 17.4310956 ], [ 78.3560532, 17.4311167 ], [ 78.3560713, 17.4311288 ], [ 78.3560901, 17.4311378 ], [ 78.3561189, 17.4311499 ], [ 78.3561384, 17.4311646 ], [ 78.3561666, 17.4311883 ], [ 78.356184, 17.4312049 ], [ 78.3562028, 17.4312209 ], [ 78.3562282, 17.431235 ], [ 78.3562464, 17.4312376 ], [ 78.3562779, 17.4312401 ], [ 78.3563047, 17.4312337 ], [ 78.3563181, 17.4312254 ], [ 78.3563322, 17.4312145 ], [ 78.3563429, 17.4312005 ], [ 78.3563489, 17.4311806 ], [ 78.3563483, 17.431155 ], [ 78.3563268, 17.4311295 ], [ 78.3562919, 17.4311064 ], [ 78.3562772, 17.431093 ], [ 78.3562692, 17.4310808 ], [ 78.3562598, 17.4310616 ], [ 78.356249, 17.4310431 ], [ 78.3562303, 17.4310201 ], [ 78.3562034, 17.4310034 ], [ 78.3561625, 17.4309945 ], [ 78.3561391, 17.4309925 ], [ 78.3561189, 17.4309951 ], [ 78.3560915, 17.4310047 ], [ 78.35607, 17.4310149 ], [ 78.3560512, 17.4310277 ], [ 78.3560412, 17.4310393 ] ] ] } },
{ "type": "Feature", "properties": { "cn": 65, "tags": { "golf": "green", "landuse": "grass" } }, "geometry": { "type": "Polygon", "coordinates": [ [ [ 78.3579542, 17.4312395 ], [ 78.357977, 17.4312849 ], [ 78.3579952, 17.4313188 ], [ 78.3580126, 17.4313489 ], [ 78.3580307, 17.4313732 ], [ 78.3580468, 17.4313905 ], [ 78.3580736, 17.4314039 ], [ 78.3581011, 17.431409 ], [ 78.3581273, 17.4314078 ], [ 78.3581635, 17.4314001 ], [ 78.3581889, 17.4313905 ], [ 78.3582258, 17.4313655 ], [ 78.3582379, 17.4313515 ], [ 78.3582459, 17.4313239 ], [ 78.3582426, 17.4312971 ], [ 78.3582285, 17.4312644 ], [ 78.358203, 17.4312369 ], [ 78.3581682, 17.4312101 ], [ 78.3581219, 17.4312043 ], [ 78.3580944, 17.4312037 ], [ 78.358032, 17.4311986 ], [ 78.3580019, 17.4311966 ], [ 78.357973, 17.4311979 ], [ 78.3579549, 17.4312107 ], [ 78.3579542, 17.4312395 ] ] ] } },
{ "type": "Feature", "properties": { "cn": 85, "tags": { "golf": "bunker", "natural": "sand" } }, "geometry": { "type": "Polygon", "coordinates": [ [ [ 78.3563295, 17.4312622 ], [ 78.3563154, 17.431266 ], [ 78.3563054, 17.4312673 ], [ 78.3562879, 17.4312696 ], [ 78.3562759, 17.4312721 ], [ 78.3562681, 17.4312753 ], [ 78.3562591, 17.4312824 ], [ 78.3562537, 17.4312884 ], [ 78.3562507, 17.4312948 ], [ 78.3562497, 17.4313147 ], [ 78.3562517, 17.4313239 ], [ 78.3562561, 17.4313342 ], [ 78.3562611, 17.4313415 ], [ 78.3562658, 17.4313463 ], [ 78.3562792, 17.4313531 ], [ 78.356299, 17.431355 ], [ 78.3563074, 17.4313502 ], [ 78.3563191, 17.4313422 ], [ 78.3563248, 17.4313342 ], [ 78.3563352, 17.4313191 ], [ 78.3563412, 17.431314 ], [ 78.3563489, 17.4313111 ], [ 78.3563577, 17.4313105 ], [ 78.3563677, 17.4313131 ], [ 78.3563788, 17.4313198 ], [ 78.3563949, 17.4313252 ], [ 78.3564137, 17.4313271 ], [ 78.3564314, 17.4313265 ], [ 78.3564422, 17.4313246 ], [ 78.3564552, 17.4313188 ], [ 78.3564646, 17.4313137 ], [ 78.3564696, 17.431307 ], [ 78.3564733, 17.4312977 ], [ 78.3564753, 17.431291 ], [ 78.3564787, 17.4312801 ], [ 78.3564797, 17.4312702 ], [ 78.3564794, 17.4312558 ], [ 78.356476, 17.431244 ], [ 78.3564683, 17.4312318 ], [ 78.3564609, 17.4312197 ], [ 78.3564522, 17.4312133 ], [ 78.3564354, 17.4312088 ], [ 78.3564177, 17.4312059 ], [ 78.356412, 17.4312049 ], [ 78.3563959, 17.4312043 ], [ 78.3563845, 17.4312062 ], [ 78.3563677, 17.4312126 ], [ 78.3563543, 17.4312229 ], [ 78.3563489, 17.4312357 ], [ 78.3563432, 17.4312497 ], [ 78.3563355, 17.4312587 ], [ 78.3563295, 17.4312622 ] ] ] } },
{ "type": "Feature", "properties": { "cn": 65, "tags": { "golf": "green", "landuse": "grass" } }, "geometry": { "type": "Polygon", "coordinates": [ [ [ 78.3564616, 17.4296087 ], [ 78.356479, 17.4296209 ], [ 78.3564864, 17.4296382 ], [ 78.3564931, 17.4296599 ], [ 78.3565018, 17.4296778 ], [ 78.3565119, 17.4296906 ], [ 78.356536, 17.4297034 ], [ 78.3565541, 17.4297092 ], [ 78.3565743, 17.4297239 ], [ 78.356582, 17.4297431 ], [ 78.3565823, 17.4297616 ], [ 78.3565675, 17.4297866 ], [ 78.3565474, 17.4298084 ], [ 78.3565032, 17.4298243 ], [ 78.3564717, 17.4298256 ], [ 78.3564408, 17.4298218 ], [ 78.3564153, 17.4298128 ], [ 78.3563785, 17.429809 ], [ 78.3563201, 17.4298186 ], [ 78.3563007, 17.4298179 ], [ 78.3562879, 17.4298109 ], [ 78.3562712, 17.4297936 ], [ 78.3562611, 17.4297636 ], [ 78.3562618, 17.4297341 ], [ 78.3562886, 17.4296906 ], [ 78.3563141, 17.4296663 ], [ 78.3563449, 17.4296478 ], [ 78.3563818, 17.4296331 ], [ 78.3564489, 17.4296087 ], [ 78.3564616, 17.4296087 ] ] ] } },
{ "type": "Feature", "properties": { "cn": 85, "tags": { "golf": "bunker", "natural": "sand" } }, "geometry": { "type": "Polygon", "coordinates": [ [ [ 78.3565079, 17.4286683 ], [ 78.3564938, 17.4286664 ], [ 78.3564757, 17.4286644 ], [ 78.356469, 17.4286625 ], [ 78.3564536, 17.4286517 ], [ 78.3564361, 17.4286197 ], [ 78.3564341, 17.4286024 ], [ 78.3564334, 17.4285896 ], [ 78.3564321, 17.4285749 ], [ 78.3564274, 17.4285602 ], [ 78.35642, 17.4285519 ], [ 78.356408, 17.4285461 ], [ 78.3563831, 17.4285384 ], [ 78.3563677, 17.4285314 ], [ 78.3563536, 17.4285173 ], [ 78.3563483, 17.4284987 ], [ 78.3563496, 17.4284764 ], [ 78.3563563, 17.4284424 ], [ 78.356359, 17.4284322 ], [ 78.3563731, 17.4284252 ], [ 78.3564059, 17.4284265 ], [ 78.3564375, 17.4284412 ], [ 78.3564435, 17.4284572 ], [ 78.3564435, 17.4284796 ], [ 78.3564442, 17.4284994 ], [ 78.3564442, 17.4285167 ], [ 78.3564529, 17.4285442 ], [ 78.3564683, 17.4285659 ], [ 78.3564938, 17.4285883 ], [ 78.3565213, 17.4285998 ], [ 78.3565441, 17.4286171 ], [ 78.3565468, 17.4286328 ], [ 78.3565431, 17.4286475 ], [ 78.356537, 17.4286571 ], [ 78.3565203, 17.428666 ], [ 78.3565079, 17.4286683 ] ] ] } },
{ "type": "Feature", "properties": { "cn": 85, "tags": { "golf": "bunker", "natural": "sand" } }, "geometry": { "type": "Polygon", "coordinates": [ [ [ 78.3522599, 17.4242903 ], [ 78.3522626, 17.4243095 ], [ 78.3522706, 17.4243287 ], [ 78.3522787, 17.4243332 ], [ 78.3522914, 17.4243434 ], [ 78.3522995, 17.4243594 ], [ 78.3523008, 17.4243728 ], [ 78.3523022, 17.4243895 ], [ 78.3523129, 17.4244055 ], [ 78.3523263, 17.4244106 ], [ 78.3523531, 17.4243971 ], [ 78.3523578, 17.4243901 ], [ 78.3523685, 17.4243773 ], [ 78.352396, 17.4243703 ], [ 78.3524088, 17.4243716 ], [ 78.3524282, 17.4243722 ], [ 78.3524618, 17.4243594 ], [ 78.3524644, 17.4243498 ], [ 78.3524638, 17.42433 ], [ 78.3524624, 17.4243089 ], [ 78.352453, 17.424289 ], [ 78.3524249, 17.4242769 ], [ 78.3523726, 17.4242852 ], [ 78.3523592, 17.4242826 ], [ 78.3523431, 17.4242692 ], [ 78.3523209, 17.4242602 ], [ 78.3522975, 17.4242583 ], [ 78.3522693, 17.4242711 ], [ 78.3522599, 17.4242903 ] ] ] } },
{ "type": "Feature", "properties": { "cn": 98, "tags": { "golf": "lateral_water_hazard", "natural": "water" } }, "geometry": { "type": "Polygon", "coordinates": [ [ [ 78.351639, 17.4241771 ], [ 78.3516155, 17.4241611 ], [ 78.3515907, 17.4241496 ], [ 78.3515579, 17.4241457 ], [ 78.351533, 17.4241438 ], [ 78.3514975, 17.4241438 ], [ 78.3514653, 17.4241521 ], [ 78.3514271, 17.4241687 ], [ 78.3513828, 17.4241899 ], [ 78.3513527, 17.4242103 ], [ 78.3513305, 17.4242295 ], [ 78.3513111, 17.4242487 ], [ 78.351299, 17.4242692 ], [ 78.351293, 17.4242871 ], [ 78.3512923, 17.4243108 ], [ 78.3513017, 17.4243351 ], [ 78.3513138, 17.4243549 ], [ 78.3513332, 17.4243722 ], [ 78.351346, 17.424378 ], [ 78.3513983, 17.424378 ], [ 78.3514224, 17.4243722 ], [ 78.3514492, 17.424362 ], [ 78.3514687, 17.4243421 ], [ 78.3514827, 17.4243274 ], [ 78.3515009, 17.4243114 ], [ 78.351529, 17.4242948 ], [ 78.3515585, 17.4242884 ], [ 78.3515887, 17.4242922 ], [ 78.3516242, 17.4242961 ], [ 78.3516638, 17.4243012 ], [ 78.351692, 17.4243012 ], [ 78.3517248, 17.424298 ], [ 78.351761, 17.4242948 ], [ 78.3517972, 17.4243031 ], [ 78.3518294, 17.4243101 ], [ 78.3518844, 17.424314 ], [ 78.3519092, 17.4243108 ], [ 78.35193, 17.424305 ], [ 78.3519642, 17.4242852 ], [ 78.3520581, 17.4242039 ], [ 78.3521513, 17.4240677 ], [ 78.3521654, 17.4240318 ], [ 78.3521734, 17.4239973 ], [ 78.3521835, 17.4239397 ], [ 78.3521754, 17.4239 ], [ 78.352164, 17.4238623 ], [ 78.3521352, 17.4238201 ], [ 78.3521057, 17.4237938 ], [ 78.3520648, 17.4237734 ], [ 78.3520259, 17.423774 ], [ 78.3519548, 17.4238098 ], [ 78.3519193, 17.4238489 ], [ 78.3518824, 17.4238834 ], [ 78.3518603, 17.4239243 ], [ 78.3518583, 17.4239557 ], [ 78.3518676, 17.4239902 ], [ 78.3518837, 17.4240171 ], [ 78.3519025, 17.424051 ], [ 78.3519146, 17.4240881 ], [ 78.3519226, 17.4241432 ], [ 78.3519079, 17.4242027 ], [ 78.351877, 17.4242257 ], [ 78.351863, 17.4242327 ], [ 78.3518274, 17.4242378 ], [ 78.3517946, 17.4242353 ], [ 78.351749, 17.4242308 ], [ 78.3517141, 17.4242244 ], [ 78.3516873, 17.4242167 ], [ 78.3516517, 17.4241879 ], [ 78.351639, 17.4241771 ] ] ] } },
{ "type": "Feature", "properties": { "cn": 85, "tags": { "golf": "bunker", "natural": "sand" } }, "geometry": { "type": "Polygon", "coordinates": [ [ [ 78.3539873, 17.4245002 ], [ 78.3539718, 17.4245053 ], [ 78.3539564, 17.4245078 ], [ 78.3539329, 17.4245136 ], [ 78.3539222, 17.4245187 ], [ 78.3539128, 17.4245411 ], [ 78.3539115, 17.4245648 ], [ 78.3539189, 17.4245782 ], [ 78.3539336, 17.4245891 ], [ 78.3539631, 17.4245936 ], [ 78.3539785, 17.4245923 ], [ 78.353994, 17.4245846 ], [ 78.3540194, 17.4245756 ], [ 78.3540335, 17.4245744 ], [ 78.3540436, 17.4245782 ], [ 78.3540557, 17.424607 ], [ 78.354061, 17.4246351 ], [ 78.3540718, 17.4246595 ], [ 78.3540878, 17.4246767 ], [ 78.3541113, 17.4246895 ], [ 78.3541515, 17.4246934 ], [ 78.354173, 17.4246883 ], [ 78.3541831, 17.4246774 ], [ 78.3541884, 17.4246588 ], [ 78.3541878, 17.4246377 ], [ 78.354169, 17.4246128 ], [ 78.3541415, 17.424591 ], [ 78.3541241, 17.424575 ], [ 78.3541033, 17.4245571 ], [ 78.3540939, 17.4245245 ], [ 78.3541006, 17.4244944 ], [ 78.3541173, 17.4244694 ], [ 78.3541287, 17.4244579 ], [ 78.3541395, 17.4244413 ], [ 78.3541469, 17.4244231 ], [ 78.3541455, 17.4244128 ], [ 78.3541448, 17.4244023 ], [ 78.3541425, 17.4243943 ], [ 78.3541365, 17.4243872 ], [ 78.3541267, 17.4243844 ], [ 78.354117, 17.4243824 ], [ 78.3541073, 17.4243821 ], [ 78.3540956, 17.4243895 ], [ 78.3540862, 17.4244035 ], [ 78.35408, 17.4244103 ], [ 78.3540768, 17.4244123 ], [ 78.3540712, 17.4244143 ], [ 78.3540692, 17.4244146 ], [ 78.3540605, 17.4244115 ], [ 78.3540548, 17.4243947 ], [ 78.3540416, 17.4243735 ], [ 78.3540171, 17.4243645 ], [ 78.353998, 17.42436 ], [ 78.3539698, 17.4243735 ], [ 78.3539551, 17.4243946 ], [ 78.3539557, 17.4244087 ], [ 78.3539591, 17.4244215 ], [ 78.3539645, 17.4244336 ], [ 78.3539745, 17.4244458 ], [ 78.3539873, 17.424456 ], [ 78.353994, 17.4244662 ], [ 78.3539966, 17.4244829 ], [ 78.3539873, 17.4245002 ] ] ] } },
{ "type": "Feature", "properties": { "cn": 98, "tags": { "golf": "lateral_water_hazard", "natural": "water" } }, "geometry": { "type": "Polygon", "coordinates": [ [ [ 78.3505641, 17.4235322 ], [ 78.3505487, 17.4235757 ], [ 78.3505239, 17.423623 ], [ 78.3504702, 17.4236563 ], [ 78.350426, 17.4236806 ], [ 78.3503857, 17.4237203 ], [ 78.3503602, 17.4237561 ], [ 78.3503401, 17.4238124 ], [ 78.3503374, 17.4238559 ], [ 78.3503468, 17.4238802 ], [ 78.3503683, 17.4238968 ], [ 78.3504072, 17.4239084 ], [ 78.3504689, 17.4239122 ], [ 78.3505212, 17.4239071 ], [ 78.3506137, 17.4238687 ], [ 78.35067, 17.4238162 ], [ 78.3506821, 17.423783 ], [ 78.3506902, 17.4237599 ], [ 78.3506928, 17.423687 ], [ 78.3506861, 17.4236524 ], [ 78.3506714, 17.4236192 ], [ 78.3506499, 17.4235897 ], [ 78.3506154, 17.4235587 ], [ 78.3506043, 17.4235338 ], [ 78.350603, 17.4234925 ], [ 78.3506177, 17.4234579 ], [ 78.3506526, 17.4234132 ], [ 78.3506875, 17.4233748 ], [ 78.3506928, 17.4233441 ], [ 78.3506915, 17.4233018 ], [ 78.3506781, 17.4232762 ], [ 78.3506633, 17.4232564 ], [ 78.3506419, 17.4232417 ], [ 78.3505896, 17.4232379 ], [ 78.350552, 17.4232417 ], [ 78.3505319, 17.4232519 ], [ 78.3505212, 17.4232622 ], [ 78.3505145, 17.4232858 ], [ 78.3505212, 17.4233249 ], [ 78.3505413, 17.4233607 ], [ 78.3505587, 17.4233901 ], [ 78.3505735, 17.4234336 ], [ 78.3505762, 17.4234605 ], [ 78.3505695, 17.4235091 ], [ 78.3505641, 17.4235322 ] ] ] } },
{ "type": "Feature", "properties": { "cn": 98, "tags": { "golf": "lateral_water_hazard", "natural": "water" } }, "geometry": { "type": "Polygon", "coordinates": [ [ [ 78.3545485, 17.424726 ], [ 78.3545418, 17.4247708 ], [ 78.3545525, 17.4248194 ], [ 78.35457, 17.424868 ], [ 78.3545981, 17.4249154 ], [ 78.354633, 17.4249538 ], [ 78.3546706, 17.4249819 ], [ 78.3547778, 17.4250395 ], [ 78.3548261, 17.4250702 ], [ 78.3548677, 17.4251009 ], [ 78.3548999, 17.4251495 ], [ 78.3549066, 17.4251841 ], [ 78.3549213, 17.4252621 ], [ 78.3549334, 17.4253402 ], [ 78.3549227, 17.4253952 ], [ 78.3548932, 17.4254272 ], [ 78.3548476, 17.4254553 ], [ 78.3547926, 17.4254835 ], [ 78.3547658, 17.4255027 ], [ 78.3547403, 17.4255334 ], [ 78.3547336, 17.4255756 ], [ 78.3547403, 17.4256153 ], [ 78.3547671, 17.4256614 ], [ 78.3548194, 17.4257202 ], [ 78.3548744, 17.4257535 ], [ 78.3549146, 17.425765 ], [ 78.3549441, 17.4257701 ], [ 78.3550461, 17.4257663 ], [ 78.3550863, 17.425756 ], [ 78.3551037, 17.4257369 ], [ 78.3551171, 17.4256997 ], [ 78.3551131, 17.4256319 ], [ 78.3550903, 17.4255833 ], [ 78.3550407, 17.4255091 ], [ 78.3550327, 17.4254771 ], [ 78.3550273, 17.4254093 ], [ 78.3550259, 17.4253325 ], [ 78.3550219, 17.4251969 ], [ 78.3550702, 17.4250638 ], [ 78.3550756, 17.4250216 ], [ 78.3550541, 17.4249461 ], [ 78.3550045, 17.4248668 ], [ 78.3547711, 17.4246505 ], [ 78.3547041, 17.4246415 ], [ 78.3546558, 17.4246428 ], [ 78.3546075, 17.4246531 ], [ 78.3545646, 17.4246902 ], [ 78.3545485, 17.424726 ] ] ] } },
{ "type": "Feature", "properties": { "cn": 85, "tags": { "golf": "bunker", "natural": "sand" } }, "geometry": { "type": "Polygon", "coordinates": [ [ [ 78.3488803, 17.4250314 ], [ 78.3488781, 17.4250339 ], [ 78.3488762, 17.4250361 ], [ 78.348874, 17.4250374 ], [ 78.348871, 17.4250381 ], [ 78.3488686, 17.4250384 ], [ 78.3488656, 17.4250381 ], [ 78.3488603, 17.4250365 ], [ 78.3488428, 17.4250293 ], [ 78.3488334, 17.4250222 ], [ 78.3488081, 17.4250107 ], [ 78.3487653, 17.4250064 ], [ 78.3487449, 17.4250101 ], [ 78.3487187, 17.4250158 ], [ 78.3486973, 17.425028 ], [ 78.3486859, 17.4250478 ], [ 78.3486825, 17.4250689 ], [ 78.3486912, 17.4251118 ], [ 78.3487026, 17.4251252 ], [ 78.3487201, 17.4251361 ], [ 78.3487335, 17.4251412 ], [ 78.3487489, 17.4251451 ], [ 78.3487885, 17.4251444 ], [ 78.3488019, 17.4251406 ], [ 78.3488227, 17.4251259 ], [ 78.3488347, 17.4251092 ], [ 78.3488421, 17.4250958 ], [ 78.3488535, 17.4250868 ], [ 78.3488616, 17.4250798 ], [ 78.348875, 17.4250772 ], [ 78.3488917, 17.4250824 ], [ 78.3489132, 17.4250971 ], [ 78.3489219, 17.425106 ], [ 78.348936, 17.4251195 ], [ 78.3489501, 17.4251271 ], [ 78.3489568, 17.4251284 ], [ 78.3489816, 17.4251207 ], [ 78.3489916, 17.4251137 ], [ 78.3489977, 17.425106 ], [ 78.3489963, 17.4250804 ], [ 78.3489809, 17.4250664 ], [ 78.3489568, 17.4250542 ], [ 78.3489509, 17.4250496 ], [ 78.3489481, 17.4250366 ], [ 78.3489533, 17.4250259 ], [ 78.3489621, 17.4250163 ], [ 78.3489806, 17.4250125 ], [ 78.3490071, 17.4250101 ], [ 78.3490138, 17.4250069 ], [ 78.3490205, 17.4250024 ], [ 78.3490245, 17.424996 ], [ 78.3490258, 17.4249819 ], [ 78.3490131, 17.4249538 ], [ 78.3489896, 17.4249358 ], [ 78.3489554, 17.4249326 ], [ 78.3489279, 17.4249442 ], [ 78.3489119, 17.4249582 ], [ 78.3489025, 17.424971 ], [ 78.3488958, 17.4249857 ], [ 78.3488911, 17.4250005 ], [ 78.348887, 17.4250126 ], [ 78.3488803, 17.4250314 ] ] ] } },
{ "type": "Feature", "properties": { "cn": 65, "tags": { "golf": "green", "landuse": "grass" } }, "geometry": { "type": "Polygon", "coordinates": [ [ [ 78.3503924, 17.4267918 ], [ 78.3503676, 17.4267861 ], [ 78.3503482, 17.4267893 ], [ 78.3503287, 17.4268046 ], [ 78.3503113, 17.426827 ], [ 78.3503086, 17.4268481 ], [ 78.3503187, 17.4268718 ], [ 78.3503354, 17.4268859 ], [ 78.3503602, 17.4269 ], [ 78.3503837, 17.4269102 ], [ 78.3503951, 17.4269185 ], [ 78.350436, 17.4269172 ], [ 78.3504434, 17.4269083 ], [ 78.3504528, 17.4268929 ], [ 78.3504568, 17.4268763 ], [ 78.3504528, 17.4268494 ], [ 78.35043, 17.426827 ], [ 78.3504146, 17.426813 ], [ 78.3504025, 17.4267938 ], [ 78.3503924, 17.4267918 ] ] ] } },
{ "type": "Feature", "properties": { "cn": 85, "tags": { "golf": "bunker", "natural": "sand" } }, "geometry": { "type": "Polygon", "coordinates": [ [ [ 78.3519897, 17.4279793 ], [ 78.3519635, 17.427994 ], [ 78.3519602, 17.4280106 ], [ 78.3519582, 17.4280272 ], [ 78.3519615, 17.4280522 ], [ 78.3519669, 17.4280663 ], [ 78.3519709, 17.4280784 ], [ 78.3519702, 17.4280938 ], [ 78.3519474, 17.4281117 ], [ 78.3519307, 17.4281181 ], [ 78.3519173, 17.428129 ], [ 78.3519005, 17.4281539 ], [ 78.3518951, 17.428168 ], [ 78.3518931, 17.4281821 ], [ 78.3518958, 17.4281929 ], [ 78.3519032, 17.4282064 ], [ 78.3519307, 17.4282211 ], [ 78.3519481, 17.4282288 ], [ 78.3519562, 17.428239 ], [ 78.3519541, 17.4282576 ], [ 78.3519427, 17.4282716 ], [ 78.351932, 17.4282883 ], [ 78.351926, 17.4283049 ], [ 78.3519233, 17.4283235 ], [ 78.3519246, 17.4283433 ], [ 78.3519394, 17.4283606 ], [ 78.351983, 17.4283766 ], [ 78.3519984, 17.4283753 ], [ 78.3520158, 17.4283682 ], [ 78.3520279, 17.4283522 ], [ 78.3520373, 17.4283292 ], [ 78.3520212, 17.4282736 ], [ 78.3520011, 17.4282505 ], [ 78.3519924, 17.4282364 ], [ 78.3519971, 17.4282077 ], [ 78.3520138, 17.4281934 ], [ 78.3520241, 17.4281857 ], [ 78.3520428, 17.4281726 ], [ 78.3520598, 17.4281582 ], [ 78.3520651, 17.4281467 ], [ 78.3520651, 17.4281291 ], [ 78.3520633, 17.4281195 ], [ 78.3520489, 17.4281102 ], [ 78.352023, 17.4281005 ], [ 78.3520178, 17.4280997 ], [ 78.3520148, 17.4280954 ], [ 78.3520135, 17.4280896 ], [ 78.352015, 17.4280792 ], [ 78.3520177, 17.4280659 ], [ 78.3520276, 17.4280547 ], [ 78.3520356, 17.4280327 ], [ 78.3520386, 17.4280138 ], [ 78.3520373, 17.4279965 ], [ 78.3520185, 17.4279786 ], [ 78.3519897, 17.4279793 ] ] ] } },
{ "type": "Feature", "properties": { "cn": 65, "tags": { "golf": "green", "landuse": "grass" } }, "geometry": { "type": "Polygon", "coordinates": [ [ [ 78.3530505, 17.426676 ], [ 78.3530083, 17.4267036 ], [ 78.3529747, 17.4267336 ], [ 78.35296, 17.426756 ], [ 78.3529419, 17.4267835 ], [ 78.3529271, 17.4268085 ], [ 78.3529191, 17.4268334 ], [ 78.3529211, 17.426859 ], [ 78.3529345, 17.4268814 ], [ 78.3529506, 17.4268993 ], [ 78.3529995, 17.4269019 ], [ 78.353027, 17.4268948 ], [ 78.3530532, 17.4268852 ], [ 78.3530834, 17.4268808 ], [ 78.3531068, 17.4268801 ], [ 78.3531256, 17.426884 ], [ 78.3531504, 17.426884 ], [ 78.3531746, 17.4268725 ], [ 78.353194, 17.4268533 ], [ 78.3532041, 17.4268277 ], [ 78.3532061, 17.4268046 ], [ 78.3532, 17.4267778 ], [ 78.3531658, 17.4267253 ], [ 78.3531471, 17.4267112 ], [ 78.353131, 17.4266946 ], [ 78.3531035, 17.4266805 ], [ 78.3530693, 17.4266722 ], [ 78.3530505, 17.426676 ] ] ] } },
{ "type": "Feature", "properties": { "cn": 98, "tags": { "golf": "lateral_water_hazard", "natural": "water" } }, "geometry": { "type": "Polygon", "coordinates": [ [ [ 78.3527099, 17.4317814 ], [ 78.3526951, 17.4317417 ], [ 78.3526589, 17.4317289 ], [ 78.3526019, 17.431711 ], [ 78.352561, 17.4316931 ], [ 78.3524758, 17.4316406 ], [ 78.3524436, 17.4316003 ], [ 78.3524148, 17.4315664 ], [ 78.3523987, 17.4315229 ], [ 78.3523746, 17.4314909 ], [ 78.3523518, 17.4314653 ], [ 78.3523156, 17.431441 ], [ 78.3522968, 17.4314346 ], [ 78.3522727, 17.4314205 ], [ 78.3522297, 17.431409 ], [ 78.3521922, 17.431409 ], [ 78.3521573, 17.4314129 ], [ 78.3521258, 17.4314289 ], [ 78.352101, 17.4314551 ], [ 78.3520735, 17.4314794 ], [ 78.3520393, 17.4315031 ], [ 78.3519729, 17.4315485 ], [ 78.3519495, 17.4315632 ], [ 78.351924, 17.4315818 ], [ 78.3518925, 17.4315926 ], [ 78.3518435, 17.4315984 ], [ 78.3517657, 17.4316112 ], [ 78.3517362, 17.4316214 ], [ 78.3517067, 17.4316406 ], [ 78.3516772, 17.4316637 ], [ 78.3516638, 17.4316956 ], [ 78.3516625, 17.4317187 ], [ 78.3516678, 17.4317455 ], [ 78.3516839, 17.431775 ], [ 78.3517, 17.4317865 ], [ 78.3517295, 17.4317942 ], [ 78.3517724, 17.431807 ], [ 78.3518462, 17.4318287 ], [ 78.3518998, 17.4318505 ], [ 78.3519374, 17.4318735 ], [ 78.3519615, 17.4319093 ], [ 78.3519803, 17.4319375 ], [ 78.3520031, 17.431949 ], [ 78.3520541, 17.4319554 ], [ 78.352105, 17.4319515 ], [ 78.3521533, 17.4319285 ], [ 78.3521935, 17.4319004 ], [ 78.3523142, 17.431885 ], [ 78.3523585, 17.4318748 ], [ 78.3523987, 17.4318645 ], [ 78.3524296, 17.4318581 ], [ 78.3524725, 17.4318569 ], [ 78.3525208, 17.4318556 ], [ 78.3525529, 17.4318543 ], [ 78.3525959, 17.4318479 ], [ 78.3526361, 17.4318351 ], [ 78.352671, 17.4318223 ], [ 78.3526844, 17.4318121 ], [ 78.3527045, 17.4317954 ], [ 78.3527099, 17.4317814 ] ] ] } },
{ "type": "Feature", "properties": { "cn": 98, "tags": { "golf": "lateral_water_hazard", "natural": "water" } }, "geometry": { "type": "Polygon", "coordinates": [ [ [ 78.3486798, 17.4335023 ], [ 78.3487684, 17.4333923 ], [ 78.3488354, 17.4333232 ], [ 78.3489293, 17.4332822 ], [ 78.3490205, 17.4332439 ], [ 78.3491144, 17.4331978 ], [ 78.349219, 17.4331364 ], [ 78.349286, 17.4331057 ], [ 78.3493692, 17.4330545 ], [ 78.3494389, 17.4330007 ], [ 78.3496293, 17.432883 ], [ 78.349742, 17.4328242 ], [ 78.34986, 17.4327653 ], [ 78.3499458, 17.4327244 ], [ 78.3500344, 17.4326962 ], [ 78.3501202, 17.4326809 ], [ 78.3502114, 17.4327167 ], [ 78.3502328, 17.4327679 ], [ 78.3502516, 17.4328549 ], [ 78.3502516, 17.4328907 ], [ 78.3502489, 17.4329572 ], [ 78.3502355, 17.4330289 ], [ 78.3501255, 17.4331748 ], [ 78.3500558, 17.4332311 ], [ 78.3499458, 17.4332822 ], [ 78.3497474, 17.4333539 ], [ 78.3496937, 17.4333872 ], [ 78.3496428, 17.433423 ], [ 78.3496025, 17.4334639 ], [ 78.349573, 17.4334998 ], [ 78.3495221, 17.433556 ], [ 78.3494765, 17.433597 ], [ 78.3494201, 17.4336354 ], [ 78.349337, 17.4336789 ], [ 78.3492619, 17.4337121 ], [ 78.3491197, 17.433771 ], [ 78.3490553, 17.4337889 ], [ 78.348873, 17.4338068 ], [ 78.3488113, 17.4338068 ], [ 78.3487469, 17.4337915 ], [ 78.348704, 17.4337403 ], [ 78.3486745, 17.4336661 ], [ 78.3486637, 17.4335842 ], [ 78.3486798, 17.4335023 ] ] ] } },
{ "type": "Feature", "properties": { "cn": 65, "tags": { "golf": "green", "landuse": "grass" } }, "geometry": { "type": "Polygon", "coordinates": [ [ [ 78.3471349, 17.4316048 ], [ 78.3471698, 17.4316765 ], [ 78.3471751, 17.43172 ], [ 78.3471724, 17.4317865 ], [ 78.3471711, 17.4318415 ], [ 78.3471711, 17.4318991 ], [ 78.3471711, 17.4319618 ], [ 78.3471711, 17.4320194 ], [ 78.3471738, 17.4320603 ], [ 78.3471858, 17.4320936 ], [ 78.3472154, 17.432123 ], [ 78.3472502, 17.4321243 ], [ 78.347269, 17.4321204 ], [ 78.3473401, 17.4321102 ], [ 78.3473562, 17.432114 ], [ 78.3473884, 17.4321384 ], [ 78.3474018, 17.4321767 ], [ 78.3474259, 17.4322036 ], [ 78.3474688, 17.4322087 ], [ 78.347505, 17.4322049 ], [ 78.3475292, 17.4321806 ], [ 78.3475372, 17.4321486 ], [ 78.3475305, 17.4321038 ], [ 78.3475064, 17.4320539 ], [ 78.3474782, 17.432004 ], [ 78.3474581, 17.4319196 ], [ 78.3472288, 17.4315293 ], [ 78.3472046, 17.4315255 ], [ 78.3471858, 17.4315331 ], [ 78.347155, 17.4315575 ], [ 78.3471416, 17.4315677 ], [ 78.3471349, 17.4316048 ] ] ] } },
{ "type": "Feature", "properties": { "cn": 65, "tags": { "golf": "green", "landuse": "grass" } }, "geometry": { "type": "Polygon", "coordinates": [ [ [ 78.3554283, 17.4285861 ], [ 78.3554202, 17.4286018 ], [ 78.3554162, 17.4286273 ], [ 78.3554122, 17.4286619 ], [ 78.3554095, 17.4286939 ], [ 78.3554162, 17.4287335 ], [ 78.3554323, 17.4287681 ], [ 78.3554497, 17.4287962 ], [ 78.3554739, 17.4288206 ], [ 78.3555248, 17.4288372 ], [ 78.355545, 17.4288385 ], [ 78.3555745, 17.4288295 ], [ 78.3555865, 17.4288154 ], [ 78.3555865, 17.4287796 ], [ 78.3555745, 17.4287515 ], [ 78.3555678, 17.4287233 ], [ 78.3555678, 17.4286849 ], [ 78.3555838, 17.4286491 ], [ 78.3555899, 17.4286305 ], [ 78.3555885, 17.4286043 ], [ 78.3555818, 17.4285883 ], [ 78.3555587, 17.4285762 ], [ 78.3555315, 17.428565 ], [ 78.3555094, 17.4285624 ], [ 78.3554702, 17.4285627 ], [ 78.355446, 17.428573 ], [ 78.3554283, 17.4285861 ] ] ] } },
{ "type": "Feature", "properties": { "cn": 98, "tags": { "golf": "lateral_water_hazard", "natural": "water" } }, "geometry": { "type": "Polygon", "coordinates": [ [ [ 78.3543138, 17.4308294 ], [ 78.3542843, 17.4308192 ], [ 78.354236, 17.4308128 ], [ 78.3541676, 17.4308064 ], [ 78.3541395, 17.4308153 ], [ 78.354118, 17.4308281 ], [ 78.3540912, 17.4308512 ], [ 78.3540858, 17.4308768 ], [ 78.3540858, 17.4308985 ], [ 78.3540925, 17.4309215 ], [ 78.3540979, 17.4309471 ], [ 78.3540979, 17.4309778 ], [ 78.3540925, 17.4310009 ], [ 78.3540818, 17.4310213 ], [ 78.3540684, 17.4310789 ], [ 78.3540671, 17.4310917 ], [ 78.3540778, 17.4311186 ], [ 78.3540992, 17.4311352 ], [ 78.354118, 17.4311391 ], [ 78.3541542, 17.4311391 ], [ 78.3541904, 17.4311339 ], [ 78.3542119, 17.4311199 ], [ 78.3542307, 17.4311071 ], [ 78.3542642, 17.4310904 ], [ 78.3542843, 17.4310764 ], [ 78.3542964, 17.4310546 ], [ 78.3543165, 17.4310213 ], [ 78.3543527, 17.4309881 ], [ 78.3543822, 17.4309689 ], [ 78.3544157, 17.4309471 ], [ 78.3544627, 17.4309267 ], [ 78.3544949, 17.4309241 ], [ 78.3545244, 17.4309228 ], [ 78.3545659, 17.4309215 ], [ 78.3546115, 17.4309292 ], [ 78.3546504, 17.4309394 ], [ 78.354688, 17.4309548 ], [ 78.3547215, 17.4309689 ], [ 78.3547483, 17.4309727 ], [ 78.3547805, 17.4309612 ], [ 78.3547993, 17.4309522 ], [ 78.3548141, 17.4309331 ], [ 78.3548248, 17.4309113 ], [ 78.3548315, 17.4308895 ], [ 78.3548288, 17.4308448 ], [ 78.3548141, 17.430823 ], [ 78.3547725, 17.4307923 ], [ 78.3547376, 17.4307718 ], [ 78.3546947, 17.4307488 ], [ 78.3546571, 17.430736 ], [ 78.3546209, 17.430729 ], [ 78.3545908, 17.4307315 ], [ 78.354519, 17.4307744 ], [ 78.3544882, 17.4308192 ], [ 78.3544667, 17.4308435 ], [ 78.3544184, 17.4308576 ], [ 78.3544023, 17.430855 ], [ 78.3543648, 17.4308448 ], [ 78.3543138, 17.4308294 ] ] ] } },
{ "type": "Feature", "properties": { "cn": 98, "tags": { "golf": "lateral_water_hazard", "natural": "water" } }, "geometry": { "type": "Polygon", "coordinates": [ [ [ 78.3566326, 17.4318671 ], [ 78.3566447, 17.4318799 ], [ 78.3566639, 17.4318884 ], [ 78.3566886, 17.4318919 ], [ 78.3567238, 17.4318889 ], [ 78.3567573, 17.4318722 ], [ 78.3567855, 17.4318581 ], [ 78.3568069, 17.4318428 ], [ 78.3568351, 17.43183 ], [ 78.3568659, 17.4318223 ], [ 78.3569048, 17.4318146 ], [ 78.3569491, 17.4318159 ], [ 78.3569813, 17.4318262 ], [ 78.3570148, 17.4318402 ], [ 78.357043, 17.4318639 ], [ 78.3570815, 17.4319023 ], [ 78.3570866, 17.4319138 ], [ 78.3570956, 17.4319372 ], [ 78.357107, 17.4319557 ], [ 78.3571147, 17.4319768 ], [ 78.3571291, 17.4319954 ], [ 78.3571476, 17.4320075 ], [ 78.3571791, 17.4320261 ], [ 78.3571952, 17.4320414 ], [ 78.3572052, 17.4320625 ], [ 78.3572257, 17.4321051 ], [ 78.3572404, 17.4321416 ], [ 78.3572495, 17.4321499 ], [ 78.3572686, 17.4321521 ], [ 78.3572921, 17.4321377 ], [ 78.3573119, 17.4321137 ], [ 78.3573192, 17.432099 ], [ 78.3573283, 17.4320683 ], [ 78.357328, 17.4320347 ], [ 78.3573243, 17.4320046 ], [ 78.3573088, 17.4319768 ], [ 78.3572683, 17.4319477 ], [ 78.3572435, 17.4319228 ], [ 78.3572277, 17.4319064 ], [ 78.3572086, 17.4318952 ], [ 78.357165, 17.4318764 ], [ 78.3571335, 17.4318607 ], [ 78.3570926, 17.4318437 ], [ 78.3570557, 17.4318274 ], [ 78.3570416, 17.4318198 ], [ 78.3570175, 17.4318018 ], [ 78.3570041, 17.4317699 ], [ 78.356992, 17.4317443 ], [ 78.3569665, 17.4317033 ], [ 78.3569384, 17.4316765 ], [ 78.3568861, 17.431656 ], [ 78.3567975, 17.4316317 ], [ 78.3567667, 17.4316163 ], [ 78.3567399, 17.4315971 ], [ 78.3567211, 17.4315818 ], [ 78.3566782, 17.4315357 ], [ 78.356654, 17.4315165 ], [ 78.3566259, 17.4315012 ], [ 78.3565977, 17.4314896 ], [ 78.3565669, 17.4314896 ], [ 78.3565012, 17.4315037 ], [ 78.3564884, 17.4315114 ], [ 78.3564797, 17.431521 ], [ 78.3564676, 17.4315421 ], [ 78.3564743, 17.4315869 ], [ 78.3564877, 17.4316355 ], [ 78.3565092, 17.4316688 ], [ 78.3565253, 17.4316892 ], [ 78.3565561, 17.4317174 ], [ 78.3565682, 17.4317276 ], [ 78.3565843, 17.4317455 ], [ 78.3565977, 17.4317711 ], [ 78.3566044, 17.4317993 ], [ 78.3566326, 17.4318671 ] ] ] } },
{ "type": "Feature", "properties": { "cn": 98, "tags": { "golf": "lateral_water_hazard", "natural": "water" } }, "geometry": { "type": "Polygon", "coordinates": [ [ [ 78.3561354, 17.4323543 ], [ 78.3561347, 17.4323728 ], [ 78.3561354, 17.4323818 ], [ 78.3561391, 17.4323952 ], [ 78.3561441, 17.4324083 ], [ 78.3561521, 17.4324198 ], [ 78.3561625, 17.4324259 ], [ 78.3561726, 17.4324282 ], [ 78.3561783, 17.4324269 ], [ 78.3561873, 17.4324224 ], [ 78.3561977, 17.4324182 ], [ 78.3562075, 17.4324163 ], [ 78.3562222, 17.4324192 ], [ 78.3562306, 17.4324202 ], [ 78.3562417, 17.4324195 ], [ 78.356249, 17.432417 ], [ 78.3562561, 17.4324131 ], [ 78.3562564, 17.4323959 ], [ 78.3562484, 17.4323872 ], [ 78.3562339, 17.4323815 ], [ 78.3562168, 17.4323763 ], [ 78.3562088, 17.432368 ], [ 78.3562048, 17.4323536 ], [ 78.3562011, 17.4323428 ], [ 78.3561971, 17.4323303 ], [ 78.356188, 17.4323245 ], [ 78.3561763, 17.4323194 ], [ 78.3561585, 17.4323181 ], [ 78.3561347, 17.4323437 ], [ 78.3561354, 17.4323543 ] ] ] } },
{ "type": "Feature", "properties": { "cn": 98, "tags": { "golf": "lateral_water_hazard", "natural": "water" } }, "geometry": { "type": "Polygon", "coordinates": [ [ [ 78.3556244, 17.4321291 ], [ 78.3556241, 17.4321524 ], [ 78.3556268, 17.4321691 ], [ 78.3556268, 17.4321985 ], [ 78.3556241, 17.4322279 ], [ 78.3556308, 17.4322548 ], [ 78.3556482, 17.4322778 ], [ 78.3556777, 17.4322996 ], [ 78.3557247, 17.4323239 ], [ 78.3557609, 17.4323367 ], [ 78.3558051, 17.4323495 ], [ 78.3558628, 17.4323725 ], [ 78.3558936, 17.4324032 ], [ 78.3559138, 17.4324352 ], [ 78.3559419, 17.4324557 ], [ 78.3559754, 17.4324634 ], [ 78.356013, 17.4324595 ], [ 78.3560291, 17.4324454 ], [ 78.3560345, 17.4324134 ], [ 78.3560251, 17.4323968 ], [ 78.356005, 17.4323866 ], [ 78.3559754, 17.4323738 ], [ 78.3559567, 17.4323572 ], [ 78.3559594, 17.4323354 ], [ 78.3559741, 17.4323162 ], [ 78.3559929, 17.4322778 ], [ 78.3559889, 17.4322497 ], [ 78.3559419, 17.432219 ], [ 78.355899, 17.4322036 ], [ 78.3558695, 17.4321895 ], [ 78.3558494, 17.4321601 ], [ 78.3558199, 17.4321038 ], [ 78.3558185, 17.4320897 ], [ 78.3558118, 17.4320641 ], [ 78.3557864, 17.432045 ], [ 78.3557568, 17.4320373 ], [ 78.3557394, 17.4320373 ], [ 78.3557072, 17.4320437 ], [ 78.3556777, 17.4320667 ], [ 78.3556683, 17.4320897 ], [ 78.3556703, 17.4321067 ], [ 78.3556687, 17.4321115 ], [ 78.355666, 17.4321166 ], [ 78.355663, 17.4321195 ], [ 78.3556549, 17.4321211 ], [ 78.3556465, 17.4321214 ], [ 78.3556361, 17.4321201 ], [ 78.3556294, 17.4321236 ], [ 78.3556244, 17.4321291 ] ] ] } },
{ "type": "Feature", "properties": { "cn": 98, "tags": { "golf": "lateral_water_hazard", "natural": "water" } }, "geometry": { "type": "Polygon", "coordinates": [ [ [ 78.358826, 17.4320795 ], [ 78.3588333, 17.4321032 ], [ 78.3588427, 17.4321211 ], [ 78.3588528, 17.4321332 ], [ 78.3588669, 17.4321416 ], [ 78.3588877, 17.4321332 ], [ 78.3588917, 17.4321217 ], [ 78.358895, 17.432098 ], [ 78.3588816, 17.4320821 ], [ 78.3588702, 17.4320686 ], [ 78.3588501, 17.4320571 ], [ 78.3588286, 17.4320641 ], [ 78.358826, 17.4320795 ] ] ] } },
{ "type": "Feature", "properties": { "cn": 65, "tags": { "golf": "green", "landuse": "grass" } }, "geometry": { "type": "Polygon", "coordinates": [ [ [ 78.3557351, 17.4330954 ], [ 78.3557216, 17.4330989 ], [ 78.3557096, 17.4331089 ], [ 78.3557022, 17.4331188 ], [ 78.3556982, 17.4331319 ], [ 78.3556965, 17.4331485 ], [ 78.3556985, 17.4331639 ], [ 78.3557049, 17.4331783 ], [ 78.3557129, 17.4331895 ], [ 78.3557216, 17.4331962 ], [ 78.3557307, 17.4331971 ], [ 78.3557411, 17.4331949 ], [ 78.3557471, 17.4331917 ], [ 78.3557511, 17.433184 ], [ 78.3557548, 17.4331767 ], [ 78.3557602, 17.433169 ], [ 78.3557696, 17.4331639 ], [ 78.3557793, 17.4331594 ], [ 78.3557847, 17.433153 ], [ 78.3557874, 17.433144 ], [ 78.3557827, 17.4331348 ], [ 78.3557729, 17.4331287 ], [ 78.3557612, 17.4331245 ], [ 78.3557558, 17.4331127 ], [ 78.3557498, 17.4331012 ], [ 78.3557408, 17.4330941 ], [ 78.3557351, 17.4330954 ] ] ] } },
{ "type": "Feature", "properties": { "cn": 65, "tags": { "golf": "green", "landuse": "grass" } }, "geometry": { "type": "Polygon", "coordinates": [ [ [ 78.3554035, 17.4334131 ], [ 78.3553934, 17.4334131 ], [ 78.3553901, 17.433414 ], [ 78.3553884, 17.4334182 ], [ 78.355388, 17.4334278 ], [ 78.3553917, 17.4334345 ], [ 78.3554041, 17.4334415 ], [ 78.3554072, 17.433446 ], [ 78.3554102, 17.4334569 ], [ 78.3554169, 17.433471 ], [ 78.3554229, 17.4334732 ], [ 78.3554289, 17.4334716 ], [ 78.3554363, 17.4334521 ], [ 78.3554424, 17.433445 ], [ 78.3554484, 17.4334447 ], [ 78.3554564, 17.4334466 ], [ 78.3554615, 17.4334458 ], [ 78.3554642, 17.4334441 ], [ 78.3554654, 17.4334389 ], [ 78.3554633, 17.4334297 ], [ 78.3554561, 17.4334223 ], [ 78.3554464, 17.4334156 ], [ 78.355442, 17.4334092 ], [ 78.3554407, 17.4334035 ], [ 78.3554383, 17.4333916 ], [ 78.3554336, 17.4333878 ], [ 78.3554256, 17.433391 ], [ 78.3554199, 17.4333967 ], [ 78.3554145, 17.4334099 ], [ 78.3554127, 17.4334123 ], [ 78.3554093, 17.4334131 ], [ 78.3554056, 17.4334133 ], [ 78.3554035, 17.4334131 ] ] ] } },
{ "type": "Feature", "properties": { "cn": 65, "tags": { "golf": "green", "landuse": "grass" } }, "geometry": { "type": "Polygon", "coordinates": [ [ [ 78.3550524, 17.4335077 ], [ 78.355043, 17.4335049 ], [ 78.3550337, 17.4334988 ], [ 78.3550246, 17.4334895 ], [ 78.3550156, 17.4334863 ], [ 78.3550065, 17.4334882 ], [ 78.3549981, 17.4334943 ], [ 78.3549938, 17.433501 ], [ 78.3549928, 17.433509 ], [ 78.3549938, 17.4335157 ], [ 78.3550025, 17.4335263 ], [ 78.3550092, 17.4335279 ], [ 78.3550169, 17.4335295 ], [ 78.3550253, 17.433533 ], [ 78.3550293, 17.433541 ], [ 78.3550316, 17.4335496 ], [ 78.3550327, 17.433557 ], [ 78.355037, 17.4335701 ], [ 78.3550471, 17.4335784 ], [ 78.3550628, 17.4335781 ], [ 78.3550709, 17.4335724 ], [ 78.3550796, 17.433565 ], [ 78.355086, 17.4335564 ], [ 78.3550927, 17.4335205 ], [ 78.3550893, 17.4335103 ], [ 78.3550829, 17.4335013 ], [ 78.3550632, 17.4334985 ], [ 78.3550524, 17.4335077 ] ] ] } },
{ "type": "Feature", "properties": { "cn": 65, "tags": { "golf": "green", "landuse": "grass" } }, "geometry": { "type": "Polygon", "coordinates": [ [ [ 78.3553559, 17.4338203 ], [ 78.3553639, 17.4338254 ], [ 78.3553815, 17.4338319 ], [ 78.3553845, 17.4338345 ], [ 78.3553874, 17.4338406 ], [ 78.3553887, 17.4338489 ], [ 78.3553887, 17.4338558 ], [ 78.3553889, 17.4338642 ], [ 78.3553919, 17.4338694 ], [ 78.3553959, 17.4338713 ], [ 78.3554033, 17.4338713 ], [ 78.3554072, 17.4338681 ], [ 78.3554115, 17.4338607 ], [ 78.3554211, 17.4338543 ], [ 78.3554316, 17.4338492 ], [ 78.3554424, 17.4338478 ], [ 78.3554499, 17.433847 ], [ 78.3554615, 17.4338443 ], [ 78.3554672, 17.4338414 ], [ 78.355472, 17.4338337 ], [ 78.3554712, 17.4338271 ], [ 78.3554631, 17.4338169 ], [ 78.3554529, 17.4338107 ], [ 78.355446, 17.4338044 ], [ 78.3554409, 17.4337932 ], [ 78.3554387, 17.4337836 ], [ 78.3554316, 17.4337752 ], [ 78.355417, 17.4337763 ], [ 78.3554073, 17.433783 ], [ 78.3554025, 17.4337883 ], [ 78.3553984, 17.4337944 ], [ 78.3553924, 17.4337982 ], [ 78.3553845, 17.4337998 ], [ 78.3553766, 17.4337982 ], [ 78.3553641, 17.4337969 ], [ 78.355357, 17.433799 ], [ 78.3553528, 17.4338019 ], [ 78.3553503, 17.433811 ], [ 78.3553528, 17.433819 ], [ 78.3553559, 17.4338203 ] ] ] } },
{ "type": "Feature", "properties": { "cn": 65, "tags": { "golf": "green", "landuse": "grass" } }, "geometry": { "type": "Polygon", "coordinates": [ [ [ 78.3560194, 17.4344626 ], [ 78.3560278, 17.4344923 ], [ 78.3560355, 17.434507 ], [ 78.3560445, 17.4345201 ], [ 78.3560589, 17.434523 ], [ 78.356074, 17.4345208 ], [ 78.3560891, 17.4345147 ], [ 78.3561012, 17.4345067 ], [ 78.3561122, 17.4344949 ], [ 78.3561196, 17.4344725 ], [ 78.3561149, 17.4344603 ], [ 78.3561025, 17.4344485 ], [ 78.3560901, 17.4344392 ], [ 78.356079, 17.4344357 ], [ 78.3560526, 17.4344405 ], [ 78.3560392, 17.4344482 ], [ 78.3560194, 17.4344626 ] ] ] } },
{ "type": "Feature", "properties": { "cn": 65, "tags": { "golf": "green", "landuse": "grass" } }, "geometry": { "type": "Polygon", "coordinates": [ [ [ 78.3560117, 17.4340749 ], [ 78.3560241, 17.4340792 ], [ 78.3560286, 17.4340806 ], [ 78.3560314, 17.4340834 ], [ 78.3560326, 17.4340872 ], [ 78.356034, 17.4340923 ], [ 78.3560343, 17.4340982 ], [ 78.356035, 17.4341043 ], [ 78.3560366, 17.4341091 ], [ 78.3560425, 17.4341133 ], [ 78.3560485, 17.4341139 ], [ 78.3560601, 17.4341145 ], [ 78.35607, 17.4341069 ], [ 78.3560774, 17.4340998 ], [ 78.3560807, 17.434087 ], [ 78.3560858, 17.4340781 ], [ 78.3560958, 17.4340736 ], [ 78.3561062, 17.4340717 ], [ 78.3561149, 17.4340656 ], [ 78.3561153, 17.4340608 ], [ 78.3561132, 17.4340538 ], [ 78.3561055, 17.4340487 ], [ 78.3560874, 17.4340471 ], [ 78.3560821, 17.4340442 ], [ 78.3560801, 17.4340416 ], [ 78.3560784, 17.4340384 ], [ 78.356078, 17.4340298 ], [ 78.3560784, 17.4340234 ], [ 78.356076, 17.4340147 ], [ 78.3560676, 17.4340119 ], [ 78.3560586, 17.4340117 ], [ 78.3560526, 17.4340167 ], [ 78.3560472, 17.4340263 ], [ 78.3560438, 17.4340378 ], [ 78.3560204, 17.4340519 ], [ 78.3560137, 17.4340557 ], [ 78.356009, 17.4340621 ], [ 78.3560117, 17.4340749 ] ] ] } },
{ "type": "Feature", "properties": { "cn": 65, "tags": { "golf": "green", "landuse": "grass" } }, "geometry": { "type": "Polygon", "coordinates": [ [ [ 78.3558521, 17.4338382 ], [ 78.3558561, 17.4338532 ], [ 78.3558598, 17.4338625 ], [ 78.3558648, 17.4338743 ], [ 78.3558695, 17.4338842 ], [ 78.3558762, 17.433891 ], [ 78.3558873, 17.4338961 ], [ 78.355893, 17.433898 ], [ 78.3559047, 17.4338986 ], [ 78.3559211, 17.4338964 ], [ 78.3559275, 17.4338929 ], [ 78.3559389, 17.4338858 ], [ 78.3559439, 17.4338801 ], [ 78.3559453, 17.433874 ], [ 78.3559443, 17.4338634 ], [ 78.3559396, 17.4338513 ], [ 78.3559332, 17.4338375 ], [ 78.3559262, 17.4338289 ], [ 78.3559154, 17.433819 ], [ 78.3559017, 17.4338148 ], [ 78.3558863, 17.4338139 ], [ 78.3558762, 17.4338164 ], [ 78.3558668, 17.4338222 ], [ 78.3558541, 17.4338315 ], [ 78.3558521, 17.4338382 ] ] ] } },
{ "type": "Feature", "properties": { "cn": 98, "tags": { "golf": "lateral_water_hazard", "natural": "water" } }, "geometry": { "type": "Polygon", "coordinates": [ [ [ 78.3580025, 17.4341162 ], [ 78.3580082, 17.434127 ], [ 78.3580153, 17.434135 ], [ 78.358026, 17.4341427 ], [ 78.3580394, 17.4341488 ], [ 78.3580518, 17.434152 ], [ 78.3580605, 17.4341523 ], [ 78.3580713, 17.4341501 ], [ 78.3580793, 17.4341446 ], [ 78.3580857, 17.4341357 ], [ 78.3580887, 17.4341267 ], [ 78.3580917, 17.4341165 ], [ 78.3580927, 17.4341066 ], [ 78.3580924, 17.434097 ], [ 78.358092, 17.4340928 ], [ 78.358081, 17.4340829 ], [ 78.3580666, 17.4340816 ], [ 78.3580552, 17.4340816 ], [ 78.3580495, 17.4340797 ], [ 78.3580448, 17.4340746 ], [ 78.3580401, 17.434071 ], [ 78.3580314, 17.4340707 ], [ 78.358024, 17.4340749 ], [ 78.3580002, 17.4341084 ], [ 78.3580025, 17.4341162 ] ] ] } },
{ "type": "Feature", "properties": { "cn": 98, "tags": { "golf": "lateral_water_hazard", "natural": "water" } }, "geometry": { "type": "Polygon", "coordinates": [ [ [ 78.3459628, 17.4309503 ], [ 78.3459359, 17.4309689 ], [ 78.3459212, 17.4309868 ], [ 78.3459091, 17.431006 ], [ 78.3458977, 17.4310271 ], [ 78.345891, 17.4310456 ], [ 78.345889, 17.4310584 ], [ 78.3458957, 17.4310834 ], [ 78.3459232, 17.4311269 ], [ 78.3459835, 17.4311979 ], [ 78.3460566, 17.4312382 ], [ 78.3461237, 17.4312747 ], [ 78.3461686, 17.4312945 ], [ 78.3462223, 17.4313259 ], [ 78.3464107, 17.4314346 ], [ 78.3464757, 17.4314589 ], [ 78.3465093, 17.4314679 ], [ 78.3465321, 17.4314724 ], [ 78.3465616, 17.4314743 ], [ 78.346587, 17.4314704 ], [ 78.3466139, 17.4314577 ], [ 78.3466434, 17.4314359 ], [ 78.3466668, 17.4314071 ], [ 78.3466843, 17.4313726 ], [ 78.3466963, 17.4313323 ], [ 78.3467037, 17.4312868 ], [ 78.3467037, 17.4312696 ], [ 78.3467004, 17.4312485 ], [ 78.3466896, 17.4312299 ], [ 78.3466742, 17.4312069 ], [ 78.3466642, 17.4311973 ], [ 78.346642, 17.4311845 ], [ 78.3466226, 17.43118 ], [ 78.3465958, 17.4311806 ], [ 78.3465482, 17.4311838 ], [ 78.3465099, 17.4311877 ], [ 78.3464791, 17.4311819 ], [ 78.3464389, 17.4311774 ], [ 78.3464154, 17.431171 ], [ 78.3463705, 17.4311455 ], [ 78.346347, 17.4310968 ], [ 78.3463376, 17.4310655 ], [ 78.3463289, 17.4310303 ], [ 78.3463168, 17.4309919 ], [ 78.346298, 17.430951 ], [ 78.3462793, 17.4309318 ], [ 78.346233, 17.4308985 ], [ 78.3462149, 17.4308889 ], [ 78.3461901, 17.4308819 ], [ 78.3461505, 17.4308806 ], [ 78.3461163, 17.4308921 ], [ 78.3460714, 17.4309049 ], [ 78.3459628, 17.4309503 ] ] ] } },
{ "type": "Feature", "properties": { "cn": 65, "tags": { "golf": "green", "landuse": "grass" } }, "geometry": { "type": "Polygon", "coordinates": [ [ [ 78.348083, 17.4248949 ], [ 78.3479677, 17.4250984 ], [ 78.34808, 17.4251563 ], [ 78.3481953, 17.4249528 ], [ 78.348083, 17.4248949 ] ] ] } },
{ "type": "Feature", "properties": { "cn": 65, "tags": { "golf": "fairway", "landuse": "grass" } }, "geometry": { "type": "Polygon", "coordinates": [ [ [ 78.3578637, 17.4339194 ], [ 78.3578154, 17.4338299 ], [ 78.3577859, 17.433748 ], [ 78.3577698, 17.4336635 ], [ 78.3577564, 17.4335458 ], [ 78.3577484, 17.4334435 ], [ 78.3577538, 17.433359 ], [ 78.3577725, 17.4332976 ], [ 78.3577698, 17.4332131 ], [ 78.3577645, 17.4331236 ], [ 78.3577645, 17.4330442 ], [ 78.3577752, 17.4329854 ], [ 78.3577725, 17.4329342 ], [ 78.3576599, 17.4325939 ], [ 78.3575982, 17.4324557 ], [ 78.3575365, 17.4323098 ], [ 78.3574533, 17.4321256 ], [ 78.3572736, 17.4317954 ], [ 78.3571476, 17.4317289 ], [ 78.3570537, 17.4316624 ], [ 78.3569625, 17.431601 ], [ 78.356874, 17.4315523 ], [ 78.3568203, 17.4315293 ], [ 78.3567587, 17.4314935 ], [ 78.3566996, 17.4314525 ], [ 78.3566406, 17.4314244 ], [ 78.356595, 17.4314014 ], [ 78.3565521, 17.4313655 ], [ 78.3565253, 17.4312964 ], [ 78.3565092, 17.4312453 ], [ 78.3565065, 17.4311762 ], [ 78.3565119, 17.4311147 ], [ 78.3565414, 17.4310661 ], [ 78.3566272, 17.4310508 ], [ 78.3566996, 17.4310636 ], [ 78.3567613, 17.4311071 ], [ 78.3568338, 17.431189 ], [ 78.3568767, 17.431276 ], [ 78.3569249, 17.431322 ], [ 78.3569759, 17.4313502 ], [ 78.3570832, 17.4314014 ], [ 78.3572146, 17.4314321 ], [ 78.3573192, 17.4314935 ], [ 78.3574212, 17.4315523 ], [ 78.3574963, 17.4316112 ], [ 78.357566, 17.4316803 ], [ 78.3576545, 17.4317673 ], [ 78.3577189, 17.4318415 ], [ 78.3577672, 17.4319311 ], [ 78.3578396, 17.4321153 ], [ 78.3578718, 17.4322202 ], [ 78.3578932, 17.4323149 ], [ 78.3579013, 17.4323994 ], [ 78.3579093, 17.4325734 ], [ 78.3579147, 17.4326732 ], [ 78.3579335, 17.4327474 ], [ 78.3579656, 17.4328191 ], [ 78.3580005, 17.4328881 ], [ 78.3580166, 17.4329393 ], [ 78.3580166, 17.4329879 ], [ 78.3579791, 17.4330903 ], [ 78.3579496, 17.4331287 ], [ 78.357912, 17.4331799 ], [ 78.3578932, 17.4332413 ], [ 78.3578825, 17.4333027 ], [ 78.3578771, 17.4334179 ], [ 78.3579442, 17.4336072 ], [ 78.3579576, 17.433684 ], [ 78.3579764, 17.4337659 ], [ 78.3579817, 17.4338222 ], [ 78.3579817, 17.4338785 ], [ 78.3579549, 17.4339322 ], [ 78.3579013, 17.4339527 ], [ 78.3578637, 17.4339194 ] ] ] } },
{ "type": "Feature", "properties": { "cn": 65, "tags": { "golf": "green", "landuse": "grass" } }, "geometry": { "type": "Polygon", "coordinates": [ [ [ 78.3585423, 17.4311188 ], [ 78.3585541, 17.4311469 ], [ 78.3585768, 17.4311679 ], [ 78.3586066, 17.4311783 ], [ 78.3586382, 17.4311762 ], [ 78.3586662, 17.4311621 ], [ 78.3586857, 17.4311383 ], [ 78.3586934, 17.431109 ], [ 78.358688, 17.4310792 ], [ 78.3586703, 17.4310541 ], [ 78.3586435, 17.4310381 ], [ 78.3586121, 17.4310338 ], [ 78.3585817, 17.4310421 ], [ 78.3585574, 17.4310615 ], [ 78.3585434, 17.4310886 ], [ 78.3585423, 17.4311188 ] ] ] } },
{ "type": "Feature", "properties": { "cn": 65, "tags": { "golf": "green", "landuse": "grass" } }, "geometry": { "type": "Polygon", "coordinates": [ [ [ 78.3547966, 17.4234132 ], [ 78.3548214, 17.4233805 ], [ 78.3548389, 17.4233594 ], [ 78.354859, 17.423346 ], [ 78.3548845, 17.4233338 ], [ 78.3549019, 17.4233281 ], [ 78.3549361, 17.4233217 ], [ 78.3549797, 17.4233249 ], [ 78.3550072, 17.4233325 ], [ 78.3550226, 17.4233498 ], [ 78.3550367, 17.4233716 ], [ 78.355042, 17.4233882 ], [ 78.3550373, 17.4234183 ], [ 78.3550226, 17.4234464 ], [ 78.3549884, 17.423488 ], [ 78.3549462, 17.4235142 ], [ 78.354914, 17.423529 ], [ 78.3548885, 17.4235347 ], [ 78.354859, 17.4235405 ], [ 78.3548369, 17.4235379 ], [ 78.3548094, 17.4235264 ], [ 78.3547859, 17.4235047 ], [ 78.3547812, 17.4234791 ], [ 78.3547966, 17.4234132 ] ] ] } },
{ "type": "Feature", "properties": { "cn": 65, "tags": { "golf": "green", "landuse": "grass" } }, "geometry": { "type": "Polygon", "coordinates": [ [ [ 78.3544084, 17.4236608 ], [ 78.3543722, 17.4236768 ], [ 78.3543279, 17.423703 ], [ 78.3543058, 17.4237311 ], [ 78.3543017, 17.423749 ], [ 78.3543051, 17.4237721 ], [ 78.3543199, 17.4237887 ], [ 78.3543393, 17.4237983 ], [ 78.3543755, 17.4238066 ], [ 78.3544023, 17.4238079 ], [ 78.3544312, 17.4238028 ], [ 78.3544634, 17.4237932 ], [ 78.3544982, 17.4237746 ], [ 78.3545271, 17.4237529 ], [ 78.3545478, 17.4237247 ], [ 78.3545592, 17.4237087 ], [ 78.3545666, 17.4236793 ], [ 78.3545532, 17.4236518 ], [ 78.3545317, 17.4236371 ], [ 78.3544969, 17.4236339 ], [ 78.3544265, 17.4236441 ], [ 78.3544084, 17.4236608 ] ] ] } },
{ "type": "Feature", "properties": { "cn": 65, "tags": { "golf": "green", "landuse": "grass" } }, "geometry": { "type": "Polygon", "coordinates": [ [ [ 78.353139, 17.4245776 ], [ 78.353194, 17.4246646 ], [ 78.353245, 17.4247081 ], [ 78.3532785, 17.424717 ], [ 78.3533134, 17.4247286 ], [ 78.3533563, 17.4247541 ], [ 78.3533831, 17.4247874 ], [ 78.3533911, 17.4248194 ], [ 78.3533844, 17.4248514 ], [ 78.3533737, 17.4248834 ], [ 78.3533697, 17.424909 ], [ 78.3533683, 17.4249307 ], [ 78.3533777, 17.4249589 ], [ 78.3533938, 17.4249704 ], [ 78.3534166, 17.4249755 ], [ 78.3534528, 17.4249691 ], [ 78.353481, 17.4249499 ], [ 78.3535065, 17.4249115 ], [ 78.353532, 17.4248668 ], [ 78.3535494, 17.4248181 ], [ 78.353544, 17.4247708 ], [ 78.3535226, 17.424717 ], [ 78.3534904, 17.4246774 ], [ 78.3534636, 17.4246543 ], [ 78.3533831, 17.424616 ], [ 78.3533429, 17.4246096 ], [ 78.3533107, 17.424607 ], [ 78.3532892, 17.424598 ], [ 78.3532651, 17.4245788 ], [ 78.3532436, 17.4245571 ], [ 78.3532141, 17.4245251 ], [ 78.3531927, 17.4245161 ], [ 78.3531699, 17.4245187 ], [ 78.3531564, 17.4245225 ], [ 78.3531497, 17.4245507 ], [ 78.3531404, 17.4245635 ], [ 78.353139, 17.4245776 ] ] ] } },
{ "type": "Feature", "properties": { "cn": 65, "tags": { "golf": "green", "landuse": "grass" } }, "geometry": { "type": "Polygon", "coordinates": [ [ [ 78.3573571, 17.430666 ], [ 78.3573682, 17.4306522 ], [ 78.3573816, 17.4306496 ], [ 78.3573883, 17.43065 ], [ 78.3574014, 17.4306544 ], [ 78.3574088, 17.4306612 ], [ 78.3574212, 17.430681 ], [ 78.3574252, 17.430704 ], [ 78.3574332, 17.4307181 ], [ 78.3574718, 17.4307402 ], [ 78.3575271, 17.4307386 ], [ 78.3575459, 17.4307539 ], [ 78.357562, 17.4307974 ], [ 78.3575633, 17.4308256 ], [ 78.3575512, 17.4308537 ], [ 78.3575244, 17.4308716 ], [ 78.3574976, 17.4308768 ], [ 78.3574292, 17.4308524 ], [ 78.3574131, 17.4308281 ], [ 78.3573849, 17.4308141 ], [ 78.3573554, 17.4308205 ], [ 78.3573031, 17.4308524 ], [ 78.3572656, 17.4308704 ], [ 78.3572133, 17.4308793 ], [ 78.3571543, 17.4308806 ], [ 78.3571275, 17.4308729 ], [ 78.3571006, 17.4308627 ], [ 78.3570644, 17.4308371 ], [ 78.357051, 17.4308179 ], [ 78.3570537, 17.4307923 ], [ 78.3570631, 17.4307744 ], [ 78.3570866, 17.4307693 ], [ 78.35711, 17.4307744 ], [ 78.3571529, 17.4308025 ], [ 78.3571663, 17.4308077 ], [ 78.3571905, 17.4308153 ], [ 78.357216, 17.4308205 ], [ 78.3572388, 17.4308217 ], [ 78.357287, 17.4308166 ], [ 78.3573018, 17.4308115 ], [ 78.3573367, 17.4307629 ], [ 78.357342, 17.4307347 ], [ 78.3573434, 17.430713 ], [ 78.3573571, 17.430666 ] ] ] } },
{ "type": "Feature", "properties": { "cn": 65, "tags": { "golf": "green", "landuse": "grass" } }, "geometry": { "type": "Polygon", "coordinates": [ [ [ 78.356642, 17.4306138 ], [ 78.3566661, 17.4306074 ], [ 78.3566929, 17.4306023 ], [ 78.3567325, 17.4305965 ], [ 78.3567674, 17.4305946 ], [ 78.3567922, 17.4305978 ], [ 78.3568197, 17.4306151 ], [ 78.3568317, 17.4306394 ], [ 78.3568177, 17.4306663 ], [ 78.3567996, 17.4306823 ], [ 78.35676, 17.4307021 ], [ 78.3567124, 17.4307079 ], [ 78.3566178, 17.4306983 ], [ 78.3565991, 17.4306765 ], [ 78.356591, 17.4306567 ], [ 78.356593, 17.4306362 ], [ 78.356642, 17.4306138 ] ] ] } },
{ "type": "Feature", "properties": { "cn": 65, "tags": { "golf": "green", "landuse": "grass" } }, "geometry": { "type": "Polygon", "coordinates": [ [ [ 78.3563744, 17.4306074 ], [ 78.3563781, 17.4306295 ], [ 78.3563885, 17.4306432 ], [ 78.3564093, 17.4306522 ], [ 78.3564297, 17.4306599 ], [ 78.3564596, 17.4306666 ], [ 78.3564844, 17.430666 ], [ 78.3565055, 17.4306596 ], [ 78.3565226, 17.4306464 ], [ 78.3565323, 17.430633 ], [ 78.356539, 17.4305988 ], [ 78.3565327, 17.4305821 ], [ 78.3565183, 17.4305713 ], [ 78.3564914, 17.4305626 ], [ 78.3564341, 17.4305604 ], [ 78.3563922, 17.4305639 ], [ 78.3563744, 17.4306074 ] ] ] } },
{ "type": "Feature", "properties": { "cn": 98, "tags": { "golf": "water_hazard", "natural": "water" } }, "geometry": { "type": "Polygon", "coordinates": [ [ [ 78.3507532, 17.4275794 ], [ 78.3507415, 17.4275848 ], [ 78.3507368, 17.4276251 ], [ 78.3507378, 17.4276686 ], [ 78.3507451, 17.4277253 ], [ 78.3507435, 17.4277665 ], [ 78.3507351, 17.4278887 ], [ 78.3507418, 17.4279287 ], [ 78.3507428, 17.4279402 ], [ 78.3507441, 17.427962 ], [ 78.3506449, 17.4280512 ], [ 78.3506134, 17.4280944 ], [ 78.350598, 17.4281466 ], [ 78.3505758, 17.4282624 ], [ 78.3505715, 17.4282812 ], [ 78.3505661, 17.4283471 ], [ 78.3505628, 17.4283628 ], [ 78.3505493, 17.4284111 ], [ 78.3505507, 17.4284623 ], [ 78.3505534, 17.4285045 ], [ 78.3505426, 17.4286145 ], [ 78.3505574, 17.4287092 ], [ 78.3505668, 17.4287668 ], [ 78.3505695, 17.4288052 ], [ 78.3505748, 17.42885 ], [ 78.3505869, 17.428937 ], [ 78.3506016, 17.4289677 ], [ 78.3506298, 17.4290061 ], [ 78.3506727, 17.4290458 ], [ 78.3507277, 17.4290918 ], [ 78.3508685, 17.4292441 ], [ 78.3509155, 17.4292965 ], [ 78.3509463, 17.4293388 ], [ 78.3509624, 17.4293797 ], [ 78.3509691, 17.4294207 ], [ 78.3509731, 17.4294488 ], [ 78.3509772, 17.4294859 ], [ 78.3509906, 17.429523 ], [ 78.351012, 17.4295512 ], [ 78.3510362, 17.4295742 ], [ 78.3510751, 17.4296023 ], [ 78.351118, 17.4296254 ], [ 78.3511502, 17.4296535 ], [ 78.3511783, 17.4296932 ], [ 78.3512011, 17.4297277 ], [ 78.3512051, 17.4297687 ], [ 78.3512232, 17.4299315 ], [ 78.3512293, 17.4299488 ], [ 78.3512353, 17.4299635 ], [ 78.351244, 17.429976 ], [ 78.3512588, 17.4299932 ], [ 78.351288, 17.4300307 ], [ 78.3513366, 17.430093 ], [ 78.3513543, 17.4301337 ], [ 78.3513641, 17.4301541 ], [ 78.3513741, 17.4301746 ], [ 78.3513845, 17.4301983 ], [ 78.3513879, 17.4303035 ], [ 78.3513855, 17.4303429 ], [ 78.3513828, 17.4303573 ], [ 78.3513802, 17.4303691 ], [ 78.3513795, 17.4303813 ], [ 78.3513808, 17.4303969 ], [ 78.3513818, 17.430412 ], [ 78.3513822, 17.4304232 ], [ 78.3513859, 17.4304289 ], [ 78.3513942, 17.4304315 ], [ 78.3513942, 17.4303649 ], [ 78.3513996, 17.4303061 ], [ 78.3513996, 17.4302498 ], [ 78.3513916, 17.4302012 ], [ 78.3513755, 17.4301449 ], [ 78.3513513, 17.4301039 ], [ 78.3513191, 17.4300502 ], [ 78.3512816, 17.4300092 ], [ 78.3512494, 17.4299734 ], [ 78.3512333, 17.4299222 ], [ 78.3512226, 17.4298045 ], [ 78.3512186, 17.4297239 ], [ 78.3511797, 17.4296612 ], [ 78.3511408, 17.4296215 ], [ 78.3511086, 17.4296011 ], [ 78.351067, 17.4295755 ], [ 78.3510415, 17.4295576 ], [ 78.3510254, 17.4295256 ], [ 78.351012, 17.4294718 ], [ 78.3510026, 17.4294053 ], [ 78.3509919, 17.4293362 ], [ 78.3507988, 17.4291315 ], [ 78.350729, 17.4290675 ], [ 78.3506687, 17.4290125 ], [ 78.3506365, 17.4289805 ], [ 78.350611, 17.4289255 ], [ 78.3506043, 17.4288628 ], [ 78.3506043, 17.4288167 ], [ 78.3506097, 17.4287707 ], [ 78.3506083, 17.4287271 ], [ 78.3505976, 17.4286785 ], [ 78.3505882, 17.428603 ], [ 78.3505775, 17.4283842 ], [ 78.3505815, 17.4283279 ], [ 78.3505882, 17.4282614 ], [ 78.3506003, 17.4281859 ], [ 78.3506137, 17.4281386 ], [ 78.3506365, 17.4280899 ], [ 78.350666, 17.4280516 ], [ 78.3507116, 17.4280093 ], [ 78.3507505, 17.4279773 ], [ 78.3507572, 17.4279607 ], [ 78.3507545, 17.4279364 ], [ 78.3507532, 17.4278852 ], [ 78.3507505, 17.427843 ], [ 78.3507532, 17.4277956 ], [ 78.3507559, 17.4277432 ], [ 78.3507639, 17.4276869 ], [ 78.3507612, 17.4276395 ], [ 78.3507532, 17.4275794 ] ] ] } },
{ "type": "Feature", "properties": { "cn": 98, "tags": { "golf": "lateral_water_hazard", "natural": "water" } }, "geometry": { "type": "Polygon", "coordinates": [ [ [ 78.3502744, 17.429056 ], [ 78.3502851, 17.4291289 ], [ 78.3502959, 17.4291891 ], [ 78.3503133, 17.4292492 ], [ 78.3503388, 17.4293298 ], [ 78.3503669, 17.4293912 ], [ 78.3503938, 17.4294283 ], [ 78.3504219, 17.4294642 ], [ 78.3504729, 17.4294897 ], [ 78.3505373, 17.4294885 ], [ 78.3505855, 17.4294757 ], [ 78.3506365, 17.4294462 ], [ 78.3506647, 17.4294104 ], [ 78.3506995, 17.4293298 ], [ 78.3506982, 17.4292901 ], [ 78.3506848, 17.4292518 ], [ 78.3506553, 17.4292031 ], [ 78.3506325, 17.4291724 ], [ 78.3506057, 17.4291289 ], [ 78.3505936, 17.4290918 ], [ 78.3505815, 17.4290496 ], [ 78.3505654, 17.4290176 ], [ 78.3505426, 17.4290022 ], [ 78.3505145, 17.4289946 ], [ 78.3504702, 17.4289946 ], [ 78.3504246, 17.4289971 ], [ 78.3503763, 17.4289984 ], [ 78.3503401, 17.4290074 ], [ 78.350316, 17.4290163 ], [ 78.3502918, 17.4290291 ], [ 78.3502744, 17.429056 ] ] ] } },
{ "type": "Feature", "properties": { "cn": 98, "tags": { "golf": "lateral_water_hazard", "natural": "water" } }, "geometry": { "type": "Polygon", "coordinates": [ [ [ 78.3443383, 17.4308359 ], [ 78.3444098, 17.4310354 ], [ 78.344458, 17.431148 ], [ 78.3445224, 17.4312657 ], [ 78.3445734, 17.4313604 ], [ 78.3446431, 17.4314397 ], [ 78.3447719, 17.4315088 ], [ 78.3448604, 17.4315319 ], [ 78.3449408, 17.431537 ], [ 78.3450884, 17.4315191 ], [ 78.3451849, 17.4314832 ], [ 78.3452708, 17.4314321 ], [ 78.3453298, 17.4313911 ], [ 78.345429, 17.4313425 ], [ 78.34548, 17.431322 ], [ 78.3455014, 17.4312888 ], [ 78.3455148, 17.4311992 ], [ 78.3454987, 17.4311301 ], [ 78.3454558, 17.431038 ], [ 78.3454263, 17.4309586 ], [ 78.3453861, 17.4308486 ], [ 78.3453619, 17.4307667 ], [ 78.3453311, 17.430672 ], [ 78.3453284, 17.4306081 ], [ 78.3452372, 17.4304929 ], [ 78.3451487, 17.4304558 ], [ 78.3450669, 17.4304417 ], [ 78.3450159, 17.4304456 ], [ 78.3443856, 17.4307718 ], [ 78.3443434, 17.4307894 ], [ 78.344339, 17.4307997 ], [ 78.344338, 17.4308099 ], [ 78.3443383, 17.4308359 ] ] ] } },
{ "type": "Feature", "properties": { "cn": 85, "tags": { "golf": "bunker", "natural": "sand" } }, "geometry": { "type": "Polygon", "coordinates": [ [ [ 78.3463467, 17.4321732 ], [ 78.3463463, 17.4321902 ], [ 78.346356, 17.4322039 ], [ 78.3463708, 17.4322212 ], [ 78.3463859, 17.4322353 ], [ 78.346402, 17.4322471 ], [ 78.3464174, 17.4322526 ], [ 78.3464281, 17.4322538 ], [ 78.3464385, 17.4322481 ], [ 78.3464399, 17.4322305 ], [ 78.3464358, 17.4322126 ], [ 78.3464298, 17.4321937 ], [ 78.3464197, 17.4321783 ], [ 78.3464063, 17.4321713 ], [ 78.3463896, 17.4321643 ], [ 78.3463768, 17.432162 ], [ 78.3463644, 17.432163 ], [ 78.3463467, 17.4321732 ] ] ] } },
{ "type": "Feature", "properties": { "cn": 85, "tags": { "golf": "bunker", "natural": "sand" } }, "geometry": { "type": "Polygon", "coordinates": [ [ [ 78.3503794, 17.4312136 ], [ 78.3503656, 17.4312011 ], [ 78.3503512, 17.431196 ], [ 78.3503395, 17.4311976 ], [ 78.350323, 17.4312046 ], [ 78.3503012, 17.4312261 ], [ 78.3502764, 17.4312612 ], [ 78.3502677, 17.4312824 ], [ 78.350266, 17.4313012 ], [ 78.3502704, 17.4313182 ], [ 78.3502771, 17.4313294 ], [ 78.3502965, 17.4313457 ], [ 78.350325, 17.4313649 ], [ 78.3503475, 17.431369 ], [ 78.3503703, 17.4313684 ], [ 78.3504085, 17.4313588 ], [ 78.3504444, 17.4313409 ], [ 78.3504541, 17.4313297 ], [ 78.3504669, 17.4313172 ], [ 78.3504863, 17.4313044 ], [ 78.350498, 17.4312964 ], [ 78.3505104, 17.4312824 ], [ 78.3505121, 17.4312692 ], [ 78.3505064, 17.4312548 ], [ 78.350492, 17.431243 ], [ 78.3504709, 17.4312337 ], [ 78.3504498, 17.4312283 ], [ 78.350431, 17.431228 ], [ 78.3504152, 17.4312273 ], [ 78.3504032, 17.4312229 ], [ 78.3503894, 17.4312174 ], [ 78.3503794, 17.4312136 ] ] ] } },
{ "type": "Feature", "properties": { "cn": 85, "tags": { "natural": "rock" } }, "geometry": { "type": "Polygon", "coordinates": [ [ [ 78.3512226, 17.4278622 ], [ 78.3510241, 17.4276856 ], [ 78.3509973, 17.4276472 ], [ 78.3509114, 17.4275474 ], [ 78.3508766, 17.4275269 ], [ 78.3508149, 17.427509 ], [ 78.3507425, 17.4274758 ], [ 78.3506915, 17.4274271 ], [ 78.3506566, 17.4273632 ], [ 78.3506379, 17.4273094 ], [ 78.3506352, 17.4272506 ], [ 78.3506593, 17.4271943 ], [ 78.3506647, 17.427161 ], [ 78.3506607, 17.4271149 ], [ 78.3506499, 17.4270983 ], [ 78.3506459, 17.4270753 ], [ 78.3506647, 17.4270586 ], [ 78.3507425, 17.4270254 ], [ 78.3507988, 17.4270126 ], [ 78.3508444, 17.42701 ], [ 78.3509195, 17.4269972 ], [ 78.3509946, 17.4269793 ], [ 78.351067, 17.4269614 ], [ 78.3511341, 17.4269409 ], [ 78.3511823, 17.4269128 ], [ 78.3512172, 17.4268821 ], [ 78.3512413, 17.4268411 ], [ 78.351244, 17.4268155 ], [ 78.3512494, 17.4267822 ], [ 78.3512467, 17.4267413 ], [ 78.3512306, 17.4266978 ], [ 78.3512172, 17.4266466 ], [ 78.3512145, 17.426598 ], [ 78.3512118, 17.4265212 ], [ 78.3512092, 17.42647 ], [ 78.3512279, 17.4263984 ], [ 78.3512601, 17.4263037 ], [ 78.3512923, 17.4262832 ], [ 78.3513057, 17.42625 ], [ 78.3513352, 17.4262448 ], [ 78.3513835, 17.42625 ], [ 78.3514479, 17.4262627 ], [ 78.3515042, 17.4262858 ], [ 78.3515578, 17.4263139 ], [ 78.3516195, 17.4263523 ], [ 78.351692, 17.4263933 ], [ 78.3517563, 17.4264214 ], [ 78.35181, 17.4264419 ], [ 78.3518904, 17.4264598 ], [ 78.3519334, 17.4264649 ], [ 78.3520433, 17.426424 ], [ 78.3520997, 17.4264009 ], [ 78.3521882, 17.4263677 ], [ 78.3522633, 17.42636 ], [ 78.3523276, 17.426383 ], [ 78.3523652, 17.4264137 ], [ 78.3524054, 17.4264995 ], [ 78.3525181, 17.4266185 ], [ 78.3525838, 17.4266645 ], [ 78.3526281, 17.4267157 ], [ 78.3526468, 17.4267503 ], [ 78.3526495, 17.4267835 ], [ 78.3526133, 17.4268411 ], [ 78.3525972, 17.4268667 ], [ 78.3525892, 17.4268846 ], [ 78.3525556, 17.4269857 ], [ 78.3524537, 17.4270535 ], [ 78.3522311, 17.4271456 ], [ 78.3520165, 17.4271994 ], [ 78.3518904, 17.4272659 ], [ 78.3518234, 17.4273273 ], [ 78.3517322, 17.4273939 ], [ 78.3515847, 17.4275986 ], [ 78.3515471, 17.4276754 ], [ 78.3515257, 17.4277163 ], [ 78.3514827, 17.4277752 ], [ 78.3514371, 17.4278187 ], [ 78.3513835, 17.4278443 ], [ 78.3512816, 17.4278622 ], [ 78.3512226, 17.4278622 ] ] ] } },
{ "type": "Feature", "properties": { "cn": 65, "tags": { "golf": "green", "landuse": "grass" } }, "geometry": { "type": "Polygon", "coordinates": [ [ [ 78.356939, 17.427907 ], [ 78.356935, 17.4279505 ], [ 78.356937, 17.4279735 ], [ 78.356941, 17.4279965 ], [ 78.3569491, 17.4280176 ], [ 78.3569591, 17.4280343 ], [ 78.3569712, 17.4280471 ], [ 78.356992, 17.4280567 ], [ 78.3570108, 17.4280579 ], [ 78.3570316, 17.4280484 ], [ 78.3570356, 17.4280324 ], [ 78.3570369, 17.4280132 ], [ 78.3570322, 17.4279863 ], [ 78.3570215, 17.427962 ], [ 78.3570128, 17.4279377 ], [ 78.3569994, 17.4279108 ], [ 78.3569793, 17.4278967 ], [ 78.3569531, 17.4278935 ], [ 78.3569424, 17.4278986 ], [ 78.356939, 17.427907 ] ] ] } },
{ "type": "Feature", "properties": { "cn": 70, "tags": { "landuse": "forest" } }, "geometry": { "type": "Polygon", "coordinates": [ [ [ 78.349227, 17.4304801 ], [ 78.3492672, 17.4306899 ], [ 78.3493021, 17.4307949 ], [ 78.3493611, 17.4309177 ], [ 78.3494282, 17.4309945 ], [ 78.3494818, 17.4310124 ], [ 78.3496186, 17.4310047 ], [ 78.3497098, 17.4309766 ], [ 78.3498064, 17.4308972 ], [ 78.3499244, 17.4308 ], [ 78.350029, 17.4307565 ], [ 78.3501685, 17.4307309 ], [ 78.3503401, 17.4307053 ], [ 78.3504903, 17.4306951 ], [ 78.3506218, 17.4307027 ], [ 78.3507156, 17.4307283 ], [ 78.3508229, 17.4307437 ], [ 78.3509356, 17.4307514 ], [ 78.3510321, 17.4307386 ], [ 78.3511448, 17.4307104 ], [ 78.3512145, 17.4306771 ], [ 78.3512521, 17.4306209 ], [ 78.3512601, 17.4305722 ], [ 78.3512467, 17.4304699 ], [ 78.3512065, 17.4304033 ], [ 78.3510777, 17.4303522 ], [ 78.350949, 17.430347 ], [ 78.3508363, 17.4303649 ], [ 78.3505467, 17.4304008 ], [ 78.3504876, 17.4303854 ], [ 78.3504528, 17.4303624 ], [ 78.3503777, 17.4302933 ], [ 78.3503401, 17.4302293 ], [ 78.3502731, 17.4301551 ], [ 78.3501711, 17.4301346 ], [ 78.3500397, 17.4301449 ], [ 78.3498654, 17.4301756 ], [ 78.3492672, 17.4304033 ], [ 78.349227, 17.4304801 ] ] ] } },
{ "type": "Feature", "properties": { "cn": 70, "tags": { "landuse": "forest" } }, "geometry": { "type": "Polygon", "coordinates": [ [ [ 78.3519736, 17.4276037 ], [ 78.351995, 17.4277445 ], [ 78.352046, 17.4278315 ], [ 78.3521157, 17.4279185 ], [ 78.3521935, 17.4279441 ], [ 78.3523008, 17.4279569 ], [ 78.3523947, 17.4279415 ], [ 78.3524886, 17.427898 ], [ 78.3525932, 17.4278647 ], [ 78.3526924, 17.4278519 ], [ 78.352797, 17.4278878 ], [ 78.3528426, 17.427921 ], [ 78.3529177, 17.4279748 ], [ 78.3529901, 17.4280336 ], [ 78.3530304, 17.4280669 ], [ 78.3530948, 17.4281027 ], [ 78.3531645, 17.4281258 ], [ 78.3532584, 17.4281386 ], [ 78.353363, 17.4281206 ], [ 78.3534354, 17.4280618 ], [ 78.3534917, 17.4279953 ], [ 78.3535293, 17.4279108 ], [ 78.3535293, 17.4277905 ], [ 78.3535105, 17.4276856 ], [ 78.3535078, 17.4275704 ], [ 78.353548, 17.4274553 ], [ 78.353599, 17.4273811 ], [ 78.3536822, 17.427358 ], [ 78.3537573, 17.4273452 ], [ 78.3538538, 17.4273145 ], [ 78.3539048, 17.4272966 ], [ 78.3539557, 17.4272634 ], [ 78.3539799, 17.4272454 ], [ 78.3539852, 17.4271661 ], [ 78.3539718, 17.4271175 ], [ 78.3539396, 17.4270535 ], [ 78.3538753, 17.4269767 ], [ 78.3537814, 17.4269 ], [ 78.3536956, 17.4268539 ], [ 78.3535427, 17.4268411 ], [ 78.353422, 17.4268795 ], [ 78.3532664, 17.4269332 ], [ 78.3530679, 17.4270228 ], [ 78.3529526, 17.4270765 ], [ 78.3528104, 17.4271482 ], [ 78.35273, 17.4271712 ], [ 78.3526361, 17.4271789 ], [ 78.3524725, 17.4271943 ], [ 78.3523759, 17.4272352 ], [ 78.3522847, 17.4273427 ], [ 78.3522284, 17.4274092 ], [ 78.3521694, 17.4274374 ], [ 78.3520862, 17.4274553 ], [ 78.3519977, 17.4275116 ], [ 78.3519816, 17.4275551 ], [ 78.3519736, 17.4276037 ] ] ] } },
{ "type": "Feature", "properties": { "cn": 70, "tags": { "landuse": "forest" } }, "geometry": { "type": "Polygon", "coordinates": [ [ [ 78.3543353, 17.4300259 ], [ 78.3543769, 17.4300911 ], [ 78.3544439, 17.4301231 ], [ 78.3546317, 17.4301474 ], [ 78.3548073, 17.4301487 ], [ 78.3549589, 17.4301385 ], [ 78.3550407, 17.4301282 ], [ 78.3551493, 17.4301218 ], [ 78.3552285, 17.4301154 ], [ 78.355325, 17.4301116 ], [ 78.3554068, 17.4300924 ], [ 78.3555329, 17.4300604 ], [ 78.3557703, 17.4300579 ], [ 78.3558172, 17.430086 ], [ 78.3558615, 17.4301014 ], [ 78.3559191, 17.4301078 ], [ 78.3559661, 17.4301052 ], [ 78.3560197, 17.430086 ], [ 78.3560586, 17.4300579 ], [ 78.3561029, 17.4300208 ], [ 78.356131, 17.4299683 ], [ 78.3561538, 17.4298826 ], [ 78.3561511, 17.4298288 ], [ 78.356135, 17.4297687 ], [ 78.3561082, 17.4297188 ], [ 78.3560573, 17.4297034 ], [ 78.3559822, 17.4296842 ], [ 78.3558896, 17.4296727 ], [ 78.3557998, 17.4296714 ], [ 78.355675, 17.4296791 ], [ 78.3555825, 17.4296663 ], [ 78.3555289, 17.4296586 ], [ 78.3554806, 17.4296331 ], [ 78.3554323, 17.4296228 ], [ 78.35538, 17.4296241 ], [ 78.3551936, 17.429674 ], [ 78.354983, 17.4297034 ], [ 78.3548972, 17.4297149 ], [ 78.3547765, 17.4297303 ], [ 78.3546974, 17.4297354 ], [ 78.354625, 17.4297457 ], [ 78.3545485, 17.4297674 ], [ 78.3544385, 17.429793 ], [ 78.3543742, 17.4298352 ], [ 78.3543178, 17.4298851 ], [ 78.3543098, 17.4299363 ], [ 78.3543111, 17.4299875 ], [ 78.3543353, 17.4300259 ] ] ] } },
{ "type": "Feature", "properties": { "cn": 65, "tags": { "golf": "driving_range", "landuse": "grass" } }, "geometry": { "type": "Polygon", "coordinates": [ [ [ 78.3545257, 17.432938 ], [ 78.3545445, 17.4330059 ], [ 78.3545646, 17.4330481 ], [ 78.3546048, 17.4331044 ], [ 78.3546571, 17.4331543 ], [ 78.3546759, 17.4331645 ], [ 78.3547054, 17.4331684 ], [ 78.3547537, 17.4331568 ], [ 78.3548006, 17.4331146 ], [ 78.3548409, 17.433066 ], [ 78.3548878, 17.4330033 ], [ 78.3549441, 17.4329432 ], [ 78.3550166, 17.4328894 ], [ 78.355097, 17.4328344 ], [ 78.3552204, 17.432764 ], [ 78.3552808, 17.4327423 ], [ 78.355384, 17.4327167 ], [ 78.3554685, 17.4326937 ], [ 78.355557, 17.4326885 ], [ 78.3556496, 17.4326732 ], [ 78.355667, 17.4326604 ], [ 78.3556858, 17.4326463 ], [ 78.3556978, 17.4326233 ], [ 78.3557005, 17.4326067 ], [ 78.3556898, 17.4325619 ], [ 78.3556603, 17.4325196 ], [ 78.355616, 17.4324877 ], [ 78.3555597, 17.4324454 ], [ 78.3554953, 17.4324224 ], [ 78.3554189, 17.4324083 ], [ 78.3553451, 17.4324083 ], [ 78.3552955, 17.4324096 ], [ 78.3552097, 17.432416 ], [ 78.3551306, 17.4324352 ], [ 78.3550555, 17.4324697 ], [ 78.3549482, 17.4325235 ], [ 78.3548717, 17.432567 ], [ 78.354798, 17.4326258 ], [ 78.354751, 17.4326617 ], [ 78.354696, 17.4327141 ], [ 78.3546451, 17.4327589 ], [ 78.3546089, 17.432805 ], [ 78.3545874, 17.432828 ], [ 78.3545391, 17.4328894 ], [ 78.3545257, 17.432938 ] ] ] } },
{ "type": "Feature", "properties": { "cn": 70, "tags": { "landuse": "forest" } }, "geometry": { "type": "Polygon", "coordinates": [ [ [ 78.3573943, 17.4311506 ], [ 78.3573943, 17.4312299 ], [ 78.3574346, 17.4312913 ], [ 78.3575284, 17.4313834 ], [ 78.3576465, 17.4314705 ], [ 78.3577511, 17.4315498 ], [ 78.357861, 17.4316905 ], [ 78.3579335, 17.4318185 ], [ 78.3579656, 17.4319413 ], [ 78.3579978, 17.4320846 ], [ 78.3580086, 17.4322177 ], [ 78.3580515, 17.4324531 ], [ 78.3580863, 17.4327269 ], [ 78.3580944, 17.432924 ], [ 78.3580998, 17.4330033 ], [ 78.3581158, 17.4331389 ], [ 78.3581722, 17.4332387 ], [ 78.35825, 17.4332797 ], [ 78.3583251, 17.4332822 ], [ 78.3584323, 17.4332413 ], [ 78.358537, 17.4331748 ], [ 78.3586067, 17.4330929 ], [ 78.3586737, 17.4329879 ], [ 78.3587274, 17.4328754 ], [ 78.358781, 17.4327628 ], [ 78.3588293, 17.4326527 ], [ 78.35884, 17.4325632 ], [ 78.3588132, 17.432448 ], [ 78.3587757, 17.4323354 ], [ 78.3587649, 17.4322202 ], [ 78.3587569, 17.4320923 ], [ 78.3587998, 17.4319899 ], [ 78.3588642, 17.4319285 ], [ 78.3589312, 17.4319234 ], [ 78.3590198, 17.4319797 ], [ 78.3590546, 17.4320769 ], [ 78.3590761, 17.4321895 ], [ 78.3590949, 17.4322842 ], [ 78.3591324, 17.4323328 ], [ 78.35917, 17.4323456 ], [ 78.3592129, 17.4323405 ], [ 78.3592612, 17.432297 ], [ 78.3592573, 17.4321296 ], [ 78.3591861, 17.4319567 ], [ 78.3589795, 17.4314807 ], [ 78.3589272, 17.4313515 ], [ 78.3588494, 17.4312299 ], [ 78.3587596, 17.4311928 ], [ 78.3586617, 17.4311979 ], [ 78.3585718, 17.4312133 ], [ 78.3584753, 17.4312427 ], [ 78.3583304, 17.4313348 ], [ 78.3582929, 17.4313796 ], [ 78.3582553, 17.431418 ], [ 78.3582111, 17.4314487 ], [ 78.3581668, 17.4314653 ], [ 78.3581159, 17.4314717 ], [ 78.358081, 17.4314666 ], [ 78.3580179, 17.4314397 ], [ 78.3579656, 17.4313975 ], [ 78.3579308, 17.4313566 ], [ 78.3579026, 17.4313233 ], [ 78.3578476, 17.4312836 ], [ 78.35779, 17.4312529 ], [ 78.3577336, 17.4312273 ], [ 78.357676, 17.4312043 ], [ 78.3576103, 17.4311723 ], [ 78.3575606, 17.4311493 ], [ 78.3575231, 17.4311352 ], [ 78.3574761, 17.4311263 ], [ 78.3574413, 17.431125 ], [ 78.3574091, 17.4311352 ], [ 78.3573943, 17.4311506 ] ] ] } },
{ "type": "Feature", "properties": { "cn": 70, "tags": { "landuse": "forest" } }, "geometry": { "type": "Polygon", "coordinates": [ [ [ 78.3559191, 17.4260734 ], [ 78.3559111, 17.4260593 ], [ 78.3559124, 17.4260369 ], [ 78.3559339, 17.4260267 ], [ 78.3559915, 17.4260222 ], [ 78.3561873, 17.4260324 ], [ 78.3563912, 17.4260043 ], [ 78.3564931, 17.426035 ], [ 78.3566353, 17.4260606 ], [ 78.3567667, 17.4260631 ], [ 78.3568391, 17.4260452 ], [ 78.356933, 17.4260094 ], [ 78.3570403, 17.4259582 ], [ 78.3571368, 17.4259122 ], [ 78.3572414, 17.4258661 ], [ 78.3573166, 17.4258507 ], [ 78.3573648, 17.4258789 ], [ 78.3574104, 17.4259045 ], [ 78.3574748, 17.4260094 ], [ 78.3575097, 17.4261246 ], [ 78.3585021, 17.4297789 ], [ 78.3585504, 17.4300169 ], [ 78.3586013, 17.4302268 ], [ 78.3586308, 17.4303598 ], [ 78.3586469, 17.4304212 ], [ 78.3587006, 17.4305978 ], [ 78.3586818, 17.4307232 ], [ 78.3586577, 17.4307488 ], [ 78.3586255, 17.4307565 ], [ 78.3585557, 17.4307386 ], [ 78.3584645, 17.4306925 ], [ 78.3583707, 17.4306081 ], [ 78.3583277, 17.4305057 ], [ 78.3582929, 17.4304187 ], [ 78.3582419, 17.4303112 ], [ 78.3581802, 17.4302319 ], [ 78.3581105, 17.4301551 ], [ 78.3580488, 17.430086 ], [ 78.3579308, 17.4300297 ], [ 78.3578289, 17.4299862 ], [ 78.3577725, 17.4299504 ], [ 78.3577162, 17.4298966 ], [ 78.3576813, 17.4298301 ], [ 78.3576465, 17.4297277 ], [ 78.3576357, 17.429651 ], [ 78.3576196, 17.4295435 ], [ 78.3575794, 17.4294437 ], [ 78.357507, 17.4293132 ], [ 78.3574185, 17.4290777 ], [ 78.357279, 17.4289319 ], [ 78.3570832, 17.4287809 ], [ 78.3569947, 17.4286734 ], [ 78.3569625, 17.4285864 ], [ 78.3569571, 17.4284636 ], [ 78.3569732, 17.4283407 ], [ 78.3569974, 17.4282281 ], [ 78.3570322, 17.4281539 ], [ 78.3570698, 17.4280285 ], [ 78.3570752, 17.427939 ], [ 78.3570403, 17.4277854 ], [ 78.356992, 17.4276933 ], [ 78.3569142, 17.4275551 ], [ 78.3567452, 17.4272019 ], [ 78.3566004, 17.4271047 ], [ 78.3564529, 17.4270382 ], [ 78.3563563, 17.4269537 ], [ 78.3562893, 17.4268821 ], [ 78.3562329, 17.4268053 ], [ 78.3562195, 17.4267592 ], [ 78.3562088, 17.4266748 ], [ 78.3562034, 17.4265852 ], [ 78.3561873, 17.4264803 ], [ 78.3561578, 17.4263958 ], [ 78.3561257, 17.4263344 ], [ 78.3560801, 17.4262807 ], [ 78.3560264, 17.4262346 ], [ 78.355962, 17.4261655 ], [ 78.3559298, 17.4261271 ], [ 78.3559191, 17.4260734 ] ] ] } },
{ "type": "Feature", "properties": { "cn": 70, "tags": { "landuse": "forest" } }, "geometry": { "type": "Polygon", "coordinates": [ [ [ 78.3532986, 17.4225239 ], [ 78.3533683, 17.4226467 ], [ 78.3534273, 17.422726 ], [ 78.3534971, 17.4228079 ], [ 78.3536231, 17.4228719 ], [ 78.3537009, 17.4228949 ], [ 78.3537868, 17.4229001 ], [ 78.3539396, 17.4228821 ], [ 78.3542293, 17.4227951 ], [ 78.3543125, 17.4227567 ], [ 78.3544446, 17.4226826 ], [ 78.3545887, 17.4226109 ], [ 78.3547202, 17.4226083 ], [ 78.3548782, 17.4226433 ], [ 78.3551252, 17.4228693 ], [ 78.3553264, 17.4230843 ], [ 78.3554295, 17.4231413 ], [ 78.3556348, 17.4231432 ], [ 78.3557904, 17.4230792 ], [ 78.3559245, 17.4229922 ], [ 78.3560479, 17.4228642 ], [ 78.3567828, 17.4224292 ], [ 78.3568042, 17.4222603 ], [ 78.3567991, 17.4220711 ], [ 78.3563603, 17.4206877 ], [ 78.3562933, 17.4204842 ], [ 78.3562155, 17.4203588 ], [ 78.3561699, 17.4203242 ], [ 78.3561203, 17.4202999 ], [ 78.356076, 17.4202859 ], [ 78.3560318, 17.4202731 ], [ 78.3559687, 17.4202679 ], [ 78.3559111, 17.4202807 ], [ 78.3547604, 17.4212468 ], [ 78.3532906, 17.4223575 ], [ 78.3532986, 17.4225239 ] ] ] } },
{ "type": "Feature", "properties": { "cn": 65, "tags": { "golf": "green", "landuse": "grass" } }, "geometry": { "type": "Polygon", "coordinates": [ [ [ 78.3468486, 17.4314436 ], [ 78.346872, 17.4314992 ], [ 78.3468968, 17.4315383 ], [ 78.3469196, 17.4315703 ], [ 78.3469351, 17.4315875 ], [ 78.346976, 17.4316022 ], [ 78.3469954, 17.4316016 ], [ 78.3470209, 17.4315914 ], [ 78.347037, 17.4315696 ], [ 78.347041, 17.4315344 ], [ 78.3470336, 17.4315031 ], [ 78.3470189, 17.4314628 ], [ 78.3469914, 17.4314167 ], [ 78.3469552, 17.4313911 ], [ 78.3468975, 17.4313847 ], [ 78.3468573, 17.4314154 ], [ 78.3468486, 17.4314436 ] ] ] } },
{ "type": "Feature", "properties": { "cn": 65, "tags": { "addr:city": "hyderabad", "addr:postcode": "500037", "addr:street": "Jagathgiri Gutta", "leisure": "park", "name": "sanjaypuri colony community hall" } }, "geometry": { "type": "Polygon", "coordinates": [ [ [ 78.4280026, 17.4998966 ], [ 78.4279982, 17.4995054 ], [ 78.4281457, 17.4995012 ], [ 78.4281487, 17.499891 ], [ 78.4280026, 17.4998966 ] ] ] } },
{ "type": "Feature", "properties": { "cn": 65, "tags": { "leisure": "pitch", "sport": "cricket" } }, "geometry": { "type": "Polygon", "coordinates": [ [ [ 78.3934486, 17.5176293 ], [ 78.3934459, 17.5182802 ], [ 78.393818, 17.5182816 ], [ 78.3938206, 17.5176307 ], [ 78.3934486, 17.5176293 ] ] ] } },
{ "type": "Feature", "properties": { "cn": 65, "tags": { "leisure": "park" } }, "geometry": { "type": "Polygon", "coordinates": [ [ [ 78.3892831, 17.5178902 ], [ 78.3894117, 17.5184227 ], [ 78.3900746, 17.518283 ], [ 78.3900491, 17.518173 ], [ 78.3907051, 17.51803 ], [ 78.3906218, 17.5175362 ], [ 78.3900033, 17.5177226 ], [ 78.3892831, 17.5178902 ] ] ] } },
{ "type": "Feature", "properties": { "cn": 65, "tags": { "leisure": "playground" } }, "geometry": { "type": "Polygon", "coordinates": [ [ [ 78.3898035, 17.5178774 ], [ 78.3898883, 17.5181393 ], [ 78.3905615, 17.5179411 ], [ 78.3904767, 17.5176792 ], [ 78.3898035, 17.5178774 ] ] ] } },
{ "type": "Feature", "properties": { "cn": 65, "tags": { "natural": "grassland" } }, "geometry": { "type": "Polygon", "coordinates": [ [ [ 78.3754079, 17.5178355 ], [ 78.3753591, 17.5178349 ], [ 78.3753454, 17.5178349 ], [ 78.3753259, 17.5178339 ], [ 78.3753102, 17.5178342 ], [ 78.3753001, 17.5178371 ], [ 78.3752907, 17.5178441 ], [ 78.3752843, 17.5178531 ], [ 78.3752813, 17.5178649 ], [ 78.375283, 17.5178787 ], [ 78.3752897, 17.5178863 ], [ 78.3753058, 17.5178883 ], [ 78.3753262, 17.5178857 ], [ 78.3753457, 17.5178796 ], [ 78.3753688, 17.5178732 ], [ 78.3754, 17.5178643 ], [ 78.3754149, 17.5178572 ], [ 78.3754183, 17.5178529 ], [ 78.3754191, 17.5178493 ], [ 78.3754188, 17.5178465 ], [ 78.3754188, 17.5178449 ], [ 78.3754173, 17.5178409 ], [ 78.3754079, 17.5178355 ] ] ] } },
{ "type": "Feature", "properties": { "cn": 65, "tags": { "leisure": "pitch" } }, "geometry": { "type": "Polygon", "coordinates": [ [ [ 78.3747724, 17.5168722 ], [ 78.3748113, 17.5171778 ], [ 78.3752216, 17.5171303 ], [ 78.3751827, 17.5168247 ], [ 78.3747724, 17.5168722 ] ] ] } },
{ "type": "Feature", "properties": { "cn": 65, "tags": { "leisure": "playground" } }, "geometry": { "type": "Polygon", "coordinates": [ [ [ 78.3743392, 17.5182892 ], [ 78.3747268, 17.5181703 ], [ 78.3747348, 17.5179234 ], [ 78.3743352, 17.5179273 ], [ 78.3743392, 17.5182892 ] ] ] } },
{ "type": "Feature", "properties": { "cn": 65, "tags": { "natural": "grassland" } }, "geometry": { "type": "Polygon", "coordinates": [ [ [ 78.3733018, 17.5183052 ], [ 78.3733307, 17.5184555 ], [ 78.3733897, 17.5185795 ], [ 78.3743177, 17.5182956 ], [ 78.3743204, 17.5178774 ], [ 78.3734675, 17.5179119 ], [ 78.3734219, 17.5179247 ], [ 78.373391, 17.5179401 ], [ 78.3733441, 17.5179874 ], [ 78.3733018, 17.5183052 ] ] ] } },
{ "type": "Feature", "properties": { "cn": 65, "tags": { "leisure": "pitch", "sport": "basketball" } }, "geometry": { "type": "Polygon", "coordinates": [ [ [ 78.3753202, 17.5173754 ], [ 78.3751539, 17.5176395 ], [ 78.375318, 17.5177334 ], [ 78.3754843, 17.5174694 ], [ 78.3753202, 17.5173754 ] ] ] } },
{ "type": "Feature", "properties": { "cn": 65, "tags": { "leisure": "pitch", "sport": "basketball" } }, "geometry": { "type": "Polygon", "coordinates": [ [ [ 78.3751707, 17.5172213 ], [ 78.3750097, 17.5174809 ], [ 78.3751727, 17.5175728 ], [ 78.3753336, 17.5173131 ], [ 78.3751707, 17.5172213 ] ] ] } },
{ "type": "Feature", "properties": { "cn": 65, "tags": { "natural": "grassland" } }, "geometry": { "type": "Polygon", "coordinates": [ [ [ 78.3743915, 17.5176881 ], [ 78.3744022, 17.5178748 ], [ 78.3751291, 17.5178371 ], [ 78.3751418, 17.5178262 ], [ 78.3751492, 17.5178192 ], [ 78.3751546, 17.5178064 ], [ 78.3751432, 17.5177847 ], [ 78.375119, 17.5177508 ], [ 78.3747556, 17.5173952 ], [ 78.3743915, 17.5176881 ] ] ] } },
{ "type": "Feature", "properties": { "cn": 82, "tags": { "building:levels": "5", "landuse": "residential", "name": "Vertex Premio", "residential": "apartments" } }, "geometry": { "type": "Polygon", "coordinates": [ [ [ 78.3899466, 17.5068652 ], [ 78.3898595, 17.5078648 ], [ 78.3901817, 17.5078146 ], [ 78.3902554, 17.5076171 ], [ 78.390359, 17.5075533 ], [ 78.3903713, 17.5069586 ], [ 78.3905002, 17.5069611 ], [ 78.3907742, 17.506778 ], [ 78.3908697, 17.5065903 ], [ 78.3912856, 17.5065982 ], [ 78.3912961, 17.5060997 ], [ 78.3914055, 17.5061018 ], [ 78.391408, 17.5059826 ], [ 78.390403, 17.5060953 ], [ 78.3903745, 17.5062714 ], [ 78.3901383, 17.5065835 ], [ 78.3899466, 17.5068652 ] ] ] } },
{ "type": "Feature", "properties": { "cn": 65, "tags": { "leisure": "pitch", "name": "Rachabanda Grounds" } }, "geometry": { "type": "Polygon", "coordinates": [ [ [ 78.388221, 17.5051633 ], [ 78.3881754, 17.5067186 ], [ 78.3891302, 17.5067544 ], [ 78.389326, 17.506583 ], [ 78.3894333, 17.5065523 ], [ 78.3895326, 17.5065216 ], [ 78.3895943, 17.5065037 ], [ 78.3896452, 17.5064884 ], [ 78.3896881, 17.506473 ], [ 78.3897364, 17.5064449 ], [ 78.3897874, 17.5064065 ], [ 78.3898142, 17.5063835 ], [ 78.3899188, 17.5060151 ], [ 78.3898759, 17.5057389 ], [ 78.3894092, 17.5057951 ], [ 78.3893562, 17.5051921 ], [ 78.3893529, 17.5051729 ], [ 78.3893321, 17.5051614 ], [ 78.3892938, 17.5051524 ], [ 78.3892275, 17.5051531 ], [ 78.388221, 17.5051633 ] ] ] } },
{ "type": "Feature", "properties": { "cn": 92, "tags": { "landuse": "retail", "name": "Vijetha Supermarket" } }, "geometry": { "type": "Polygon", "coordinates": [ [ [ 78.3865111, 17.5060433 ], [ 78.3870113, 17.5060075 ], [ 78.3870985, 17.5057542 ], [ 78.3868074, 17.5056174 ], [ 78.3865111, 17.5060433 ] ] ] } },
{ "type": "Feature", "properties": { "cn": 92, "tags": { "alt_name": "SAT", "leisure": "sports_centre", "name": "Sports Authority of Telangana" } }, "geometry": { "type": "Polygon", "coordinates": [ [ [ 78.3460032, 17.4507578 ], [ 78.3472717, 17.4498178 ], [ 78.3480602, 17.4491244 ], [ 78.3483515, 17.4488043 ], [ 78.3480463, 17.4484851 ], [ 78.3474531, 17.4478598 ], [ 78.3465544, 17.4468379 ], [ 78.3445661, 17.4446567 ], [ 78.344264, 17.4443273 ], [ 78.3437117, 17.4437046 ], [ 78.3430122, 17.4429226 ], [ 78.342826, 17.443086 ], [ 78.3415454, 17.4444327 ], [ 78.3413467, 17.4445594 ], [ 78.3410878, 17.4445761 ], [ 78.3402107, 17.4435581 ], [ 78.3388703, 17.444975 ], [ 78.3407904, 17.4473494 ], [ 78.3410215, 17.447372 ], [ 78.3422659, 17.4464675 ], [ 78.3460032, 17.4507578 ] ] ] } },
{ "type": "Feature", "properties": { "cn": 65, "tags": { "barrier": "fence", "leisure": "park" } }, "geometry": { "type": "Polygon", "coordinates": [ [ [ 78.3802977, 17.5192957 ], [ 78.3802322, 17.5193226 ], [ 78.380067, 17.5193903 ], [ 78.3796969, 17.519696 ], [ 78.3792973, 17.52015 ], [ 78.3792329, 17.5202127 ], [ 78.3791524, 17.5202689 ], [ 78.3791347, 17.5202767 ], [ 78.3786361, 17.5204966 ], [ 78.3783893, 17.5206014 ], [ 78.3784108, 17.5209224 ], [ 78.3784483, 17.5213227 ], [ 78.3784577, 17.5216693 ], [ 78.3788788, 17.5215363 ], [ 78.3795373, 17.5213036 ], [ 78.3799919, 17.5211667 ], [ 78.3803152, 17.5211219 ], [ 78.380405, 17.5210925 ], [ 78.3804828, 17.5209966 ], [ 78.3804908, 17.5207447 ], [ 78.3804171, 17.5206014 ], [ 78.3804198, 17.5205452 ], [ 78.3805083, 17.5203968 ], [ 78.3805311, 17.5200375 ], [ 78.3804291, 17.5197459 ], [ 78.3802977, 17.5192957 ] ] ] } },
{ "type": "Feature", "properties": { "cn": 98, "tags": { "natural": "water", "water": "pond" } }, "geometry": { "type": "Polygon", "coordinates": [ [ [ 78.379426, 17.5201078 ], [ 78.3792543, 17.5203022 ], [ 78.3789271, 17.5204646 ], [ 78.3787702, 17.5205413 ], [ 78.3786522, 17.5206411 ], [ 78.378569, 17.5207485 ], [ 78.3785127, 17.5208662 ], [ 78.3785047, 17.5209608 ], [ 78.3785342, 17.5212115 ], [ 78.3785436, 17.5213496 ], [ 78.3785433, 17.5213699 ], [ 78.3785422, 17.5214314 ], [ 78.3785556, 17.5214621 ], [ 78.3785932, 17.5214941 ], [ 78.3786347, 17.5215133 ], [ 78.3786857, 17.5215184 ], [ 78.3787782, 17.5214839 ], [ 78.3789952, 17.521401 ], [ 78.3792034, 17.5213215 ], [ 78.3796272, 17.5211846 ], [ 78.3798981, 17.5210951 ], [ 78.3801784, 17.5210823 ], [ 78.3802736, 17.5210682 ], [ 78.3803192, 17.5210452 ], [ 78.3803393, 17.5210209 ], [ 78.3803554, 17.52098 ], [ 78.380354, 17.5209122 ], [ 78.3803447, 17.5207114 ], [ 78.3803192, 17.5205848 ], [ 78.3803433, 17.5204787 ], [ 78.3803835, 17.5204339 ], [ 78.3804184, 17.5203405 ], [ 78.3804372, 17.5202753 ], [ 78.3804291, 17.5201155 ], [ 78.3804037, 17.5198622 ], [ 78.3803621, 17.519696 ], [ 78.3803326, 17.5196167 ], [ 78.3803084, 17.519563 ], [ 78.3802481, 17.519531 ], [ 78.3801958, 17.5195221 ], [ 78.3801448, 17.5195221 ], [ 78.3800523, 17.5195374 ], [ 78.3797532, 17.5197203 ], [ 78.3796526, 17.5198175 ], [ 78.379426, 17.5201078 ] ] ] } },
{ "type": "Feature", "properties": { "cn": 65, "tags": { "leisure": "pitch" } }, "geometry": { "type": "Polygon", "coordinates": [ [ [ 78.3557099, 17.5140573 ], [ 78.3557153, 17.5146353 ], [ 78.3567023, 17.5147146 ], [ 78.3567587, 17.5140726 ], [ 78.3571422, 17.5140547 ], [ 78.3569732, 17.5132797 ], [ 78.3568794, 17.5130622 ], [ 78.3565897, 17.5126709 ], [ 78.3554256, 17.5130801 ], [ 78.3558869, 17.5140291 ], [ 78.3557099, 17.5140573 ] ] ] } },
{ "type": "Feature", "properties": { "cn": 65, "tags": { "leisure": "pitch", "sport": "tennis" } }, "geometry": { "type": "Polygon", "coordinates": [ [ [ 78.3548194, 17.5143156 ], [ 78.3548221, 17.5144819 ], [ 78.3549079, 17.5144806 ], [ 78.3549052, 17.5143143 ], [ 78.3548194, 17.5143156 ] ] ] } },
{ "type": "Feature", "properties": { "cn": 65, "tags": { "leisure": "pitch", "sport": "basketball" } }, "geometry": { "type": "Polygon", "coordinates": [ [ [ 78.3548328, 17.5138987 ], [ 78.3548275, 17.5141442 ], [ 78.3549696, 17.514147 ], [ 78.3549749, 17.5139015 ], [ 78.3548328, 17.5138987 ] ] ] } },
{ "type": "Feature", "properties": { "cn": 65, "tags": { "natural": "grassland" } }, "geometry": { "type": "Polygon", "coordinates": [ [ [ 78.3460996, 17.5166241 ], [ 78.3462216, 17.5168328 ], [ 78.3465609, 17.5166525 ], [ 78.3464389, 17.5164437 ], [ 78.3460996, 17.5166241 ] ] ] } },
{ "type": "Feature", "properties": { "cn": 65, "tags": { "leisure": "playground" } }, "geometry": { "type": "Polygon", "coordinates": [ [ [ 78.3460928, 17.5166049 ], [ 78.3464241, 17.5164335 ], [ 78.3462908, 17.5161991 ], [ 78.3459595, 17.5163705 ], [ 78.3460928, 17.5166049 ] ] ] } },
{ "type": "Feature", "properties": { "cn": 65, "tags": { "natural": "grassland" } }, "geometry": { "type": "Polygon", "coordinates": [ [ [ 78.42895, 17.5194101 ], [ 78.4281912, 17.5196768 ], [ 78.4284104, 17.5202438 ], [ 78.4297274, 17.5197808 ], [ 78.4295082, 17.5192138 ], [ 78.4294936, 17.519219 ], [ 78.4293365, 17.5188378 ], [ 78.4287974, 17.5190399 ], [ 78.42895, 17.5194101 ] ] ] } },
{ "type": "Feature", "properties": { "cn": 65, "tags": { "leisure": "park", "name": "GHMC Park", "operator": "Greater Hyderabad Municipal Corporation", "operator:short": "GHMC", "operator:type": "government", "operator:wikidata": "Q5259597" } }, "geometry": { "type": "Polygon", "coordinates": [ [ [ 78.3568123, 17.504291 ], [ 78.3569394, 17.5047594 ], [ 78.3573176, 17.504666 ], [ 78.3571905, 17.5041977 ], [ 78.3568123, 17.504291 ] ] ] } },
{ "type": "Feature", "properties": { "cn": 92, "tags": { "landuse": "commercial" } }, "geometry": { "type": "Polygon", "coordinates": [ [ [ 78.3725595, 17.4699184 ], [ 78.3716369, 17.4696626 ], [ 78.3708644, 17.4698109 ], [ 78.3700812, 17.4713307 ], [ 78.3713794, 17.472876 ], [ 78.3721679, 17.4734593 ], [ 78.3727741, 17.4738175 ], [ 78.3745605, 17.4736231 ], [ 78.3764005, 17.4733672 ], [ 78.3770603, 17.4732751 ], [ 78.3777684, 17.472656 ], [ 78.3775055, 17.4717349 ], [ 78.3773887, 17.4711343 ], [ 78.3791578, 17.4705887 ], [ 78.3791792, 17.4698775 ], [ 78.378455, 17.4693402 ], [ 78.3790934, 17.4690383 ], [ 78.3789271, 17.4683577 ], [ 78.3780312, 17.4682861 ], [ 78.3775431, 17.4684549 ], [ 78.3772051, 17.468547 ], [ 78.376658, 17.4686084 ], [ 78.3756441, 17.469069 ], [ 78.3746087, 17.4690587 ], [ 78.3731979, 17.469463 ], [ 78.3725595, 17.4699184 ] ] ] } },
{ "type": "Feature", "properties": { "cn": 65, "tags": { "leisure": "pitch" } }, "geometry": { "type": "Polygon", "coordinates": [ [ [ 78.3198555, 17.482033 ], [ 78.3198213, 17.4817263 ], [ 78.3200099, 17.4817072 ], [ 78.3200441, 17.4820139 ], [ 78.3198555, 17.482033 ] ] ] } },
{ "type": "Feature", "properties": { "cn": 65, "tags": { "leisure": "playground" } }, "geometry": { "type": "Polygon", "coordinates": [ [ [ 78.328511, 17.4747897 ], [ 78.3282771, 17.4750845 ], [ 78.3288887, 17.4755258 ], [ 78.3291225, 17.475231 ], [ 78.328511, 17.4747897 ] ] ] } },
{ "type": "Feature", "properties": { "cn": 65, "tags": { "leisure": "pitch" } }, "geometry": { "type": "Polygon", "coordinates": [ [ [ 78.3325075, 17.4732291 ], [ 78.3323492, 17.4732905 ], [ 78.3324034, 17.4734175 ], [ 78.3325617, 17.4733561 ], [ 78.3325075, 17.4732291 ] ] ] } },
{ "type": "Feature", "properties": { "cn": 65, "tags": { "leisure": "pitch" } }, "geometry": { "type": "Polygon", "coordinates": [ [ [ 78.3325061, 17.4730986 ], [ 78.3323707, 17.4731536 ], [ 78.332402, 17.4732239 ], [ 78.3325375, 17.4731689 ], [ 78.3325061, 17.4730986 ] ] ] } },
{ "type": "Feature", "properties": { "cn": 65, "tags": { "leisure": "pitch" } }, "geometry": { "type": "Polygon", "coordinates": [ [ [ 78.3323143, 17.47305 ], [ 78.3323491, 17.4731312 ], [ 78.3324805, 17.47308 ], [ 78.3324458, 17.4729988 ], [ 78.3323143, 17.47305 ] ] ] } },
{ "type": "Feature", "properties": { "cn": 65, "tags": { "leisure": "playground" } }, "geometry": { "type": "Polygon", "coordinates": [ [ [ 78.3322902, 17.4725127 ], [ 78.3321458, 17.4725781 ], [ 78.3322535, 17.4730454 ], [ 78.3324757, 17.4729582 ], [ 78.3322902, 17.4725127 ] ] ] } },
{ "type": "Feature", "properties": { "cn": 65, "tags": { "leisure": "park", "name": "Green Hamlet Park 2" } }, "geometry": { "type": "Polygon", "coordinates": [ [ [ 78.3687025, 17.4691483 ], [ 78.3685864, 17.4692466 ], [ 78.3687769, 17.4694513 ], [ 78.368893, 17.469353 ], [ 78.3687025, 17.4691483 ] ] ] } },
{ "type": "Feature", "properties": { "cn": 65, "tags": { "leisure": "park", "name": "Green Hamlet Park" } }, "geometry": { "type": "Polygon", "coordinates": [ [ [ 78.3686757, 17.4697291 ], [ 78.3695406, 17.4704209 ], [ 78.3695634, 17.470431 ], [ 78.3695814, 17.4704282 ], [ 78.3695893, 17.4704162 ], [ 78.3690888, 17.4696805 ], [ 78.3691981, 17.4696145 ], [ 78.3689922, 17.4693632 ], [ 78.3686757, 17.4697291 ] ] ] } },
{ "type": "Feature", "properties": { "cn": 92, "tags": { "landuse": "commercial" } }, "geometry": { "type": "Polygon", "coordinates": [ [ [ 78.4361815, 17.4520644 ], [ 78.4351087, 17.454073 ], [ 78.4351569, 17.4541011 ], [ 78.4361547, 17.4540064 ], [ 78.4362969, 17.4532363 ], [ 78.4366241, 17.4532337 ], [ 78.4364712, 17.4521207 ], [ 78.4361815, 17.4520644 ] ] ] } },
{ "type": "Feature", "properties": { "cn": 65, "tags": { "landuse": "grass" } }, "geometry": { "type": "Polygon", "coordinates": [ [ [ 78.4148151, 17.4293081 ], [ 78.4149036, 17.4293874 ], [ 78.4149572, 17.4295102 ], [ 78.4150055, 17.4296075 ], [ 78.4146917, 17.4296842 ], [ 78.41463, 17.4293899 ], [ 78.4148151, 17.4293081 ] ] ] } },
{ "type": "Feature", "properties": { "cn": 65, "tags": { "leisure": "pitch", "sport": "tennis" } }, "geometry": { "type": "Polygon", "coordinates": [ [ [ 78.4145951, 17.4290368 ], [ 78.4145871, 17.4293336 ], [ 78.4146835, 17.429336 ], [ 78.4146916, 17.4290392 ], [ 78.4145951, 17.4290368 ] ] ] } },
{ "type": "Feature", "properties": { "cn": 65, "tags": { "leisure": "pitch", "sport": "tennis" } }, "geometry": { "type": "Polygon", "coordinates": [ [ [ 78.4144154, 17.4290266 ], [ 78.4144101, 17.4293439 ], [ 78.4145441, 17.4293459 ], [ 78.4145494, 17.4290286 ], [ 78.4144154, 17.4290266 ] ] ] } },
{ "type": "Feature", "properties": { "cn": 65, "tags": { "natural": "grassland" } }, "geometry": { "type": "Polygon", "coordinates": [ [ [ 78.3865339, 17.5064743 ], [ 78.3864614, 17.5066674 ], [ 78.3866327, 17.5067258 ], [ 78.3867051, 17.5065327 ], [ 78.3865339, 17.5064743 ] ] ] } },
{ "type": "Feature", "properties": { "cn": 65, "tags": { "natural": "grassland" } }, "geometry": { "type": "Polygon", "coordinates": [ [ [ 78.3855709, 17.5065075 ], [ 78.385581, 17.506773 ], [ 78.3857493, 17.5067672 ], [ 78.3857392, 17.5065017 ], [ 78.3855709, 17.5065075 ] ] ] } },
{ "type": "Feature", "properties": { "cn": 65, "tags": { "natural": "grassland" } }, "geometry": { "type": "Polygon", "coordinates": [ [ [ 78.4069428, 17.5055483 ], [ 78.407612, 17.5057734 ], [ 78.4077298, 17.5054548 ], [ 78.4070606, 17.5052297 ], [ 78.4069428, 17.5055483 ] ] ] } },
{ "type": "Feature", "properties": { "cn": 65, "tags": { "natural": "grassland" } }, "geometry": { "type": "Polygon", "coordinates": [ [ [ 78.4069736, 17.5061788 ], [ 78.4073263, 17.5063195 ], [ 78.4074055, 17.5061391 ], [ 78.4070527, 17.5059985 ], [ 78.4069736, 17.5061788 ] ] ] } },
{ "type": "Feature", "properties": { "cn": 65, "tags": { "natural": "grassland" } }, "geometry": { "type": "Polygon", "coordinates": [ [ [ 78.3556724, 17.4443957 ], [ 78.3552566, 17.4446157 ], [ 78.3554151, 17.4448882 ], [ 78.3558308, 17.4446681 ], [ 78.3556724, 17.4443957 ] ] ] } },
{ "type": "Feature", "properties": { "cn": 92, "tags": { "landuse": "commercial" } }, "geometry": { "type": "Polygon", "coordinates": [ [ [ 78.393175, 17.4913854 ], [ 78.3932476, 17.4915351 ], [ 78.3936846, 17.4924361 ], [ 78.3940789, 17.4922622 ], [ 78.3935693, 17.4912115 ], [ 78.393175, 17.4913854 ] ] ] } },
{ "type": "Feature", "properties": { "cn": 92, "tags": { "landuse": "retail" } }, "geometry": { "type": "Polygon", "coordinates": [ [ [ 78.3934673, 17.4840231 ], [ 78.3934535, 17.4839932 ], [ 78.3930489, 17.483115 ], [ 78.3939946, 17.4826655 ], [ 78.3940375, 17.4826579 ], [ 78.3940751, 17.482663 ], [ 78.3941965, 17.4827137 ], [ 78.394011, 17.4831813 ], [ 78.3938264, 17.4836113 ], [ 78.3937517, 17.4838245 ], [ 78.3937289, 17.4838795 ], [ 78.3936806, 17.4839358 ], [ 78.3934673, 17.4840231 ] ] ] } },
{ "type": "Feature", "properties": { "cn": 65, "tags": { "leisure": "playground" } }, "geometry": { "type": "Polygon", "coordinates": [ [ [ 78.4164284, 17.4948006 ], [ 78.4165603, 17.4951915 ], [ 78.4168312, 17.4951083 ], [ 78.4166993, 17.4947174 ], [ 78.4164284, 17.4948006 ] ] ] } },
{ "type": "Feature", "properties": { "cn": 82, "tags": { "landuse": "religious", "religion": "hindu" } }, "geometry": { "type": "Polygon", "coordinates": [ [ [ 78.4176273, 17.4929728 ], [ 78.4176439, 17.4930645 ], [ 78.4177029, 17.4933278 ], [ 78.417706, 17.4933847 ], [ 78.4174594, 17.4934262 ], [ 78.4173243, 17.493446 ], [ 78.4172254, 17.4928807 ], [ 78.417216, 17.4928231 ], [ 78.4174071, 17.4927832 ], [ 78.4175658, 17.4927578 ], [ 78.4175769, 17.4928212 ], [ 78.4175799, 17.4928292 ], [ 78.4175999, 17.4929473 ], [ 78.4176273, 17.4929728 ] ] ] } },
{ "type": "Feature", "properties": { "cn": 65, "tags": { "access": "yes", "leisure": "playground" } }, "geometry": { "type": "Polygon", "coordinates": [ [ [ 78.3538632, 17.4975595 ], [ 78.3539611, 17.4977654 ], [ 78.3540863, 17.4977113 ], [ 78.3539884, 17.4975054 ], [ 78.3538632, 17.4975595 ] ] ] } },
{ "type": "Feature", "properties": { "cn": 65, "tags": { "natural": "grassland" } }, "geometry": { "type": "Polygon", "coordinates": [ [ [ 78.356769, 17.4997305 ], [ 78.3568105, 17.499845 ], [ 78.3569049, 17.4998139 ], [ 78.3568634, 17.4996994 ], [ 78.356769, 17.4997305 ] ] ] } },
{ "type": "Feature", "properties": { "cn": 65, "tags": { "leisure": "playground" } }, "geometry": { "type": "Polygon", "coordinates": [ [ [ 78.41556, 17.5025095 ], [ 78.4153917, 17.5025079 ], [ 78.4153906, 17.502614 ], [ 78.415559, 17.5026156 ], [ 78.41556, 17.5025095 ] ] ] } },
{ "type": "Feature", "properties": { "cn": 65, "tags": { "leisure": "playground" } }, "geometry": { "type": "Polygon", "coordinates": [ [ [ 78.3474409, 17.4953556 ], [ 78.3474698, 17.495511 ], [ 78.3476961, 17.4954728 ], [ 78.3476672, 17.4953174 ], [ 78.3474409, 17.4953556 ] ] ] } },
{ "type": "Feature", "properties": { "cn": 82, "tags": { "landuse": "residential" } }, "geometry": { "type": "Polygon", "coordinates": [ [ [ 78.3589338, 17.4428777 ], [ 78.3591635, 17.4430937 ], [ 78.3585572, 17.4436887 ], [ 78.3583311, 17.4435197 ], [ 78.3589338, 17.4428777 ] ] ] } },
{ "type": "Feature", "properties": { "cn": 92, "tags": { "landuse": "commercial", "name": "Functional Hall" } }, "geometry": { "type": "Polygon", "coordinates": [ [ [ 78.3573317, 17.4424874 ], [ 78.3575982, 17.4429628 ], [ 78.3578491, 17.4432938 ], [ 78.3582886, 17.4435256 ], [ 78.3589097, 17.4428601 ], [ 78.3590264, 17.4429277 ], [ 78.359228, 17.4426302 ], [ 78.3592431, 17.4424909 ], [ 78.3592768, 17.4424485 ], [ 78.3591882, 17.4423497 ], [ 78.3589398, 17.4424419 ], [ 78.3584316, 17.4426211 ], [ 78.3582148, 17.4421362 ], [ 78.3573317, 17.4424874 ] ] ] } },
{ "type": "Feature", "properties": { "cn": 92, "tags": { "industrial": "depot", "landuse": "industrial", "name": "TGSRTC Bus Depot  , Hyderabad Central University ( HCU )" } }, "geometry": { "type": "Polygon", "coordinates": [ [ [ 78.3303114, 17.4657233 ], [ 78.3293634, 17.4663657 ], [ 78.3292878, 17.4666725 ], [ 78.330098, 17.4676253 ], [ 78.3307515, 17.4672328 ], [ 78.3303114, 17.4657233 ] ] ] } },
{ "type": "Feature", "properties": { "cn": 65, "tags": { "leisure": "park" } }, "geometry": { "type": "Polygon", "coordinates": [ [ [ 78.3564314, 17.4502208 ], [ 78.3565079, 17.4502016 ], [ 78.3565173, 17.4493175 ], [ 78.3562088, 17.4492907 ], [ 78.3562061, 17.4492024 ], [ 78.3559553, 17.4492113 ], [ 78.3560613, 17.449512 ], [ 78.3562155, 17.4498523 ], [ 78.3563228, 17.4500391 ], [ 78.3564314, 17.4502208 ] ] ] } },
{ "type": "Feature", "properties": { "cn": 98, "tags": { "natural": "water", "source:position": "Bing", "source:tracer": "scanaerial", "source:zoomlevel": "17" } }, "geometry": { "type": "Polygon", "coordinates": [ [ [ 78.4057331, 17.5185846 ], [ 78.4057117, 17.5185846 ], [ 78.4056741, 17.5186 ], [ 78.4056741, 17.5186307 ], [ 78.4056634, 17.5186409 ], [ 78.4056634, 17.5187125 ], [ 78.4057653, 17.5188097 ], [ 78.4058297, 17.5188097 ], [ 78.4058511, 17.5188199 ], [ 78.4058779, 17.5188455 ], [ 78.4058779, 17.518866 ], [ 78.4059155, 17.5189018 ], [ 78.4059584, 17.5188813 ], [ 78.4060925, 17.5188864 ], [ 78.4060711, 17.5188557 ], [ 78.4060818, 17.5188046 ], [ 78.406055, 17.5187688 ], [ 78.4060228, 17.5187892 ], [ 78.405996, 17.5187637 ], [ 78.405996, 17.5187432 ], [ 78.4059316, 17.5186818 ], [ 78.4059316, 17.5186716 ], [ 78.405894, 17.5186562 ], [ 78.4058404, 17.5185949 ], [ 78.4058189, 17.5185949 ], [ 78.4057975, 17.5185744 ], [ 78.4057438, 17.5185744 ], [ 78.4057331, 17.5185846 ] ] ] } },
{ "type": "Feature", "properties": { "cn": 98, "tags": { "natural": "water", "source:position": "Bing", "source:tracer": "scanaerial", "source:zoomlevel": "17" } }, "geometry": { "type": "Polygon", "coordinates": [ [ [ 78.4052825, 17.5187176 ], [ 78.4052503, 17.5186972 ], [ 78.4052289, 17.5186972 ], [ 78.4051913, 17.5187432 ], [ 78.405202, 17.5187739 ], [ 78.4052986, 17.5188251 ], [ 78.4053093, 17.518866 ], [ 78.4052986, 17.5188762 ], [ 78.4052986, 17.5188967 ], [ 78.4053361, 17.5189325 ], [ 78.4053683, 17.5189427 ], [ 78.4054112, 17.5189836 ], [ 78.4054327, 17.5189836 ], [ 78.4054595, 17.5190092 ], [ 78.4054917, 17.5190604 ], [ 78.4055775, 17.5191422 ], [ 78.4055775, 17.5191627 ], [ 78.4056312, 17.5192036 ], [ 78.4056473, 17.5192292 ], [ 78.4056687, 17.5192292 ], [ 78.4057224, 17.5192701 ], [ 78.4057438, 17.5192701 ], [ 78.4057707, 17.5192445 ], [ 78.4057707, 17.5192241 ], [ 78.4058028, 17.5192036 ], [ 78.4058028, 17.5191831 ], [ 78.405835, 17.5191218 ], [ 78.4058619, 17.5191166 ], [ 78.4058672, 17.5191422 ], [ 78.4058458, 17.5191729 ], [ 78.4058458, 17.5192445 ], [ 78.4058619, 17.5192599 ], [ 78.4058833, 17.5192497 ], [ 78.405894, 17.5192599 ], [ 78.4059101, 17.5192548 ], [ 78.4058994, 17.5192036 ], [ 78.4059101, 17.5191934 ], [ 78.4059101, 17.5191525 ], [ 78.4059135, 17.5191397 ], [ 78.4059101, 17.519132 ], [ 78.4059209, 17.5190911 ], [ 78.4057438, 17.5189325 ], [ 78.4056956, 17.5189069 ], [ 78.4056151, 17.5187995 ], [ 78.4055829, 17.518779 ], [ 78.4055293, 17.5187688 ], [ 78.4054649, 17.5187176 ], [ 78.4054112, 17.5186972 ], [ 78.4053254, 17.5186972 ], [ 78.4052986, 17.5187125 ], [ 78.4052825, 17.5187176 ] ] ] } },
{ "type": "Feature", "properties": { "cn": 98, "tags": { "natural": "water", "source:position": "Bing", "source:tracer": "scanaerial", "source:zoomlevel": "18" } }, "geometry": { "type": "Polygon", "coordinates": [ [ [ 78.4108427, 17.5166867 ], [ 78.4108695, 17.5166663 ], [ 78.4108347, 17.5166535 ], [ 78.4107703, 17.5166739 ], [ 78.4106818, 17.5168197 ], [ 78.4108347, 17.5168069 ], [ 78.410891, 17.5167481 ], [ 78.4108427, 17.5166867 ] ] ] } },
{ "type": "Feature", "properties": { "cn": 98, "tags": { "natural": "water" } }, "geometry": { "type": "Polygon", "coordinates": [ [ [ 78.411532, 17.5172929 ], [ 78.4114704, 17.5172239 ], [ 78.4114864, 17.5171318 ], [ 78.4113792, 17.5169169 ], [ 78.4113443, 17.5169758 ], [ 78.4113359, 17.5169188 ], [ 78.4113014, 17.5169246 ], [ 78.4112719, 17.5168811 ], [ 78.4113309, 17.5168504 ], [ 78.4112397, 17.5167328 ], [ 78.4111485, 17.51683 ], [ 78.411229, 17.5169272 ], [ 78.411245, 17.5171216 ], [ 78.411406, 17.5172494 ], [ 78.4115428, 17.5174669 ], [ 78.411532, 17.5172929 ] ] ] } },
{ "type": "Feature", "properties": { "cn": 98, "tags": { "natural": "water", "source:position": "Bing", "source:tracer": "scanaerial", "source:zoomlevel": "17" } }, "geometry": { "type": "Polygon", "coordinates": [ [ [ 78.4118546, 17.5160537 ], [ 78.4118646, 17.5159296 ], [ 78.4118646, 17.515684 ], [ 78.4118485, 17.5156687 ], [ 78.4114797, 17.5156623 ], [ 78.4114784, 17.515684 ], [ 78.4114636, 17.5160415 ], [ 78.4114945, 17.5160473 ], [ 78.411752, 17.5160575 ], [ 78.4118546, 17.5160537 ] ] ] } },
{ "type": "Feature", "properties": { "cn": 65, "tags": { "leisure": "pitch", "sport": "tennis" } }, "geometry": { "type": "Polygon", "coordinates": [ [ [ 78.3998541, 17.4856747 ], [ 78.3999388, 17.4856514 ], [ 78.3998919, 17.4854966 ], [ 78.3998092, 17.4855194 ], [ 78.3998541, 17.4856747 ] ] ] } },
{ "type": "Feature", "properties": { "cn": 65, "tags": { "leisure": "pitch", "sport": "volleyball" } }, "geometry": { "type": "Polygon", "coordinates": [ [ [ 78.4000173, 17.4856911 ], [ 78.4000696, 17.4858993 ], [ 78.4001802, 17.485874 ], [ 78.4001278, 17.4856658 ], [ 78.4000173, 17.4856911 ] ] ] } },
{ "type": "Feature", "properties": { "cn": 65, "tags": { "leisure": "pitch", "sport": "tennis" } }, "geometry": { "type": "Polygon", "coordinates": [ [ [ 78.3998092, 17.4855194 ], [ 78.3997303, 17.4855412 ], [ 78.3997773, 17.4856959 ], [ 78.3998541, 17.4856747 ], [ 78.3998092, 17.4855194 ] ] ] } },
{ "type": "Feature", "properties": { "cn": 85, "tags": { "leisure": "pitch", "natural": "sand" } }, "geometry": { "type": "Polygon", "coordinates": [ [ [ 78.4001278, 17.4856658 ], [ 78.4000715, 17.4854417 ], [ 78.399961, 17.485467 ], [ 78.4000173, 17.4856911 ], [ 78.4001278, 17.4856658 ] ] ] } },
{ "type": "Feature", "properties": { "cn": 92, "tags": { "check_date": "2024-03-16", "leisure": "sports_centre", "name": "GHMC Play Park" } }, "geometry": { "type": "Polygon", "coordinates": [ [ [ 78.3992991, 17.4853442 ], [ 78.3995754, 17.4862268 ], [ 78.4008356, 17.4858679 ], [ 78.4005593, 17.4849853 ], [ 78.3992991, 17.4853442 ] ] ] } },
{ "type": "Feature", "properties": { "cn": 85, "tags": { "barrier": "fence", "leisure": "pitch", "natural": "sand", "sport": "cricket" } }, "geometry": { "type": "Polygon", "coordinates": [ [ [ 78.4003339, 17.4855004 ], [ 78.4002612, 17.4855499 ], [ 78.4002183, 17.4856246 ], [ 78.4002136, 17.4857098 ], [ 78.400248, 17.4857884 ], [ 78.4003149, 17.485845 ], [ 78.4004008, 17.4858683 ], [ 78.4004889, 17.4858537 ], [ 78.4005616, 17.4858042 ], [ 78.4006045, 17.4857295 ], [ 78.4006092, 17.4856443 ], [ 78.4005748, 17.4855657 ], [ 78.4005079, 17.4855091 ], [ 78.400422, 17.4854858 ], [ 78.4003339, 17.4855004 ] ] ] } },
{ "type": "Feature", "properties": { "cn": 65, "tags": { "natural": "tree_row" } }, "geometry": { "type": "Polygon", "coordinates": [ [ [ 78.3654128, 17.4435282 ], [ 78.3657333, 17.4435781 ], [ 78.3660391, 17.4436088 ], [ 78.3654128, 17.4435282 ] ] ] } },
{ "type": "Feature", "properties": { "cn": 65, "tags": { "leisure": "playground" } }, "geometry": { "type": "Polygon", "coordinates": [ [ [ 78.3666802, 17.4939844 ], [ 78.3666629, 17.4942377 ], [ 78.3668972, 17.4942522 ], [ 78.3669144, 17.4939989 ], [ 78.3666802, 17.4939844 ] ] ] } },
{ "type": "Feature", "properties": { "cn": 65, "tags": { "leisure": "park" } }, "geometry": { "type": "Polygon", "coordinates": [ [ [ 78.3667016, 17.4936699 ], [ 78.3666802, 17.4939844 ], [ 78.3666629, 17.4942377 ], [ 78.3668972, 17.4942522 ], [ 78.3676124, 17.4942966 ], [ 78.3676511, 17.4937287 ], [ 78.3667016, 17.4936699 ] ] ] } },
{ "type": "Feature", "properties": { "cn": 65, "tags": { "leisure": "park", "name": "GHMC Park", "operator": "Greater Hyderabad Municipal Corporation", "operator:short": "GHMC", "operator:type": "government", "operator:wikidata": "Q5259597" } }, "geometry": { "type": "Polygon", "coordinates": [ [ [ 78.3963883, 17.5024083 ], [ 78.3964386, 17.5025991 ], [ 78.3969294, 17.5024815 ], [ 78.3968791, 17.5022907 ], [ 78.3963883, 17.5024083 ] ] ] } },
{ "type": "Feature", "properties": { "cn": 82, "tags": { "landuse": "residential", "name": "Bhavyas Nandanam", "residential": "apartments" } }, "geometry": { "type": "Polygon", "coordinates": [ [ [ 78.3866747, 17.5038997 ], [ 78.3877154, 17.5039802 ], [ 78.3879067, 17.5036559 ], [ 78.3871949, 17.5035902 ], [ 78.3866716, 17.503542 ], [ 78.3866747, 17.5038997 ] ] ] } },
{ "type": "Feature", "properties": { "cn": 65, "tags": { "leisure": "playground" } }, "geometry": { "type": "Polygon", "coordinates": [ [ [ 78.3871949, 17.5035902 ], [ 78.3879067, 17.5036559 ], [ 78.3880419, 17.5034242 ], [ 78.3878828, 17.503405 ], [ 78.3878978, 17.5032652 ], [ 78.3872057, 17.5032384 ], [ 78.3871949, 17.5035902 ] ] ] } },
{ "type": "Feature", "properties": { "cn": 65, "tags": { "leisure": "playground" } }, "geometry": { "type": "Polygon", "coordinates": [ [ [ 78.3762912, 17.5083133 ], [ 78.3755196, 17.508584 ], [ 78.37576, 17.5092072 ], [ 78.3765316, 17.5089365 ], [ 78.3762912, 17.5083133 ] ] ] } },
{ "type": "Feature", "properties": { "cn": 65, "tags": { "leisure": "park" } }, "geometry": { "type": "Polygon", "coordinates": [ [ [ 78.3754215, 17.5085398 ], [ 78.3757246, 17.5093072 ], [ 78.3766447, 17.5089767 ], [ 78.3763416, 17.5082093 ], [ 78.3754215, 17.5085398 ] ] ] } },
{ "type": "Feature", "properties": { "cn": 98, "tags": { "natural": "water", "water": "pond" } }, "geometry": { "type": "Polygon", "coordinates": [ [ [ 78.3753812, 17.5111253 ], [ 78.3753899, 17.5111086 ], [ 78.3753893, 17.5110939 ], [ 78.3753658, 17.5110645 ], [ 78.3753477, 17.5110556 ], [ 78.3753175, 17.5110492 ], [ 78.3752646, 17.5110543 ], [ 78.3751814, 17.511069 ], [ 78.3751559, 17.5110818 ], [ 78.3751519, 17.5110933 ], [ 78.3751492, 17.5111074 ], [ 78.3751593, 17.5111304 ], [ 78.37517, 17.51114 ], [ 78.3751821, 17.5111451 ], [ 78.3751968, 17.5111451 ], [ 78.3752149, 17.5111349 ], [ 78.3752377, 17.5111259 ], [ 78.3752739, 17.5111246 ], [ 78.3753222, 17.511131 ], [ 78.3753444, 17.5111349 ], [ 78.3753638, 17.5111317 ], [ 78.3753812, 17.5111253 ] ] ] } },
{ "type": "Feature", "properties": { "cn": 65, "tags": { "leisure": "park" } }, "geometry": { "type": "Polygon", "coordinates": [ [ [ 78.3746839, 17.5111694 ], [ 78.374862, 17.5116574 ], [ 78.3749601, 17.5114738 ], [ 78.3750942, 17.5113868 ], [ 78.3754709, 17.5112277 ], [ 78.3753383, 17.5109162 ], [ 78.3746839, 17.5111694 ] ] ] } },
{ "type": "Feature", "properties": { "cn": 82, "tags": { "landuse": "residential", "name": "Vertex Apartments" } }, "geometry": { "type": "Polygon", "coordinates": [ [ [ 78.3853161, 17.5052605 ], [ 78.3855106, 17.5057632 ], [ 78.3861195, 17.5056212 ], [ 78.3863072, 17.5060292 ], [ 78.3877154, 17.5039802 ], [ 78.3866747, 17.5038997 ], [ 78.3866774, 17.5039943 ], [ 78.3863822, 17.5040419 ], [ 78.3866438, 17.5045481 ], [ 78.3862951, 17.5046799 ], [ 78.3863059, 17.5048282 ], [ 78.3860604, 17.5048896 ], [ 78.3855991, 17.5050009 ], [ 78.3856165, 17.5051006 ], [ 78.3853161, 17.5052605 ] ] ] } },
{ "type": "Feature", "properties": { "cn": 65, "tags": { "leisure": "park", "name": "Naren Holiday Park" } }, "geometry": { "type": "Polygon", "coordinates": [ [ [ 78.3643022, 17.5045593 ], [ 78.362333, 17.5050155 ], [ 78.3624852, 17.5058233 ], [ 78.3632523, 17.5056775 ], [ 78.3641535, 17.505304 ], [ 78.3645047, 17.5051892 ], [ 78.3643022, 17.5045593 ] ] ] } },
{ "type": "Feature", "properties": { "cn": 92, "tags": { "addr:city": "Hyderabad", "addr:postcode": "500049", "addr:street": "Bachupalli Road, Miyapur", "air_conditioning": "yes", "brand": "DMart", "landuse": "retail", "name": "DMart", "opening_hours": "Mo-Su 07:00-22:00", "operator": "Avenue SuperMarket", "organic": "yes", "payment:cash": "yes", "payment:credit_cards": "yes", "payment:debit_cards": "yes", "source": "local knowledge", "website": "https://www.dmart.in/" } }, "geometry": { "type": "Polygon", "coordinates": [ [ [ 78.361364, 17.5038127 ], [ 78.3614445, 17.5041312 ], [ 78.3619167, 17.5039846 ], [ 78.3619097, 17.5039413 ], [ 78.3618667, 17.5036743 ], [ 78.3618617, 17.5036431 ], [ 78.361364, 17.5038127 ] ] ] } },
{ "type": "Feature", "properties": { "cn": 65, "tags": { "leisure": "park" } }, "geometry": { "type": "Polygon", "coordinates": [ [ [ 78.3575915, 17.5055982 ], [ 78.3577648, 17.5061555 ], [ 78.3582133, 17.506038 ], [ 78.3582111, 17.5055138 ], [ 78.358203, 17.5054741 ], [ 78.3581869, 17.5054511 ], [ 78.3581655, 17.5054396 ], [ 78.3581346, 17.5054332 ], [ 78.3575915, 17.5055982 ] ] ] } },
{ "type": "Feature", "properties": { "cn": 92, "tags": { "landuse": "commercial" } }, "geometry": { "type": "Polygon", "coordinates": [ [ [ 78.3623209, 17.5090041 ], [ 78.3622665, 17.5094959 ], [ 78.3628862, 17.509543 ], [ 78.3629354, 17.5090472 ], [ 78.3623209, 17.5090041 ] ] ] } },
{ "type": "Feature", "properties": { "cn": 82, "tags": { "landuse": "residential" } }, "geometry": { "type": "Polygon", "coordinates": [ [ [ 78.3625737, 17.5061277 ], [ 78.3634856, 17.5065779 ], [ 78.3634722, 17.5067697 ], [ 78.3634025, 17.5068465 ], [ 78.36263, 17.5071151 ], [ 78.3625281, 17.5071458 ], [ 78.3625737, 17.5061277 ] ] ] } },
{ "type": "Feature", "properties": { "cn": 65, "tags": { "landuse": "village_green", "leisure": "pitch", "natural": "grassland", "sport": "soccer" } }, "geometry": { "type": "Polygon", "coordinates": [ [ [ 78.3550595, 17.513859 ], [ 78.3550327, 17.5144985 ], [ 78.3550782, 17.5144972 ], [ 78.3551185, 17.5145381 ], [ 78.3551829, 17.5145663 ], [ 78.3552311, 17.5145765 ], [ 78.3552901, 17.5145663 ], [ 78.3553371, 17.5145368 ], [ 78.3553693, 17.5144998 ], [ 78.3554229, 17.514501 ], [ 78.3554578, 17.5138616 ], [ 78.355435, 17.5138616 ], [ 78.355388, 17.5138283 ], [ 78.3553371, 17.5137951 ], [ 78.3552781, 17.5137772 ], [ 78.3552191, 17.5137746 ], [ 78.3551654, 17.5137836 ], [ 78.3551104, 17.5138283 ], [ 78.3550876, 17.5138565 ], [ 78.3550595, 17.513859 ] ] ] } },
{ "type": "Feature", "properties": { "cn": 65, "tags": { "leisure": "playground" } }, "geometry": { "type": "Polygon", "coordinates": [ [ [ 78.3496012, 17.5126069 ], [ 78.3494577, 17.5127789 ], [ 78.349589, 17.5128786 ], [ 78.3497325, 17.5127065 ], [ 78.3496012, 17.5126069 ] ] ] } },
{ "type": "Feature", "properties": { "cn": 65, "tags": { "leisure": "playground" } }, "geometry": { "type": "Polygon", "coordinates": [ [ [ 78.3502822, 17.5123189 ], [ 78.350227, 17.5124085 ], [ 78.3503124, 17.5124563 ], [ 78.3503675, 17.5123667 ], [ 78.3502822, 17.5123189 ] ] ] } },
{ "type": "Feature", "properties": { "cn": 82, "tags": { "landuse": "religious", "name": "Hindu Temple", "religion": "hindu" } }, "geometry": { "type": "Polygon", "coordinates": [ [ [ 78.4005692, 17.5193366 ], [ 78.4005296, 17.5194946 ], [ 78.400965, 17.5195937 ], [ 78.4009992, 17.5194572 ], [ 78.4010046, 17.5194358 ], [ 78.4005692, 17.5193366 ] ] ] } },
{ "type": "Feature", "properties": { "cn": 65, "tags": { "leisure": "park" } }, "geometry": { "type": "Polygon", "coordinates": [ [ [ 78.4015837, 17.5012188 ], [ 78.4014228, 17.5016026 ], [ 78.4012887, 17.501866 ], [ 78.4012109, 17.502017 ], [ 78.4011734, 17.5021193 ], [ 78.4011331, 17.5024876 ], [ 78.4011197, 17.5029839 ], [ 78.4013544, 17.5029263 ], [ 78.4015623, 17.5028176 ], [ 78.4016991, 17.5027358 ], [ 78.4016722, 17.5020297 ], [ 78.4015515, 17.5020413 ], [ 78.4015462, 17.5019172 ], [ 78.4016427, 17.5019121 ], [ 78.4015837, 17.5012188 ] ] ] } },
{ "type": "Feature", "properties": { "cn": 82, "tags": { "landuse": "residential", "name": "Mahidhara Rock Garden Colony" } }, "geometry": { "type": "Polygon", "coordinates": [ [ [ 78.3234983, 17.5070522 ], [ 78.3249096, 17.5073132 ], [ 78.3251321, 17.5043457 ], [ 78.3235831, 17.5041246 ], [ 78.3231421, 17.5041408 ], [ 78.3231915, 17.5046096 ], [ 78.3234983, 17.5070522 ] ] ] } },
{ "type": "Feature", "properties": { "cn": 82, "tags": { "building": "apartments", "landuse": "residential", "layer": "1", "name": "Shubham Arcade Spurthy Towers", "residential": "apartments" } }, "geometry": { "type": "Polygon", "coordinates": [ [ [ 78.3219797, 17.501297 ], [ 78.3219642, 17.5010034 ], [ 78.3219577, 17.5008372 ], [ 78.3221649, 17.5008088 ], [ 78.3221942, 17.5012839 ], [ 78.3221177, 17.5012882 ], [ 78.3220258, 17.5012931 ], [ 78.3219797, 17.501297 ] ] ] } },
{ "type": "Feature", "properties": { "cn": 65, "tags": { "leisure": "playground", "name": "Shilpa Enclave Sports Play Ground" } }, "geometry": { "type": "Polygon", "coordinates": [ [ [ 78.3238848, 17.4995181 ], [ 78.3242094, 17.4994038 ], [ 78.3241214, 17.4991765 ], [ 78.3238606, 17.4992683 ], [ 78.3238801, 17.4993189 ], [ 78.3238163, 17.4993413 ], [ 78.3238848, 17.4995181 ] ] ] } },
{ "type": "Feature", "properties": { "cn": 98, "tags": { "name": "HMWSSB Suraksha Colony Water Reservoir", "natural": "water", "water": "reservoir" } }, "geometry": { "type": "Polygon", "coordinates": [ [ [ 78.3206601, 17.5052552 ], [ 78.3206439, 17.5051529 ], [ 78.3206986, 17.5050776 ], [ 78.3207532, 17.5050525 ], [ 78.3208625, 17.5050776 ], [ 78.320907, 17.5051451 ], [ 78.320899, 17.5052204 ], [ 78.3208484, 17.5052919 ], [ 78.3207613, 17.5053112 ], [ 78.3207168, 17.5052977 ], [ 78.3206873, 17.5052866 ], [ 78.3206601, 17.5052552 ] ] ] } },
{ "type": "Feature", "properties": { "cn": 82, "tags": { "amenity": "school", "landuse": "education", "name": "Meridian School", "wikidata": "Q6819364", "wikipedia": "en:Meridian School" } }, "geometry": { "type": "Polygon", "coordinates": [ [ [ 78.3833626, 17.4532445 ], [ 78.3836998, 17.4530995 ], [ 78.3839433, 17.4529735 ], [ 78.3839534, 17.4528234 ], [ 78.3840773, 17.4528137 ], [ 78.3844343, 17.4527734 ], [ 78.3845634, 17.4532897 ], [ 78.3842279, 17.4533126 ], [ 78.3843842, 17.4536901 ], [ 78.3845018, 17.4536814 ], [ 78.3846509, 17.4542954 ], [ 78.3850861, 17.4541992 ], [ 78.3852688, 17.4548475 ], [ 78.3851413, 17.4549048 ], [ 78.3850075, 17.45496 ], [ 78.3847866, 17.4545723 ], [ 78.3845811, 17.4543704 ], [ 78.3839689, 17.4546149 ], [ 78.3836049, 17.4538478 ], [ 78.3833626, 17.4532445 ] ] ] } },
{ "type": "Feature", "properties": { "cn": 92, "tags": { "leisure": "sports_centre", "name": "The Street" } }, "geometry": { "type": "Polygon", "coordinates": [ [ [ 78.3848774, 17.452715 ], [ 78.3850384, 17.4536788 ], [ 78.3856784, 17.4536015 ], [ 78.3856194, 17.4531778 ], [ 78.3853831, 17.4531943 ], [ 78.3853406, 17.4526717 ], [ 78.3848774, 17.452715 ] ] ] } },
{ "type": "Feature", "properties": { "cn": 65, "tags": { "leisure": "track" } }, "geometry": { "type": "Polygon", "coordinates": [ [ [ 78.3996003, 17.4853383 ], [ 78.399666, 17.4853984 ], [ 78.3996619, 17.4854342 ], [ 78.3998189, 17.4859587 ], [ 78.399851, 17.4859945 ], [ 78.3998671, 17.4860047 ], [ 78.39984, 17.486091 ], [ 78.3996003, 17.4853383 ] ] ] } },
{ "type": "Feature", "properties": { "cn": 65, "tags": { "leisure": "track" } }, "geometry": { "type": "Polygon", "coordinates": [ [ [ 78.3998081, 17.4860994 ], [ 78.3995949, 17.4853818 ], [ 78.3995922, 17.4853613 ], [ 78.3996003, 17.4853383 ], [ 78.3996222, 17.4853183 ], [ 78.3998081, 17.4860994 ] ] ] } },
{ "type": "Feature", "properties": { "cn": 65, "tags": { "leisure": "track" } }, "geometry": { "type": "Polygon", "coordinates": [ [ [ 78.3995144, 17.4862296 ], [ 78.3998081, 17.4860994 ], [ 78.39984, 17.486091 ], [ 78.4006423, 17.4858794 ], [ 78.4007442, 17.4858538 ], [ 78.4007617, 17.4858436 ], [ 78.4007643, 17.4858205 ], [ 78.400527, 17.4851349 ], [ 78.4005095, 17.4851042 ], [ 78.4004894, 17.4850953 ], [ 78.4004679, 17.4850953 ], [ 78.400421, 17.4851055 ], [ 78.3996222, 17.4853183 ], [ 78.3995144, 17.4862296 ] ] ] } },
{ "type": "Feature", "properties": { "cn": 65, "tags": { "leisure": "track" } }, "geometry": { "type": "Polygon", "coordinates": [ [ [ 78.3998671, 17.4860047 ], [ 78.3999127, 17.4860111 ], [ 78.3999476, 17.4860022 ], [ 78.4006047, 17.48585 ], [ 78.4006477, 17.4858257 ], [ 78.4006745, 17.4857771 ], [ 78.4006798, 17.4857246 ], [ 78.4005283, 17.485291 ], [ 78.4004894, 17.485204 ], [ 78.4004626, 17.4851759 ], [ 78.400425, 17.4851656 ], [ 78.4003781, 17.4851682 ], [ 78.3998698, 17.4853063 ], [ 78.399725, 17.4853511 ], [ 78.3996874, 17.4853716 ], [ 78.399666, 17.4853984 ], [ 78.3998671, 17.4860047 ] ] ] } },
{ "type": "Feature", "properties": { "cn": 92, "tags": { "landuse": "commercial" } }, "geometry": { "type": "Polygon", "coordinates": [ [ [ 78.3539919, 17.420138 ], [ 78.3536274, 17.420373 ], [ 78.353357, 17.4205474 ], [ 78.3539858, 17.4214352 ], [ 78.3546207, 17.4210258 ], [ 78.3539919, 17.420138 ] ] ] } },
{ "type": "Feature", "properties": { "cn": 82, "tags": { "landuse": "residential", "name": "Aparna Towers" } }, "geometry": { "type": "Polygon", "coordinates": [ [ [ 78.3692536, 17.4641231 ], [ 78.3685832, 17.4645166 ], [ 78.3693104, 17.4658497 ], [ 78.3702288, 17.4653876 ], [ 78.3697404, 17.4645045 ], [ 78.3695247, 17.4646131 ], [ 78.3692536, 17.4641231 ] ] ] } },
{ "type": "Feature", "properties": { "cn": 82, "tags": { "landuse": "residential" } }, "geometry": { "type": "Polygon", "coordinates": [ [ [ 78.3665246, 17.4756442 ], [ 78.3665568, 17.4774863 ], [ 78.3663154, 17.4775221 ], [ 78.3664072, 17.4783047 ], [ 78.3681399, 17.4781512 ], [ 78.3681017, 17.4778291 ], [ 78.3691612, 17.4772982 ], [ 78.3681473, 17.4754421 ], [ 78.3665246, 17.4756442 ] ] ] } },
{ "type": "Feature", "properties": { "cn": 65, "tags": { "leisure": "pitch", "sport": "tennis" } }, "geometry": { "type": "Polygon", "coordinates": [ [ [ 78.384541, 17.4909314 ], [ 78.3842835, 17.4911501 ], [ 78.3844204, 17.4912967 ], [ 78.3846779, 17.4910779 ], [ 78.384541, 17.4909314 ] ] ] } },
{ "type": "Feature", "properties": { "cn": 65, "tags": { "leisure": "pitch", "sport": "tennis" } }, "geometry": { "type": "Polygon", "coordinates": [ [ [ 78.3665803, 17.4771416 ], [ 78.366583, 17.4774349 ], [ 78.3667654, 17.4774334 ], [ 78.3667628, 17.4771401 ], [ 78.3665803, 17.4771416 ] ] ] } },
{ "type": "Feature", "properties": { "cn": 65, "tags": { "leisure": "pitch", "sport": "basketball" } }, "geometry": { "type": "Polygon", "coordinates": [ [ [ 78.3667628, 17.4771401 ], [ 78.3667612, 17.4769614 ], [ 78.3665787, 17.4769629 ], [ 78.3665803, 17.4771416 ], [ 78.3667628, 17.4771401 ] ] ] } },
{ "type": "Feature", "properties": { "cn": 65, "tags": { "leisure": "park", "name": "Kamalapuri Colony Park" } }, "geometry": { "type": "Polygon", "coordinates": [ [ [ 78.4296155, 17.4291775 ], [ 78.4296826, 17.4297482 ], [ 78.4307046, 17.429683 ], [ 78.4306322, 17.4290176 ], [ 78.4296155, 17.4291775 ] ] ] } },
{ "type": "Feature", "properties": { "cn": 92, "tags": { "addr:city": "Hyderabad", "addr:housenumber": "10", "addr:postcode": "500072", "addr:street": "KPHB 5th Phase Road", "amenity": "restaurant", "cuisine": "indian;chinese", "landuse": "retail", "name": "PANCHABHAKSHYA", "name:hi": "पंचभक्षय", "name:te": "పంచభక్ష్య", "source": "local knowledge", "website": "https://panchabhakshya.com" } }, "geometry": { "type": "Polygon", "coordinates": [ [ [ 78.3935453, 17.4813317 ], [ 78.393582, 17.4812068 ], [ 78.3937692, 17.4812568 ], [ 78.3937325, 17.4813817 ], [ 78.3935453, 17.4813317 ] ] ] } },
{ "type": "Feature", "properties": { "cn": 65, "tags": { "addr:city": "Hyderabad", "addr:postcode": "500050", "leisure": "park", "name": "Huda Colony Walkers Association" } }, "geometry": { "type": "Polygon", "coordinates": [ [ [ 78.3294239, 17.4890702 ], [ 78.3304388, 17.489094 ], [ 78.3306318, 17.4890217 ], [ 78.3306993, 17.4886508 ], [ 78.3305597, 17.4884401 ], [ 78.329353, 17.4887044 ], [ 78.3294239, 17.4890702 ] ] ] } },
{ "type": "Feature", "properties": { "cn": 65, "tags": { "leisure": "playground", "name": "Medha International School", "playground:theme": "playground" } }, "geometry": { "type": "Polygon", "coordinates": [ [ [ 78.379301, 17.5142636 ], [ 78.3792657, 17.5140454 ], [ 78.3796819, 17.5139841 ], [ 78.3797161, 17.5141954 ], [ 78.3797172, 17.5142025 ], [ 78.379301, 17.5142636 ] ] ] } },
{ "type": "Feature", "properties": { "cn": 65, "tags": { "leisure": "park", "name": "RICHI Park" } }, "geometry": { "type": "Polygon", "coordinates": [ [ [ 78.3957887, 17.5172251 ], [ 78.3959186, 17.5172251 ], [ 78.3959234, 17.5171395 ], [ 78.3957823, 17.517141 ], [ 78.3957887, 17.5172251 ] ] ] } },
{ "type": "Feature", "properties": { "cn": 65, "tags": { "leisure": "park", "name": "Community park" } }, "geometry": { "type": "Polygon", "coordinates": [ [ [ 78.3887295, 17.4739754 ], [ 78.3891642, 17.473783 ], [ 78.3893524, 17.4736997 ], [ 78.3892102, 17.4734154 ], [ 78.3893955, 17.4733345 ], [ 78.3891721, 17.4729181 ], [ 78.3884011, 17.4732949 ], [ 78.3887295, 17.4739754 ] ] ] } },
{ "type": "Feature", "properties": { "cn": 65, "tags": { "leisure": "park", "name": "Community park" } }, "geometry": { "type": "Polygon", "coordinates": [ [ [ 78.3903031, 17.4718235 ], [ 78.3905296, 17.4717041 ], [ 78.3904432, 17.4714937 ], [ 78.3901958, 17.4716074 ], [ 78.3903031, 17.4718235 ] ] ] } },
{ "type": "Feature", "properties": { "cn": 65, "tags": { "leisure": "park" } }, "geometry": { "type": "Polygon", "coordinates": [ [ [ 78.3917827, 17.4719019 ], [ 78.3921536, 17.4717489 ], [ 78.3920488, 17.4715178 ], [ 78.3916779, 17.4716708 ], [ 78.3917827, 17.4719019 ] ] ] } },
{ "type": "Feature", "properties": { "cn": 65, "tags": { "natural": "grassland" } }, "geometry": { "type": "Polygon", "coordinates": [ [ [ 78.3877189, 17.4724249 ], [ 78.3884963, 17.472068 ], [ 78.3882459, 17.471531 ], [ 78.3880526, 17.4712756 ], [ 78.3877987, 17.4713774 ], [ 78.3875542, 17.4714855 ], [ 78.3873855, 17.4715599 ], [ 78.3876251, 17.4723185 ], [ 78.3877189, 17.4724249 ] ] ] } },
{ "type": "Feature", "properties": { "cn": 65, "tags": { "natural": "grassland" } }, "geometry": { "type": "Polygon", "coordinates": [ [ [ 78.3879504, 17.4731126 ], [ 78.3884184, 17.4729145 ], [ 78.3883713, 17.4727586 ], [ 78.3881526, 17.4723122 ], [ 78.3878507, 17.4724522 ], [ 78.3876763, 17.472542 ], [ 78.3879504, 17.4731126 ] ] ] } },
{ "type": "Feature", "properties": { "cn": 65, "tags": { "leisure": "park" } }, "geometry": { "type": "Polygon", "coordinates": [ [ [ 78.3867846, 17.4692354 ], [ 78.3865604, 17.4684568 ], [ 78.3867418, 17.4683823 ], [ 78.3867896, 17.4688052 ], [ 78.3870164, 17.4690792 ], [ 78.3867846, 17.4692354 ] ] ] } },
{ "type": "Feature", "properties": { "cn": 82, "tags": { "addr:city": "Hyderabad", "addr:housenumber": "Hill Ridge Springs", "addr:postcode": "500032", "addr:street": "ISB Road, Gachibowli", "landuse": "residential", "name": "Hill Ridge Springs", "residential": "apartments" } }, "geometry": { "type": "Polygon", "coordinates": [ [ [ 78.3437944, 17.4418924 ], [ 78.3452942, 17.4412997 ], [ 78.3469149, 17.4406437 ], [ 78.3464865, 17.4396216 ], [ 78.344549, 17.4404713 ], [ 78.3444908, 17.4404968 ], [ 78.3442754, 17.4405912 ], [ 78.3440852, 17.4406747 ], [ 78.3435898, 17.4408919 ], [ 78.3434383, 17.4410172 ], [ 78.3433752, 17.4410225 ], [ 78.3437944, 17.4418924 ] ] ] } },
{ "type": "Feature", "properties": { "cn": 65, "tags": { "leisure": "park", "name": "Lotus park" } }, "geometry": { "type": "Polygon", "coordinates": [ [ [ 78.3452401, 17.4417896 ], [ 78.3461788, 17.4413904 ], [ 78.3460447, 17.4410859 ], [ 78.3451113, 17.4414826 ], [ 78.3452401, 17.4417896 ] ] ] } },
{ "type": "Feature", "properties": { "cn": 65, "tags": { "leisure": "pitch", "sport": "tennis" } }, "geometry": { "type": "Polygon", "coordinates": [ [ [ 78.3629497, 17.4941399 ], [ 78.3632984, 17.4941562 ], [ 78.3633199, 17.4938472 ], [ 78.3629755, 17.4938247 ], [ 78.3629497, 17.4941399 ] ] ] } },
{ "type": "Feature", "properties": { "cn": 65, "tags": { "leisure": "park" } }, "geometry": { "type": "Polygon", "coordinates": [ [ [ 78.4001111, 17.4880049 ], [ 78.4005036, 17.4878554 ], [ 78.4004588, 17.4877485 ], [ 78.4000663, 17.487898 ], [ 78.4001111, 17.4880049 ] ] ] } },
{ "type": "Feature", "properties": { "cn": 92, "tags": { "landuse": "railway" } }, "geometry": { "type": "Polygon", "coordinates": [ [ [ 78.321045, 17.4850576 ], [ 78.3210209, 17.4849374 ], [ 78.3211684, 17.484679 ], [ 78.3226624, 17.4853557 ], [ 78.3234858, 17.4857036 ], [ 78.3243898, 17.4860771 ], [ 78.3260688, 17.4866732 ], [ 78.3264846, 17.4867039 ], [ 78.3273214, 17.4866578 ], [ 78.3285338, 17.4864378 ], [ 78.3292124, 17.4863534 ], [ 78.3294886, 17.4863457 ], [ 78.33065, 17.486535 ], [ 78.3321092, 17.4868574 ], [ 78.3322245, 17.4869994 ], [ 78.3321936, 17.4870723 ], [ 78.3320877, 17.4870339 ], [ 78.3320421, 17.4871349 ], [ 78.3314051, 17.4869546 ], [ 78.3313851, 17.4871913 ], [ 78.3307224, 17.4870237 ], [ 78.3304194, 17.4872769 ], [ 78.3290461, 17.4872693 ], [ 78.3277908, 17.4872795 ], [ 78.3277184, 17.4871183 ], [ 78.3269674, 17.4872334 ], [ 78.3265945, 17.4872462 ], [ 78.3261251, 17.4872002 ], [ 78.3255967, 17.4871209 ], [ 78.3251274, 17.4869392 ], [ 78.3231211, 17.4859748 ], [ 78.321045, 17.4850576 ] ] ] } },
{ "type": "Feature", "properties": { "cn": 92, "tags": { "landuse": "railway" } }, "geometry": { "type": "Polygon", "coordinates": [ [ [ 78.3348745, 17.4877937 ], [ 78.3364516, 17.4883207 ], [ 78.3375312, 17.4886149 ], [ 78.337888, 17.4886545 ], [ 78.3385947, 17.4886993 ], [ 78.339217, 17.4886251 ], [ 78.3401826, 17.488267 ], [ 78.3426087, 17.4863598 ], [ 78.3462766, 17.4832425 ], [ 78.3475426, 17.4826567 ], [ 78.3484465, 17.4824469 ], [ 78.3493853, 17.4823753 ], [ 78.3520138, 17.4825416 ], [ 78.355718, 17.4825518 ], [ 78.3579908, 17.482516 ], [ 78.3579951, 17.4827974 ], [ 78.3546585, 17.4828588 ], [ 78.3532342, 17.4828537 ], [ 78.3518207, 17.4829074 ], [ 78.3491573, 17.4827846 ], [ 78.3486906, 17.4828076 ], [ 78.3482614, 17.4828946 ], [ 78.3475533, 17.4831005 ], [ 78.3472207, 17.4832054 ], [ 78.3461411, 17.4837977 ], [ 78.34526, 17.4844859 ], [ 78.3429936, 17.4864225 ], [ 78.3412743, 17.4879779 ], [ 78.340652, 17.4884154 ], [ 78.3399653, 17.488707 ], [ 78.339276, 17.4888784 ], [ 78.338584, 17.488927 ], [ 78.3378786, 17.4888784 ], [ 78.3373609, 17.4887454 ], [ 78.3355333, 17.488264 ], [ 78.3354752, 17.4882338 ], [ 78.3348195, 17.4880559 ], [ 78.3348745, 17.4877937 ] ] ] } },
{ "type": "Feature", "properties": { "cn": 92, "tags": { "landuse": "railway" } }, "geometry": { "type": "Polygon", "coordinates": [ [ [ 78.3706874, 17.4818981 ], [ 78.3725944, 17.4810398 ], [ 78.3735493, 17.4804847 ], [ 78.3756441, 17.4787424 ], [ 78.376312, 17.4779851 ], [ 78.3772883, 17.4771741 ], [ 78.3776289, 17.4768134 ], [ 78.3782834, 17.476335 ], [ 78.381604, 17.4743752 ], [ 78.3828217, 17.4732751 ], [ 78.3842152, 17.4714702 ], [ 78.3845893, 17.47163 ], [ 78.3842325, 17.4722568 ], [ 78.3837739, 17.4728453 ], [ 78.3827466, 17.4739608 ], [ 78.3816093, 17.4748537 ], [ 78.378565, 17.4767443 ], [ 78.3770335, 17.4779084 ], [ 78.3756253, 17.4791466 ], [ 78.3742252, 17.4803823 ], [ 78.3735198, 17.4810066 ], [ 78.3727151, 17.4815208 ], [ 78.372125, 17.4817894 ], [ 78.3713847, 17.4819711 ], [ 78.3707169, 17.4820619 ], [ 78.3706874, 17.4818981 ] ] ] } },
{ "type": "Feature", "properties": { "cn": 92, "tags": { "landuse": "railway" } }, "geometry": { "type": "Polygon", "coordinates": [ [ [ 78.3856809, 17.4678051 ], [ 78.3868155, 17.4653131 ], [ 78.3873385, 17.4646325 ], [ 78.3880305, 17.4640696 ], [ 78.3890337, 17.4636193 ], [ 78.3894239, 17.4634926 ], [ 78.3899604, 17.4634274 ], [ 78.3905438, 17.463366 ], [ 78.3912519, 17.4633916 ], [ 78.3929792, 17.4635911 ], [ 78.3943874, 17.4634325 ], [ 78.3947736, 17.4636858 ], [ 78.3960101, 17.4634172 ], [ 78.3975899, 17.4626266 ], [ 78.3983758, 17.4622581 ], [ 78.3994661, 17.4616018 ], [ 78.4005886, 17.460856 ], [ 78.4013182, 17.4604261 ], [ 78.4021792, 17.46005 ], [ 78.4030133, 17.4597404 ], [ 78.4042928, 17.4594334 ], [ 78.4046656, 17.4594615 ], [ 78.4060418, 17.4592312 ], [ 78.4061411, 17.4595952 ], [ 78.4039977, 17.45983 ], [ 78.4031166, 17.4600244 ], [ 78.4021215, 17.4603622 ], [ 78.401514, 17.4606155 ], [ 78.4007898, 17.4610172 ], [ 78.3992475, 17.462015 ], [ 78.3972251, 17.4633071 ], [ 78.3966377, 17.4636474 ], [ 78.3957097, 17.4640107 ], [ 78.3944491, 17.4641796 ], [ 78.3937329, 17.4641438 ], [ 78.3920324, 17.4638982 ], [ 78.3903855, 17.4637933 ], [ 78.3895165, 17.464021 ], [ 78.388221, 17.4648551 ], [ 78.3870274, 17.4661318 ], [ 78.3867913, 17.4664938 ], [ 78.3867377, 17.4665719 ], [ 78.3866881, 17.4666678 ], [ 78.3866103, 17.4668431 ], [ 78.3860162, 17.4682784 ], [ 78.3856809, 17.4678051 ] ] ] } },
{ "type": "Feature", "properties": { "cn": 92, "tags": { "landuse": "railway" } }, "geometry": { "type": "Polygon", "coordinates": [ [ [ 78.4128751, 17.4585123 ], [ 78.4133854, 17.4585763 ], [ 78.4143108, 17.458607 ], [ 78.4148097, 17.4587119 ], [ 78.4160918, 17.4589217 ], [ 78.4186238, 17.4595306 ], [ 78.4201285, 17.4599733 ], [ 78.4219873, 17.4604261 ], [ 78.4254334, 17.4612493 ], [ 78.4251034, 17.4619106 ], [ 78.4202461, 17.4606501 ], [ 78.4186453, 17.460201 ], [ 78.4185433, 17.4597763 ], [ 78.4179667, 17.4595895 ], [ 78.4159523, 17.4591136 ], [ 78.4142813, 17.4588833 ], [ 78.4138414, 17.4588833 ], [ 78.4128645, 17.458837 ], [ 78.4128751, 17.4585123 ] ] ] } },
{ "type": "Feature", "properties": { "cn": 92, "tags": { "landuse": "construction" } }, "geometry": { "type": "Polygon", "coordinates": [ [ [ 78.3637736, 17.4480947 ], [ 78.3648116, 17.448 ], [ 78.3647794, 17.4477467 ], [ 78.365509, 17.4476981 ], [ 78.3653883, 17.4474601 ], [ 78.3652729, 17.4471377 ], [ 78.363669, 17.4472656 ], [ 78.3637736, 17.4480947 ] ] ] } },
{ "type": "Feature", "properties": { "cn": 82, "tags": { "landuse": "residential", "name": "NCC Urban Gardenia", "residential": "apartments" } }, "geometry": { "type": "Polygon", "coordinates": [ [ [ 78.3742519, 17.4352426 ], [ 78.3729116, 17.4360326 ], [ 78.3724868, 17.4354616 ], [ 78.3742894, 17.4343207 ], [ 78.3742519, 17.4352426 ] ] ] } },
{ "type": "Feature", "properties": { "cn": 65, "tags": { "access": "private", "description": "this is inside of the gated community, only people from inside are allowed to play", "leisure": "pitch", "sport": "tennis", "surface": "concrete" } }, "geometry": { "type": "Polygon", "coordinates": [ [ [ 78.3602767, 17.4352712 ], [ 78.3603298, 17.4353535 ], [ 78.3605181, 17.4352429 ], [ 78.3604649, 17.4351606 ], [ 78.3602767, 17.4352712 ] ] ] } },
{ "type": "Feature", "properties": { "cn": 65, "tags": { "leisure": "pitch", "sport": "multi" } }, "geometry": { "type": "Polygon", "coordinates": [ [ [ 78.3482145, 17.4985188 ], [ 78.3482328, 17.4985873 ], [ 78.3484219, 17.4985413 ], [ 78.3484036, 17.4984728 ], [ 78.3482145, 17.4985188 ] ] ] } },
{ "type": "Feature", "properties": { "cn": 65, "tags": { "leisure": "pitch", "sport": "multi" } }, "geometry": { "type": "Polygon", "coordinates": [ [ [ 78.3478872, 17.4985751 ], [ 78.3479044, 17.4986567 ], [ 78.3481055, 17.4986184 ], [ 78.3480884, 17.4985367 ], [ 78.3478872, 17.4985751 ] ] ] } },
{ "type": "Feature", "properties": { "cn": 65, "tags": { "leisure": "pitch", "sport": "basketball" } }, "geometry": { "type": "Polygon", "coordinates": [ [ [ 78.3463784, 17.4983296 ], [ 78.3465508, 17.4983285 ], [ 78.3465486, 17.4980412 ], [ 78.3463731, 17.4980424 ], [ 78.3463784, 17.4983296 ] ] ] } },
{ "type": "Feature", "properties": { "cn": 65, "tags": { "leisure": "pitch", "sport": "tennis" } }, "geometry": { "type": "Polygon", "coordinates": [ [ [ 78.3463731, 17.4980424 ], [ 78.3461897, 17.4980437 ], [ 78.346192, 17.4983583 ], [ 78.3463786, 17.4983571 ], [ 78.3463784, 17.4983296 ], [ 78.3463731, 17.4980424 ] ] ] } },
{ "type": "Feature", "properties": { "cn": 82, "tags": { "landuse": "religious" } }, "geometry": { "type": "Polygon", "coordinates": [ [ [ 78.4310411, 17.4316688 ], [ 78.4310116, 17.4312043 ], [ 78.4319504, 17.4311391 ], [ 78.4320348, 17.4314858 ], [ 78.4310411, 17.4316688 ] ] ] } },
{ "type": "Feature", "properties": { "cn": 65, "tags": { "leisure": "park", "name": "Siddhartha Park" } }, "geometry": { "type": "Polygon", "coordinates": [ [ [ 78.4369795, 17.4297981 ], [ 78.4369795, 17.4293503 ], [ 78.437748, 17.4292582 ], [ 78.4376501, 17.4293605 ], [ 78.4376299, 17.4294271 ], [ 78.437634, 17.4295409 ], [ 78.4376702, 17.4296778 ], [ 78.4377667, 17.4298007 ], [ 78.4369795, 17.4297981 ] ] ] } },
{ "type": "Feature", "properties": { "cn": 65, "tags": { "leisure": "playground", "name": "PJR ground" } }, "geometry": { "type": "Polygon", "coordinates": [ [ [ 78.4304631, 17.4333398 ], [ 78.43027, 17.4330289 ], [ 78.430388, 17.4329764 ], [ 78.4305315, 17.4332515 ], [ 78.4304631, 17.4333398 ] ] ] } },
{ "type": "Feature", "properties": { "cn": 65, "tags": { "leisure": "park" } }, "geometry": { "type": "Polygon", "coordinates": [ [ [ 78.4308399, 17.4323943 ], [ 78.4307836, 17.4322701 ], [ 78.4311403, 17.4321166 ], [ 78.4311859, 17.4322458 ], [ 78.4308399, 17.4323943 ] ] ] } },
{ "type": "Feature", "properties": { "cn": 92, "tags": { "landuse": "commercial" } }, "geometry": { "type": "Polygon", "coordinates": [ [ [ 78.3784255, 17.4315626 ], [ 78.3784991, 17.4311524 ], [ 78.3788788, 17.4290368 ], [ 78.3790783, 17.4290119 ], [ 78.3806169, 17.430713 ], [ 78.3806359, 17.4307511 ], [ 78.3806437, 17.4307667 ], [ 78.3804533, 17.4309535 ], [ 78.3802067, 17.4311229 ], [ 78.380051, 17.4312299 ], [ 78.3795977, 17.4314449 ], [ 78.3791497, 17.4315984 ], [ 78.3788118, 17.4316547 ], [ 78.3784255, 17.4315626 ] ] ] } },
{ "type": "Feature", "properties": { "cn": 65, "tags": { "leisure": "park", "name": "Vikaspuri Park" } }, "geometry": { "type": "Polygon", "coordinates": [ [ [ 78.4312136, 17.4493055 ], [ 78.4315805, 17.4492308 ], [ 78.4315317, 17.4488226 ], [ 78.4311414, 17.4488818 ], [ 78.4311455, 17.4489031 ], [ 78.4312136, 17.4493055 ] ] ] } },
{ "type": "Feature", "properties": { "cn": 65, "tags": { "leisure": "pitch", "sport": "tennis" } }, "geometry": { "type": "Polygon", "coordinates": [ [ [ 78.3367568, 17.4644924 ], [ 78.3370733, 17.4645065 ], [ 78.3370888, 17.4641891 ], [ 78.3367723, 17.464175 ], [ 78.3367568, 17.4644924 ] ] ] } },
{ "type": "Feature", "properties": { "cn": 65, "tags": { "leisure": "pitch", "sport": "baseball" } }, "geometry": { "type": "Polygon", "coordinates": [ [ [ 78.3370954, 17.463886 ], [ 78.3372565, 17.4638979 ], [ 78.3372742, 17.4636797 ], [ 78.3372772, 17.4636421 ], [ 78.3371162, 17.4636302 ], [ 78.3370954, 17.463886 ] ] ] } },
{ "type": "Feature", "properties": { "cn": 82, "tags": { "landuse": "residential", "name": "Aparna Serene Park", "residential": "apartments" } }, "geometry": { "type": "Polygon", "coordinates": [ [ [ 78.3356792, 17.4650674 ], [ 78.3359595, 17.4645173 ], [ 78.3363578, 17.463783 ], [ 78.3372013, 17.4628453 ], [ 78.3372509, 17.4628095 ], [ 78.3373153, 17.4627839 ], [ 78.3379175, 17.4626636 ], [ 78.3380905, 17.4626189 ], [ 78.3382165, 17.46256 ], [ 78.3390024, 17.4622018 ], [ 78.339182, 17.4623342 ], [ 78.3392162, 17.4622825 ], [ 78.3392184, 17.4622838 ], [ 78.3392728, 17.4623165 ], [ 78.3393775, 17.4623795 ], [ 78.3393969, 17.4623912 ], [ 78.3394437, 17.4624263 ], [ 78.3392881, 17.4626381 ], [ 78.339394, 17.462702 ], [ 78.3392143, 17.4629067 ], [ 78.3392009, 17.462931 ], [ 78.3392023, 17.4629604 ], [ 78.3393136, 17.4631613 ], [ 78.3393417, 17.4632214 ], [ 78.3393618, 17.4632854 ], [ 78.3393873, 17.4634044 ], [ 78.3394034, 17.4635259 ], [ 78.3394061, 17.4639263 ], [ 78.339453, 17.4640171 ], [ 78.3394624, 17.4640785 ], [ 78.3394423, 17.464122 ], [ 78.3393833, 17.4641489 ], [ 78.3391218, 17.4642052 ], [ 78.3385116, 17.4642269 ], [ 78.3381039, 17.4644227 ], [ 78.3381602, 17.4645225 ], [ 78.3376922, 17.464763 ], [ 78.3375326, 17.4648576 ], [ 78.3372979, 17.465125 ], [ 78.3369854, 17.4651672 ], [ 78.3366166, 17.4652951 ], [ 78.3365355, 17.4653111 ], [ 78.3364838, 17.4651276 ], [ 78.3356792, 17.4650674 ] ] ] } },
{ "type": "Feature", "properties": { "cn": 82, "tags": { "addr:city": "Hyderabad", "addr:postcode": "500049", "addr:street": "Miyapur - Allwyn Cross Road Mumbai Highway", "landuse": "residential", "name": "KSRs 2Getherments", "residential": "apartments" } }, "geometry": { "type": "Polygon", "coordinates": [ [ [ 78.3530161, 17.4942389 ], [ 78.3532194, 17.494294 ], [ 78.3534583, 17.494349 ], [ 78.3533749, 17.4930843 ], [ 78.3529546, 17.4931337 ], [ 78.3530161, 17.4942389 ] ] ] } },
{ "type": "Feature", "properties": { "cn": 98, "tags": { "name": "Buffalo Lake", "natural": "water", "water": "lake" } }, "geometry": { "type": "Polygon", "coordinates": [ [ [ 78.3279571, 17.4541166 ], [ 78.3277447, 17.4539748 ], [ 78.3275748, 17.4539883 ], [ 78.3274262, 17.4540356 ], [ 78.3272563, 17.4540018 ], [ 78.3271218, 17.4539073 ], [ 78.3271501, 17.4538398 ], [ 78.3270298, 17.453779 ], [ 78.327051, 17.4537047 ], [ 78.3270298, 17.4536372 ], [ 78.327051, 17.4535426 ], [ 78.3270759, 17.4534257 ], [ 78.326976, 17.4534036 ], [ 78.3269064, 17.4532335 ], [ 78.326823, 17.4532375 ], [ 78.3267043, 17.4530214 ], [ 78.3266149, 17.4529837 ], [ 78.3264974, 17.4528863 ], [ 78.3264486, 17.4528022 ], [ 78.3264054, 17.4526824 ], [ 78.3263898, 17.4525879 ], [ 78.3264339, 17.4525422 ], [ 78.3264035, 17.4524855 ], [ 78.3262862, 17.4524152 ], [ 78.3261703, 17.4522841 ], [ 78.3259863, 17.4521179 ], [ 78.3259072, 17.4520493 ], [ 78.3258527, 17.4520778 ], [ 78.3256819, 17.4519018 ], [ 78.325669, 17.4518033 ], [ 78.3255667, 17.451753 ], [ 78.3255609, 17.4516838 ], [ 78.3255297, 17.4515602 ], [ 78.3252365, 17.4514341 ], [ 78.3250725, 17.4511522 ], [ 78.3250463, 17.4509559 ], [ 78.3249677, 17.4507088 ], [ 78.3250265, 17.450644 ], [ 78.3254255, 17.4506489 ], [ 78.3259229, 17.4503101 ], [ 78.3261994, 17.4503125 ], [ 78.3263986, 17.4504715 ], [ 78.3264149, 17.4507275 ], [ 78.3263701, 17.4508166 ], [ 78.3265491, 17.4512355 ], [ 78.3267849, 17.4515147 ], [ 78.3272971, 17.451476 ], [ 78.3276955, 17.4511657 ], [ 78.3280289, 17.4511114 ], [ 78.328346, 17.4508166 ], [ 78.3285493, 17.4507391 ], [ 78.3290209, 17.4508399 ], [ 78.3289965, 17.4509175 ], [ 78.3287932, 17.4509175 ], [ 78.3286143, 17.4509873 ], [ 78.3284598, 17.4511657 ], [ 78.3284842, 17.4513674 ], [ 78.328159, 17.4514682 ], [ 78.3281183, 17.4516311 ], [ 78.328037, 17.4517009 ], [ 78.3279395, 17.451507 ], [ 78.3277687, 17.4517164 ], [ 78.327598, 17.4516466 ], [ 78.3275736, 17.4517087 ], [ 78.3275817, 17.4517862 ], [ 78.3274028, 17.4518716 ], [ 78.3271833, 17.4520034 ], [ 78.3271264, 17.4520732 ], [ 78.3270785, 17.4522978 ], [ 78.3271001, 17.4524446 ], [ 78.327031, 17.4525509 ], [ 78.3270992, 17.4526528 ], [ 78.32718, 17.4528243 ], [ 78.3273459, 17.4528334 ], [ 78.3277281, 17.4529187 ], [ 78.3277931, 17.4528877 ], [ 78.3279232, 17.4530506 ], [ 78.3281427, 17.4530273 ], [ 78.3282484, 17.4532833 ], [ 78.3284517, 17.453516 ], [ 78.3285737, 17.4536556 ], [ 78.3285086, 17.4539814 ], [ 78.3279571, 17.4541166 ] ] ] } },
{ "type": "Feature", "properties": { "cn": 98, "tags": { "name": "Chilakala Kunta", "natural": "water", "water": "lake" } }, "geometry": { "type": "Polygon", "coordinates": [ [ [ 78.3212984, 17.4467648 ], [ 78.3213918, 17.4466712 ], [ 78.3214338, 17.4467603 ], [ 78.3214338, 17.4468405 ], [ 78.321602, 17.4467648 ], [ 78.321672, 17.4466311 ], [ 78.3216206, 17.4464975 ], [ 78.3218308, 17.446346 ], [ 78.3220503, 17.4463505 ], [ 78.3219522, 17.4459985 ], [ 78.3214899, 17.4461411 ], [ 78.3214619, 17.4459985 ], [ 78.32163, 17.4459228 ], [ 78.321644, 17.4458159 ], [ 78.3213778, 17.4456777 ], [ 78.3214058, 17.4454817 ], [ 78.3215926, 17.4454104 ], [ 78.3214852, 17.445103 ], [ 78.3216346, 17.4449114 ], [ 78.3214759, 17.4448134 ], [ 78.321644, 17.444662 ], [ 78.3216907, 17.4445328 ], [ 78.3219055, 17.4440293 ], [ 78.3216206, 17.4439625 ], [ 78.3212657, 17.444163 ], [ 78.321191, 17.4445862 ], [ 78.3209668, 17.4447377 ], [ 78.3205045, 17.4445595 ], [ 78.3202617, 17.4446842 ], [ 78.3201496, 17.4450228 ], [ 78.3206446, 17.4453258 ], [ 78.3204765, 17.4455664 ], [ 78.3202196, 17.4455619 ], [ 78.3200048, 17.445905 ], [ 78.3198087, 17.4460965 ], [ 78.3200702, 17.4464841 ], [ 78.3201399, 17.4465 ], [ 78.3212984, 17.4467648 ] ] ] } },
{ "type": "Feature", "properties": { "cn": 98, "tags": { "natural": "wetland" } }, "geometry": { "type": "Polygon", "coordinates": [ [ [ 78.3226202, 17.4437941 ], [ 78.3226095, 17.443786 ], [ 78.3226043, 17.4437715 ], [ 78.3226051, 17.4437429 ], [ 78.3226444, 17.4436838 ], [ 78.3224745, 17.4436602 ], [ 78.3222657, 17.443569 ], [ 78.3223967, 17.4435386 ], [ 78.3225772, 17.4435657 ], [ 78.3225311, 17.4434002 ], [ 78.322609, 17.4433698 ], [ 78.3226833, 17.4434644 ], [ 78.3227329, 17.4434205 ], [ 78.3226621, 17.4432854 ], [ 78.3227081, 17.4431706 ], [ 78.3228001, 17.4429984 ], [ 78.3228709, 17.4429072 ], [ 78.3230691, 17.4430153 ], [ 78.3232567, 17.4429748 ], [ 78.3235115, 17.4430389 ], [ 78.3236141, 17.4429883 ], [ 78.3236283, 17.44286 ], [ 78.323692, 17.4427857 ], [ 78.3236743, 17.4426979 ], [ 78.3238583, 17.4426709 ], [ 78.323915, 17.4428971 ], [ 78.3240141, 17.4429849 ], [ 78.3241804, 17.4429376 ], [ 78.3238583, 17.4432246 ], [ 78.323692, 17.4431402 ], [ 78.3235469, 17.4432888 ], [ 78.3233982, 17.4433529 ], [ 78.3232708, 17.4433462 ], [ 78.3232142, 17.4432449 ], [ 78.3228815, 17.4432145 ], [ 78.3227789, 17.4432145 ], [ 78.3228603, 17.4433259 ], [ 78.3229098, 17.4433867 ], [ 78.322832, 17.4435015 ], [ 78.3226833, 17.4435724 ], [ 78.3226869, 17.4436838 ], [ 78.3226688, 17.4437639 ], [ 78.322651, 17.4437846 ], [ 78.3226375, 17.4437923 ], [ 78.3226202, 17.4437941 ] ] ] } },
{ "type": "Feature", "properties": { "cn": 98, "tags": { "name": "Garloni Kunta", "natural": "water", "water": "lake" } }, "geometry": { "type": "Polygon", "coordinates": [ [ [ 78.3195366, 17.464268 ], [ 78.3193825, 17.4640211 ], [ 78.3192408, 17.46398 ], [ 78.3192223, 17.4638859 ], [ 78.3191175, 17.4637742 ], [ 78.3189265, 17.4637448 ], [ 78.3187601, 17.463545 ], [ 78.3186184, 17.4634686 ], [ 78.318489, 17.4633451 ], [ 78.3184582, 17.4632217 ], [ 78.3183534, 17.4631511 ], [ 78.3181747, 17.46311 ], [ 78.3181563, 17.4629513 ], [ 78.3182733, 17.4628866 ], [ 78.3184705, 17.4629337 ], [ 78.3186492, 17.4629572 ], [ 78.3187478, 17.4628279 ], [ 78.3188896, 17.462675 ], [ 78.3190621, 17.4627162 ], [ 78.3190621, 17.462628 ], [ 78.3193209, 17.4625339 ], [ 78.3195242, 17.4622518 ], [ 78.3198015, 17.4622577 ], [ 78.3200973, 17.4622577 ], [ 78.3202329, 17.4621284 ], [ 78.3204547, 17.4620519 ], [ 78.3205102, 17.4619755 ], [ 78.320467, 17.4621166 ], [ 78.320313, 17.4621695 ], [ 78.3201959, 17.4622577 ], [ 78.3201774, 17.4624281 ], [ 78.3201343, 17.4627044 ], [ 78.3202082, 17.4628161 ], [ 78.3202452, 17.4628984 ], [ 78.3201836, 17.4630865 ], [ 78.320048, 17.4632452 ], [ 78.3200542, 17.463398 ], [ 78.3201281, 17.4635391 ], [ 78.3201836, 17.4636096 ], [ 78.3200419, 17.4634921 ], [ 78.3199125, 17.4634921 ], [ 78.3198015, 17.4634157 ], [ 78.3196906, 17.4634803 ], [ 78.3196783, 17.463639 ], [ 78.3197892, 17.4637683 ], [ 78.3198324, 17.46388 ], [ 78.3198324, 17.4640505 ], [ 78.3195366, 17.464268 ] ] ] } },
{ "type": "Feature", "properties": { "cn": 98, "tags": { "natural": "wetland", "wetland": "nala" } }, "geometry": { "type": "Polygon", "coordinates": [ [ [ 78.3186455, 17.4581078 ], [ 78.3185941, 17.4579421 ], [ 78.3184654, 17.4578501 ], [ 78.3182467, 17.4578501 ], [ 78.3182274, 17.4577273 ], [ 78.3181695, 17.4576721 ], [ 78.3183009, 17.4575652 ], [ 78.3184764, 17.4575977 ], [ 78.3184033, 17.4574954 ], [ 78.3183984, 17.4573791 ], [ 78.3182522, 17.4574675 ], [ 78.3181059, 17.4574256 ], [ 78.3181693, 17.457328 ], [ 78.3181595, 17.4572024 ], [ 78.3181839, 17.457142 ], [ 78.3183692, 17.4572396 ], [ 78.3185983, 17.4571885 ], [ 78.3186861, 17.4572768 ], [ 78.3188908, 17.4571885 ], [ 78.3190419, 17.4572071 ], [ 78.3193052, 17.4570024 ], [ 78.3196513, 17.4567606 ], [ 78.3198024, 17.4565467 ], [ 78.3200316, 17.4564769 ], [ 78.3200852, 17.4563095 ], [ 78.3202071, 17.4563653 ], [ 78.3203923, 17.4562212 ], [ 78.3206751, 17.4562212 ], [ 78.3204752, 17.4559142 ], [ 78.3206702, 17.4559282 ], [ 78.320836, 17.4559654 ], [ 78.3210212, 17.4559003 ], [ 78.3214795, 17.4557747 ], [ 78.3216988, 17.4558305 ], [ 78.3217086, 17.4559561 ], [ 78.3214258, 17.4560677 ], [ 78.3212016, 17.4562956 ], [ 78.3209627, 17.4564769 ], [ 78.3207141, 17.4564397 ], [ 78.3205678, 17.4565978 ], [ 78.3205678, 17.4567606 ], [ 78.3202071, 17.4568955 ], [ 78.3199487, 17.4570815 ], [ 78.3197829, 17.457235 ], [ 78.3194563, 17.4574163 ], [ 78.3195587, 17.4575512 ], [ 78.3194563, 17.4576907 ], [ 78.3193198, 17.4577744 ], [ 78.3191833, 17.4576768 ], [ 78.3191833, 17.4575373 ], [ 78.3189639, 17.457528 ], [ 78.3187397, 17.4576675 ], [ 78.3186276, 17.4577326 ], [ 78.3186373, 17.4578628 ], [ 78.3187251, 17.4578209 ], [ 78.3187836, 17.4579 ], [ 78.3187884, 17.458007 ], [ 78.3187494, 17.4581186 ], [ 78.3187421, 17.4581619 ], [ 78.3186455, 17.4581078 ] ] ] } },
{ "type": "Feature", "properties": { "cn": 65, "tags": { "access": "permissive", "leisure": "pitch", "name": "Tennis Court", "sport": "tennis", "surface": "ground" } }, "geometry": { "type": "Polygon", "coordinates": [ [ [ 78.4275427, 17.4493706 ], [ 78.427525, 17.4490797 ], [ 78.427413, 17.4490859 ], [ 78.4274308, 17.4493768 ], [ 78.4275427, 17.4493706 ] ] ] } },
{ "type": "Feature", "properties": { "cn": 98, "tags": { "name": "Madhuranagar Lake", "natural": "water", "water": "lake" } }, "geometry": { "type": "Polygon", "coordinates": [ [ [ 78.388909, 17.5192979 ], [ 78.3893776, 17.519035 ], [ 78.3893458, 17.5188432 ], [ 78.3893126, 17.5185 ], [ 78.3891476, 17.5177069 ], [ 78.3888944, 17.5176046 ], [ 78.3885769, 17.5176905 ], [ 78.388388, 17.5178174 ], [ 78.3880919, 17.5182635 ], [ 78.3879289, 17.5187627 ], [ 78.3879331, 17.518951 ], [ 78.3879246, 17.5192498 ], [ 78.3881867, 17.5200772 ], [ 78.3885203, 17.5197763 ], [ 78.3887896, 17.519649 ], [ 78.388909, 17.5192979 ] ] ] } },
{ "type": "Feature", "properties": { "cn": 98, "tags": { "name": "Achari Kunta Lake", "natural": "water", "water": "lake" } }, "geometry": { "type": "Polygon", "coordinates": [ [ [ 78.3767706, 17.5186162 ], [ 78.3768473, 17.5185715 ], [ 78.376903, 17.5185289 ], [ 78.3768274, 17.5182022 ], [ 78.3767305, 17.517913 ], [ 78.3766943, 17.5178574 ], [ 78.3765706, 17.5177866 ], [ 78.3764652, 17.5177906 ], [ 78.3763341, 17.5178396 ], [ 78.3762382, 17.5179775 ], [ 78.3761713, 17.5181073 ], [ 78.3762396, 17.5183295 ], [ 78.3763183, 17.518478 ], [ 78.3764016, 17.5185774 ], [ 78.3765083, 17.5186458 ], [ 78.3766416, 17.518644 ], [ 78.3767706, 17.5186162 ] ] ] } },
{ "type": "Feature", "properties": { "cn": 82, "tags": { "addr:city": "Hyderabad", "addr:postcode": "500084", "addr:street": "Whitefields Road", "landuse": "residential", "name": "Estella", "residential": "apartments" } }, "geometry": { "type": "Polygon", "coordinates": [ [ [ 78.3689158, 17.4560108 ], [ 78.3694388, 17.455888 ], [ 78.3691706, 17.455453 ], [ 78.3687307, 17.4556577 ], [ 78.3689158, 17.4560108 ] ] ] } },
{ "type": "Feature", "properties": { "cn": 65, "tags": { "leisure": "park" } }, "geometry": { "type": "Polygon", "coordinates": [ [ [ 78.4179767, 17.516925 ], [ 78.4185985, 17.516945 ], [ 78.4186391, 17.5163427 ], [ 78.4179935, 17.5163 ], [ 78.4179767, 17.516925 ] ] ] } },
{ "type": "Feature", "properties": { "cn": 65, "tags": { "landuse": "grass" } }, "geometry": { "type": "Polygon", "coordinates": [ [ [ 78.3632939, 17.4386062 ], [ 78.3632442, 17.4384066 ], [ 78.3631886, 17.4382537 ], [ 78.3632194, 17.4382562 ], [ 78.3632536, 17.4382665 ], [ 78.3632744, 17.4382946 ], [ 78.3632898, 17.4383375 ], [ 78.3633086, 17.4384072 ], [ 78.3633153, 17.4384846 ], [ 78.3633106, 17.4385601 ], [ 78.3633063, 17.4385985 ], [ 78.3633033, 17.4386057 ], [ 78.3632995, 17.4386075 ], [ 78.3632956, 17.4386074 ], [ 78.3632939, 17.4386062 ] ] ] } },
{ "type": "Feature", "properties": { "cn": 82, "tags": { "addr:postcode": "500090", "landuse": "residential", "name": "Gayatri Towers", "residential": "apartments" } }, "geometry": { "type": "Polygon", "coordinates": [ [ [ 78.3770527, 17.5200494 ], [ 78.3763412, 17.5189734 ], [ 78.3766166, 17.5188384 ], [ 78.3770565, 17.5192907 ], [ 78.3772133, 17.5194329 ], [ 78.3774007, 17.5194694 ], [ 78.3775384, 17.5197174 ], [ 78.3770527, 17.5200494 ] ] ] } },
{ "type": "Feature", "properties": { "cn": 92, "tags": { "landuse": "commercial", "name": "Gokaraju Rangaraju Institute of Engineering and Technology", "website": "https://www.griet.ac.in/" } }, "geometry": { "type": "Polygon", "coordinates": [ [ [ 78.3644807, 17.5220427 ], [ 78.3633166, 17.5194389 ], [ 78.3686213, 17.518713 ], [ 78.3699181, 17.5213665 ], [ 78.3694791, 17.5217109 ], [ 78.3677364, 17.5230779 ], [ 78.3662456, 17.5216182 ], [ 78.3644807, 17.5220427 ] ] ] } },
{ "type": "Feature", "properties": { "cn": 65, "tags": { "leisure": "park", "name": "ghmc park", "operator": "Greater Hyderabad Municipal Corporation", "operator:short": "GHMC", "operator:type": "government", "operator:wikidata": "Q5259597" } }, "geometry": { "type": "Polygon", "coordinates": [ [ [ 78.3311377, 17.4397531 ], [ 78.3321103, 17.4393179 ], [ 78.3317058, 17.438078 ], [ 78.3306859, 17.4383818 ], [ 78.330756, 17.4385608 ], [ 78.3308109, 17.438753 ], [ 78.3311377, 17.4397531 ] ] ] } },
{ "type": "Feature", "properties": { "cn": 82, "tags": { "landuse": "yes" } }, "geometry": { "type": "Polygon", "coordinates": [ [ [ 78.4198134, 17.5011626 ], [ 78.4199152, 17.5012202 ], [ 78.4199648, 17.5011596 ], [ 78.4198445, 17.5011017 ], [ 78.4198134, 17.5011626 ] ] ] } },
{ "type": "Feature", "properties": { "cn": 82, "tags": { "landuse": "yes" } }, "geometry": { "type": "Polygon", "coordinates": [ [ [ 78.4198774, 17.501315 ], [ 78.4199431, 17.5013533 ], [ 78.4199752, 17.5013013 ], [ 78.4199175, 17.5012538 ], [ 78.4198774, 17.501315 ] ] ] } },
{ "type": "Feature", "properties": { "cn": 65, "tags": { "natural": "grassland" } }, "geometry": { "type": "Polygon", "coordinates": [ [ [ 78.3348877, 17.4323042 ], [ 78.3348427, 17.4322423 ], [ 78.334808, 17.4322113 ], [ 78.3348193, 17.4321622 ], [ 78.3347974, 17.4320766 ], [ 78.3347729, 17.4320112 ], [ 78.3347324, 17.4319589 ], [ 78.3347648, 17.431932 ], [ 78.3347387, 17.4319052 ], [ 78.3347231, 17.431846 ], [ 78.3346883, 17.4318771 ], [ 78.3346495, 17.4318833 ], [ 78.3346467, 17.431817 ], [ 78.3346992, 17.4317813 ], [ 78.3347125, 17.4317625 ], [ 78.3346854, 17.4317341 ], [ 78.3346526, 17.4316986 ], [ 78.334633, 17.4316718 ], [ 78.3346286, 17.4316308 ], [ 78.3346022, 17.4315994 ], [ 78.3345887, 17.4315699 ], [ 78.3345627, 17.4315534 ], [ 78.3345238, 17.4315516 ], [ 78.3345372, 17.4315198 ], [ 78.3344899, 17.4314771 ], [ 78.3344856, 17.4314514 ], [ 78.3345022, 17.4314388 ], [ 78.3344648, 17.4313989 ], [ 78.334445, 17.4313738 ], [ 78.334445, 17.4313514 ], [ 78.3344137, 17.4313746 ], [ 78.3343853, 17.4313474 ], [ 78.3344156, 17.4313206 ], [ 78.3344438, 17.4312872 ], [ 78.3344575, 17.4312295 ], [ 78.3344224, 17.431194 ], [ 78.3343976, 17.4311679 ], [ 78.3343186, 17.4311958 ], [ 78.334312, 17.4311276 ], [ 78.3343278, 17.4310934 ], [ 78.3342791, 17.4310513 ], [ 78.3342583, 17.4310064 ], [ 78.3342497, 17.4309773 ], [ 78.3342254, 17.4309247 ], [ 78.3342005, 17.4308568 ], [ 78.3342094, 17.4308031 ], [ 78.3341876, 17.4307741 ], [ 78.3341349, 17.4307436 ], [ 78.3341581, 17.4306555 ], [ 78.3341209, 17.4306743 ], [ 78.3340674, 17.4306268 ], [ 78.3341273, 17.4305624 ], [ 78.3341118, 17.4305234 ], [ 78.3340527, 17.4304598 ], [ 78.3341114, 17.430411 ], [ 78.3341349, 17.4303497 ], [ 78.3341289, 17.4302997 ], [ 78.3342309, 17.4303651 ], [ 78.3343277, 17.4303402 ], [ 78.3344352, 17.4302673 ], [ 78.3344869, 17.4303017 ], [ 78.3344559, 17.4304042 ], [ 78.3344152, 17.430486 ], [ 78.3344024, 17.4306168 ], [ 78.3343946, 17.4306511 ], [ 78.3344389, 17.4307374 ], [ 78.3345143, 17.4307713 ], [ 78.3346476, 17.4307189 ], [ 78.334681, 17.4307557 ], [ 78.3347289, 17.4308412 ], [ 78.3347604, 17.430899 ], [ 78.3348122, 17.4310069 ], [ 78.3348622, 17.4310544 ], [ 78.3349167, 17.4311134 ], [ 78.3349323, 17.4311776 ], [ 78.3348716, 17.431294 ], [ 78.3348242, 17.4312641 ], [ 78.3347832, 17.4312227 ], [ 78.3347393, 17.4311809 ], [ 78.3347071, 17.4312986 ], [ 78.3346174, 17.4313707 ], [ 78.3347746, 17.4314222 ], [ 78.3349215, 17.4314073 ], [ 78.3349493, 17.4314458 ], [ 78.3349883, 17.4315024 ], [ 78.335012, 17.4315407 ], [ 78.3350288, 17.4316824 ], [ 78.3350341, 17.4317178 ], [ 78.335052, 17.431809 ], [ 78.3350435, 17.4319749 ], [ 78.3350411, 17.4320216 ], [ 78.3349933, 17.4321431 ], [ 78.334929, 17.432229 ], [ 78.3349155, 17.4322525 ], [ 78.3348877, 17.4323042 ] ] ] } },
{ "type": "Feature", "properties": { "cn": 65, "tags": { "landuse": "grass" } }, "geometry": { "type": "Polygon", "coordinates": [ [ [ 78.3633616, 17.4821168 ], [ 78.3634058, 17.4821136 ], [ 78.3634004, 17.4820459 ], [ 78.3665647, 17.4817797 ], [ 78.3669947, 17.4817467 ], [ 78.3671703, 17.4817332 ], [ 78.3671682, 17.4818817 ], [ 78.3633238, 17.4822102 ], [ 78.3633113, 17.4821172 ], [ 78.3633616, 17.4821168 ] ] ] } },
{ "type": "Feature", "properties": { "cn": 98, "tags": { "natural": "water", "water": "lake" } }, "geometry": { "type": "Polygon", "coordinates": [ [ [ 78.3584879, 17.4470898 ], [ 78.3583882, 17.4470661 ], [ 78.3583544, 17.4470847 ], [ 78.3583064, 17.4470746 ], [ 78.3582494, 17.4470406 ], [ 78.3581836, 17.4470559 ], [ 78.3581498, 17.4470474 ], [ 78.3580893, 17.4470712 ], [ 78.3580501, 17.4470627 ], [ 78.3580216, 17.4470763 ], [ 78.3579896, 17.4470542 ], [ 78.3579006, 17.4471102 ], [ 78.3579504, 17.4470389 ], [ 78.3579647, 17.4469931 ], [ 78.3579273, 17.4469676 ], [ 78.3579255, 17.4469235 ], [ 78.3579504, 17.4469065 ], [ 78.3579736, 17.446825 ], [ 78.3580038, 17.4468182 ], [ 78.3580199, 17.4467707 ], [ 78.3579878, 17.4467316 ], [ 78.3579807, 17.4466705 ], [ 78.3579896, 17.4466501 ], [ 78.3579558, 17.446623 ], [ 78.3579451, 17.4465924 ], [ 78.3579754, 17.4465941 ], [ 78.3580056, 17.44655 ], [ 78.3580519, 17.446589 ], [ 78.358091, 17.4466281 ], [ 78.3580964, 17.4466586 ], [ 78.3581337, 17.4466824 ], [ 78.3581818, 17.4466824 ], [ 78.3582209, 17.4466807 ], [ 78.3582494, 17.4466977 ], [ 78.3582637, 17.446718 ], [ 78.3583028, 17.4466943 ], [ 78.3583437, 17.4466824 ], [ 78.3583793, 17.4467146 ], [ 78.3584185, 17.4467876 ], [ 78.3584754, 17.4468029 ], [ 78.358479, 17.4468437 ], [ 78.3584612, 17.4468725 ], [ 78.3584879, 17.4469031 ], [ 78.3584736, 17.4469303 ], [ 78.3584736, 17.446954 ], [ 78.3584861, 17.4469812 ], [ 78.3584754, 17.44701 ], [ 78.3584647, 17.4470321 ], [ 78.3584879, 17.4470898 ] ] ] } },
{ "type": "Feature", "properties": { "cn": 65, "tags": { "natural": "tree_row" } }, "geometry": { "type": "Polygon", "coordinates": [ [ [ 78.4393379, 17.5089062 ], [ 78.4382299, 17.5120163 ], [ 78.4407495, 17.5118118 ], [ 78.4420004, 17.5121867 ], [ 78.4427598, 17.5114795 ], [ 78.4399007, 17.5095112 ], [ 78.4393379, 17.5089062 ] ] ] } },
{ "type": "Feature", "properties": { "cn": 65, "tags": { "natural": "grassland" } }, "geometry": { "type": "Polygon", "coordinates": [ [ [ 78.4305253, 17.5212136 ], [ 78.4311528, 17.5208161 ], [ 78.4305253, 17.5194577 ], [ 78.4298566, 17.5197198 ], [ 78.4305253, 17.5212136 ] ] ] } },
{ "type": "Feature", "properties": { "cn": 65, "tags": { "natural": "grassland" } }, "geometry": { "type": "Polygon", "coordinates": [ [ [ 78.4290132, 17.5101422 ], [ 78.4287722, 17.5102397 ], [ 78.4286201, 17.5099287 ], [ 78.4288277, 17.5098071 ], [ 78.4290132, 17.5101422 ] ] ] } },
{ "type": "Feature", "properties": { "cn": 70, "tags": { "landuse": "forest", "name": "HMT Forest" } }, "geometry": { "type": "Polygon", "coordinates": [ [ [ 78.4499788, 17.5028145 ], [ 78.4478896, 17.5085747 ], [ 78.4459804, 17.5108147 ], [ 78.4438943, 17.5109284 ], [ 78.4420004, 17.5121867 ], [ 78.4397074, 17.5119742 ], [ 78.438043, 17.5122028 ], [ 78.4355835, 17.5127276 ], [ 78.4326523, 17.5124029 ], [ 78.4316838, 17.5094955 ], [ 78.4327279, 17.5091471 ], [ 78.4315127, 17.5065924 ], [ 78.4305497, 17.503364 ], [ 78.4316777, 17.5028316 ], [ 78.4332609, 17.4996843 ], [ 78.4355941, 17.4977241 ], [ 78.4417468, 17.4967053 ], [ 78.4430867, 17.4992132 ], [ 78.4440546, 17.4978186 ], [ 78.4451518, 17.4977158 ], [ 78.4505747, 17.5009768 ], [ 78.4499788, 17.5028145 ] ] ] } },
{ "type": "Feature", "properties": { "cn": 82, "tags": { "addr:city": "Hyderabad", "addr:postcode": "500084", "addr:street": "Masjid Banda", "building:levels": "5", "landuse": "residential", "layer": "1", "name": "Coral Tree Apartment", "residential": "apartments" } }, "geometry": { "type": "Polygon", "coordinates": [ [ [ 78.3418835, 17.4700401 ], [ 78.3423431, 17.4700733 ], [ 78.3423488, 17.4699714 ], [ 78.3418895, 17.4699398 ], [ 78.3418835, 17.4700401 ] ] ] } },
{ "type": "Feature", "properties": { "cn": 65, "tags": { "leisure": "park", "name": "Ayyappa Society Park" } }, "geometry": { "type": "Polygon", "coordinates": [ [ [ 78.3923998, 17.4507947 ], [ 78.3924234, 17.4511601 ], [ 78.3925611, 17.4511539 ], [ 78.3925246, 17.450807 ], [ 78.3923998, 17.4507947 ] ] ] } },
{ "type": "Feature", "properties": { "cn": 65, "tags": { "leisure": "playground" } }, "geometry": { "type": "Polygon", "coordinates": [ [ [ 78.4179815, 17.4976163 ], [ 78.4181441, 17.4976217 ], [ 78.4181581, 17.4973195 ], [ 78.4179955, 17.4973115 ], [ 78.4179815, 17.4976163 ] ] ] } },
{ "type": "Feature", "properties": { "cn": 92, "tags": { "landuse": "commercial" } }, "geometry": { "type": "Polygon", "coordinates": [ [ [ 78.3838845, 17.4836807 ], [ 78.3844097, 17.4836727 ], [ 78.3836427, 17.482822 ], [ 78.3835343, 17.4835574 ], [ 78.3836844, 17.4835733 ], [ 78.3838845, 17.4836807 ] ] ] } },
{ "type": "Feature", "properties": { "cn": 92, "tags": { "landuse": "commercial" } }, "geometry": { "type": "Polygon", "coordinates": [ [ [ 78.3842785, 17.4833024 ], [ 78.3833885, 17.4823011 ], [ 78.3838674, 17.4815528 ], [ 78.3853642, 17.4824244 ], [ 78.3842785, 17.4833024 ] ] ] } },
{ "type": "Feature", "properties": { "cn": 92, "tags": { "landuse": "commercial" } }, "geometry": { "type": "Polygon", "coordinates": [ [ [ 78.3826523, 17.483092 ], [ 78.383082, 17.4831112 ], [ 78.3831149, 17.4827798 ], [ 78.3826523, 17.4827763 ], [ 78.3826523, 17.483092 ] ] ] } },
{ "type": "Feature", "properties": { "cn": 92, "tags": { "landuse": "commercial" } }, "geometry": { "type": "Polygon", "coordinates": [ [ [ 78.3809512, 17.4837506 ], [ 78.3810542, 17.4837441 ], [ 78.381011, 17.4836336 ], [ 78.3809073, 17.4836632 ], [ 78.3809512, 17.4837506 ] ] ] } },
{ "type": "Feature", "properties": { "cn": 65, "tags": { "leisure": "playground" } }, "geometry": { "type": "Polygon", "coordinates": [ [ [ 78.408173, 17.4231982 ], [ 78.4082252, 17.4232604 ], [ 78.408345, 17.4231858 ], [ 78.4082877, 17.4231162 ], [ 78.408173, 17.4231982 ] ] ] } },
{ "type": "Feature", "properties": { "cn": 82, "tags": { "landuse": "residential" } }, "geometry": { "type": "Polygon", "coordinates": [ [ [ 78.3964404, 17.4296678 ], [ 78.3966515, 17.4296493 ], [ 78.3965768, 17.4292434 ], [ 78.3963885, 17.4292867 ], [ 78.3964404, 17.4296678 ] ] ] } },
{ "type": "Feature", "properties": { "cn": 65, "tags": { "landuse": "grass" } }, "geometry": { "type": "Polygon", "coordinates": [ [ [ 78.4000712, 17.4343774 ], [ 78.4001654, 17.4344735 ], [ 78.4003602, 17.4342783 ], [ 78.4002725, 17.4341605 ], [ 78.4000712, 17.4343774 ] ] ] } },
{ "type": "Feature", "properties": { "cn": 65, "tags": { "natural": "scrub" } }, "geometry": { "type": "Polygon", "coordinates": [ [ [ 78.3788788, 17.4290368 ], [ 78.3792807, 17.4263398 ], [ 78.3790413, 17.4253835 ], [ 78.3840455, 17.4220363 ], [ 78.3846589, 17.4228535 ], [ 78.3857585, 17.4217151 ], [ 78.3864541, 17.4213369 ], [ 78.3884363, 17.4260115 ], [ 78.387232, 17.4267537 ], [ 78.3856986, 17.4282239 ], [ 78.3859679, 17.428909 ], [ 78.3867309, 17.4289161 ], [ 78.3873517, 17.4293658 ], [ 78.3875611, 17.430529 ], [ 78.3883017, 17.4305576 ], [ 78.3884363, 17.4309786 ], [ 78.3877556, 17.4310072 ], [ 78.387247, 17.431207 ], [ 78.3859716, 17.4320348 ], [ 78.3829534, 17.4286021 ], [ 78.3816737, 17.4296484 ], [ 78.3806838, 17.4285 ], [ 78.3803326, 17.4280925 ], [ 78.3790783, 17.4290119 ], [ 78.3788788, 17.4290368 ] ] ] } },
{ "type": "Feature", "properties": { "cn": 92, "tags": { "landuse": "commercial" } }, "geometry": { "type": "Polygon", "coordinates": [ [ [ 78.3747328, 17.4465535 ], [ 78.3771489, 17.4458185 ], [ 78.3769656, 17.4442914 ], [ 78.3763773, 17.444395 ], [ 78.3749086, 17.4446536 ], [ 78.3750769, 17.445451 ], [ 78.3750788, 17.4456098 ], [ 78.3747141, 17.4461807 ], [ 78.3747328, 17.4465535 ] ] ] } },
{ "type": "Feature", "properties": { "cn": 92, "tags": { "landuse": "commercial", "name": "Divyasree Trinity" } }, "geometry": { "type": "Polygon", "coordinates": [ [ [ 78.3734724, 17.4443949 ], [ 78.3737455, 17.4424039 ], [ 78.3740073, 17.442354 ], [ 78.3744486, 17.4428392 ], [ 78.3746524, 17.4428141 ], [ 78.3748163, 17.4437342 ], [ 78.3745982, 17.4437741 ], [ 78.3745084, 17.4441594 ], [ 78.3746917, 17.4450015 ], [ 78.3736725, 17.4452105 ], [ 78.3734724, 17.4443949 ] ] ] } },
{ "type": "Feature", "properties": { "cn": 92, "tags": { "landuse": "construction" } }, "geometry": { "type": "Polygon", "coordinates": [ [ [ 78.3734724, 17.4443949 ], [ 78.3736725, 17.4452105 ], [ 78.3738838, 17.4460719 ], [ 78.3737081, 17.4466856 ], [ 78.3723504, 17.4470994 ], [ 78.3720662, 17.4461932 ], [ 78.3719589, 17.4462198 ], [ 78.3717772, 17.446008 ], [ 78.3715619, 17.4452593 ], [ 78.3734724, 17.4443949 ] ] ] } },
{ "type": "Feature", "properties": { "cn": 92, "tags": { "landuse": "construction" } }, "geometry": { "type": "Polygon", "coordinates": [ [ [ 78.3522219, 17.4456611 ], [ 78.3525612, 17.4456035 ], [ 78.3526494, 17.4459005 ], [ 78.3529097, 17.4462837 ], [ 78.3531645, 17.4466804 ], [ 78.3533803, 17.4468163 ], [ 78.3532749, 17.4470847 ], [ 78.3530048, 17.4468314 ], [ 78.3522219, 17.4456611 ] ] ] } },
{ "type": "Feature", "properties": { "cn": 92, "tags": { "landuse": "construction" } }, "geometry": { "type": "Polygon", "coordinates": [ [ [ 78.3546207, 17.4210258 ], [ 78.3557484, 17.4201129 ], [ 78.3556848, 17.4200522 ], [ 78.3547049, 17.4198095 ], [ 78.3544656, 17.4196953 ], [ 78.3542861, 17.4197096 ], [ 78.3542935, 17.4199237 ], [ 78.3539919, 17.420138 ], [ 78.3546207, 17.4210258 ] ] ] } },
{ "type": "Feature", "properties": { "cn": 82, "tags": { "landuse": "residential" } }, "geometry": { "type": "Polygon", "coordinates": [ [ [ 78.353357, 17.4205474 ], [ 78.3539858, 17.4214352 ], [ 78.3534932, 17.4218721 ], [ 78.352931, 17.4210525 ], [ 78.3533316, 17.420603 ], [ 78.353357, 17.4205474 ] ] ] } },
{ "type": "Feature", "properties": { "cn": 92, "tags": { "landuse": "construction" } }, "geometry": { "type": "Polygon", "coordinates": [ [ [ 78.361147, 17.4200306 ], [ 78.3607414, 17.4185534 ], [ 78.3598288, 17.4184785 ], [ 78.3588265, 17.4187176 ], [ 78.3584674, 17.419028 ], [ 78.3590396, 17.4206374 ], [ 78.3601015, 17.4202689 ], [ 78.361147, 17.4200306 ] ] ] } },
{ "type": "Feature", "properties": { "cn": 98, "tags": { "access": "customers", "layer": "1", "leisure": "swimming_pool", "location": "roof" } }, "geometry": { "type": "Polygon", "coordinates": [ [ [ 78.3766124, 17.4431427 ], [ 78.3765876, 17.4430234 ], [ 78.3766508, 17.4430089 ], [ 78.3766756, 17.4431296 ], [ 78.3766124, 17.4431427 ] ] ] } },
{ "type": "Feature", "properties": { "cn": 65, "tags": { "leisure": "golf_course", "name": "Spotflock" } }, "geometry": { "type": "Polygon", "coordinates": [ [ [ 78.3856242, 17.4510232 ], [ 78.3856341, 17.4507277 ], [ 78.3862595, 17.4507366 ], [ 78.3862501, 17.4510424 ], [ 78.3856242, 17.4510232 ] ] ] } },
{ "type": "Feature", "properties": { "cn": 82, "tags": { "landuse": "residential", "name": "Rainbow Vistas (Phase 1)" } }, "geometry": { "type": "Polygon", "coordinates": [ [ [ 78.4081337, 17.4697343 ], [ 78.4079895, 17.4687456 ], [ 78.4091201, 17.4685921 ], [ 78.4093019, 17.4695749 ], [ 78.4081337, 17.4697343 ] ] ] } },
{ "type": "Feature", "properties": { "cn": 92, "tags": { "landuse": "retail", "name": "IDL Lake Fast Food. (Only after 8 pm)" } }, "geometry": { "type": "Polygon", "coordinates": [ [ [ 78.4142193, 17.4769766 ], [ 78.4142762, 17.4769573 ], [ 78.4143534, 17.4771085 ], [ 78.4143923, 17.4771795 ], [ 78.4144365, 17.4772875 ], [ 78.414463, 17.4773686 ], [ 78.414509, 17.4774749 ], [ 78.4146365, 17.4777585 ], [ 78.4148063, 17.478096 ], [ 78.4148754, 17.4782193 ], [ 78.4149939, 17.4784032 ], [ 78.4151319, 17.4786227 ], [ 78.4152824, 17.4788488 ], [ 78.4153408, 17.4789164 ], [ 78.4154292, 17.4789991 ], [ 78.4155407, 17.4790818 ], [ 78.4156947, 17.4791864 ], [ 78.4157725, 17.4792539 ], [ 78.4156823, 17.4793383 ], [ 78.4155407, 17.4792961 ], [ 78.4154664, 17.479259 ], [ 78.4154151, 17.4791999 ], [ 78.4153691, 17.4791341 ], [ 78.4152947, 17.4790598 ], [ 78.4152487, 17.4790007 ], [ 78.4151886, 17.4789349 ], [ 78.415047, 17.4787206 ], [ 78.4149001, 17.478518 ], [ 78.4144737, 17.4777534 ], [ 78.4143887, 17.4776234 ], [ 78.4142193, 17.4769766 ] ] ] } },
{ "type": "Feature", "properties": { "cn": 82, "tags": { "addr:city": "Nanakramguda", "addr:housenumber": "148/2E", "addr:postcode": "500032", "building": "yes", "building:levels": "32", "landuse": "residential", "name": "Sumadhura Acropolis", "residential": "apartments", "source": "microsoft/BuildingFootprints" } }, "geometry": { "type": "Polygon", "coordinates": [ [ [ 78.3516419, 17.4223241 ], [ 78.351763, 17.4223098 ], [ 78.3517855, 17.4223715 ], [ 78.3519025, 17.4223656 ], [ 78.3519026, 17.4224184 ], [ 78.3520274, 17.4224069 ], [ 78.3520345, 17.422551 ], [ 78.3518648, 17.4225974 ], [ 78.3517197, 17.4225978 ], [ 78.3517225, 17.4226283 ], [ 78.3511734, 17.4226431 ], [ 78.3511778, 17.4225314 ], [ 78.3510496, 17.422549 ], [ 78.351049, 17.4225924 ], [ 78.3511046, 17.4226174 ], [ 78.3511015, 17.4226695 ], [ 78.3510167, 17.4227004 ], [ 78.3505083, 17.4227152 ], [ 78.3503719, 17.4227164 ], [ 78.3503611, 17.4225993 ], [ 78.3504689, 17.4225915 ], [ 78.3504695, 17.4225523 ], [ 78.3504993, 17.4225507 ], [ 78.350504, 17.4225217 ], [ 78.3505847, 17.4225113 ], [ 78.3505842, 17.4224478 ], [ 78.3507449, 17.4223858 ], [ 78.3507491, 17.4223727 ], [ 78.3508725, 17.4223641 ], [ 78.3508848, 17.4223394 ], [ 78.3509818, 17.4223351 ], [ 78.3511019, 17.4223282 ], [ 78.3511032, 17.4223612 ], [ 78.3511201, 17.4223616 ], [ 78.3511209, 17.4223401 ], [ 78.3512317, 17.4223357 ], [ 78.3512324, 17.4223642 ], [ 78.3512671, 17.42236 ], [ 78.3512716, 17.4223354 ], [ 78.351409, 17.422321 ], [ 78.3514208, 17.4223016 ], [ 78.3516327, 17.4222888 ], [ 78.3516419, 17.4223241 ] ] ] } },
{ "type": "Feature", "properties": { "cn": 65, "tags": { "leisure": "garden" } }, "geometry": { "type": "Polygon", "coordinates": [ [ [ 78.3469603, 17.4232361 ], [ 78.3472023, 17.4231454 ], [ 78.3473503, 17.4230041 ], [ 78.3474507, 17.4228846 ], [ 78.3474151, 17.4228062 ], [ 78.346876, 17.423032 ], [ 78.3469603, 17.4232361 ] ] ] } },
{ "type": "Feature", "properties": { "cn": 65, "tags": { "leisure": "garden" } }, "geometry": { "type": "Polygon", "coordinates": [ [ [ 78.3474795, 17.4227755 ], [ 78.3475451, 17.4227494 ], [ 78.3474355, 17.422498 ], [ 78.3473699, 17.422524 ], [ 78.3474795, 17.4227755 ] ] ] } },
{ "type": "Feature", "properties": { "cn": 82, "tags": { "landuse": "residential" } }, "geometry": { "type": "Polygon", "coordinates": [ [ [ 78.4399077, 17.4305612 ], [ 78.4399003, 17.4305218 ], [ 78.4399454, 17.4305135 ], [ 78.4399528, 17.4305653 ], [ 78.4399077, 17.4305612 ] ] ] } },
{ "type": "Feature", "properties": { "cn": 82, "tags": { "landuse": "residential" } }, "geometry": { "type": "Polygon", "coordinates": [ [ [ 78.3573421, 17.5005705 ], [ 78.3573128, 17.5004245 ], [ 78.357391, 17.5004293 ], [ 78.3573845, 17.500558 ], [ 78.3573421, 17.5005705 ] ] ] } },
{ "type": "Feature", "properties": { "cn": 82, "tags": { "landuse": "residential" } }, "geometry": { "type": "Polygon", "coordinates": [ [ [ 78.4167836, 17.4877311 ], [ 78.4167862, 17.4876742 ], [ 78.4169587, 17.4876851 ], [ 78.4169486, 17.4877408 ], [ 78.4167836, 17.4877311 ] ] ] } },
{ "type": "Feature", "properties": { "cn": 82, "tags": { "landuse": "residential" } }, "geometry": { "type": "Polygon", "coordinates": [ [ [ 78.4169625, 17.4877952 ], [ 78.4169625, 17.487748 ], [ 78.4171072, 17.487748 ], [ 78.4171034, 17.4877989 ], [ 78.4169625, 17.4877952 ] ] ] } },
{ "type": "Feature", "properties": { "cn": 82, "tags": { "landuse": "residential" } }, "geometry": { "type": "Polygon", "coordinates": [ [ [ 78.4167887, 17.4876621 ], [ 78.4167887, 17.4876307 ], [ 78.4169613, 17.4876331 ], [ 78.4169549, 17.4876706 ], [ 78.4167887, 17.4876621 ] ] ] } },
{ "type": "Feature", "properties": { "cn": 82, "tags": { "landuse": "residential" } }, "geometry": { "type": "Polygon", "coordinates": [ [ [ 78.4169613, 17.4877226 ], [ 78.4169663, 17.4876948 ], [ 78.417111, 17.4876972 ], [ 78.4171097, 17.4877287 ], [ 78.4169613, 17.4877226 ] ] ] } },
{ "type": "Feature", "properties": { "cn": 82, "tags": { "landuse": "residential" } }, "geometry": { "type": "Polygon", "coordinates": [ [ [ 78.4167874, 17.487604 ], [ 78.41679, 17.4875242 ], [ 78.4168471, 17.4875254 ], [ 78.4168471, 17.4876077 ], [ 78.4167874, 17.487604 ] ] ] } },
{ "type": "Feature", "properties": { "cn": 82, "tags": { "landuse": "residential" } }, "geometry": { "type": "Polygon", "coordinates": [ [ [ 78.41679, 17.487506 ], [ 78.4167912, 17.4874758 ], [ 78.4170133, 17.4874697 ], [ 78.4170069, 17.4875181 ], [ 78.41679, 17.487506 ] ] ] } },
{ "type": "Feature", "properties": { "cn": 82, "tags": { "landuse": "residential" } }, "geometry": { "type": "Polygon", "coordinates": [ [ [ 78.4169784, 17.487118 ], [ 78.4169888, 17.4869307 ], [ 78.4170578, 17.4869247 ], [ 78.4170599, 17.487126 ], [ 78.4169784, 17.487118 ] ] ] } },
{ "type": "Feature", "properties": { "cn": 82, "tags": { "landuse": "residential" } }, "geometry": { "type": "Polygon", "coordinates": [ [ [ 78.4170599, 17.487126 ], [ 78.4170808, 17.487116 ], [ 78.4170808, 17.4869067 ], [ 78.417133, 17.4869067 ], [ 78.4171435, 17.487122 ], [ 78.4170599, 17.487126 ] ] ] } },
{ "type": "Feature", "properties": { "cn": 82, "tags": { "landuse": "residential" } }, "geometry": { "type": "Polygon", "coordinates": [ [ [ 78.4169721, 17.4872456 ], [ 78.4169742, 17.4872057 ], [ 78.4171414, 17.4872057 ], [ 78.4171435, 17.4872536 ], [ 78.4169721, 17.4872456 ] ] ] } },
{ "type": "Feature", "properties": { "cn": 82, "tags": { "landuse": "residential" } }, "geometry": { "type": "Polygon", "coordinates": [ [ [ 78.4169763, 17.4871858 ], [ 78.4169742, 17.4871539 ], [ 78.4171518, 17.4871479 ], [ 78.4171497, 17.4871938 ], [ 78.4169763, 17.4871858 ] ] ] } },
{ "type": "Feature", "properties": { "cn": 82, "tags": { "landuse": "residential" } }, "geometry": { "type": "Polygon", "coordinates": [ [ [ 78.4165308, 17.4885504 ], [ 78.4165332, 17.488435 ], [ 78.4166443, 17.488435 ], [ 78.4166394, 17.4885433 ], [ 78.4165308, 17.4885504 ] ] ] } },
{ "type": "Feature", "properties": { "cn": 82, "tags": { "landuse": "residential" } }, "geometry": { "type": "Polygon", "coordinates": [ [ [ 78.4136207, 17.4883452 ], [ 78.4135956, 17.4882734 ], [ 78.4138338, 17.4882116 ], [ 78.4138631, 17.4883133 ], [ 78.4136207, 17.4883452 ] ] ] } },
{ "type": "Feature", "properties": { "cn": 82, "tags": { "landuse": "residential" } }, "geometry": { "type": "Polygon", "coordinates": [ [ [ 78.4136416, 17.4882196 ], [ 78.4136248, 17.4881638 ], [ 78.4138234, 17.488102 ], [ 78.4138401, 17.4881678 ], [ 78.4136416, 17.4882196 ] ] ] } },
{ "type": "Feature", "properties": { "cn": 82, "tags": { "landuse": "residential" } }, "geometry": { "type": "Polygon", "coordinates": [ [ [ 78.4131429, 17.4893784 ], [ 78.4130934, 17.4892184 ], [ 78.4133512, 17.4891698 ], [ 78.4133976, 17.4893256 ], [ 78.4131429, 17.4893784 ] ] ] } },
{ "type": "Feature", "properties": { "cn": 82, "tags": { "landuse": "residential" } }, "geometry": { "type": "Polygon", "coordinates": [ [ [ 78.4128777, 17.4894442 ], [ 78.4128417, 17.4893284 ], [ 78.4129061, 17.4893098 ], [ 78.4129541, 17.4894328 ], [ 78.4128777, 17.4894442 ] ] ] } },
{ "type": "Feature", "properties": { "cn": 82, "tags": { "landuse": "residential" } }, "geometry": { "type": "Polygon", "coordinates": [ [ [ 78.4125987, 17.4827597 ], [ 78.4125676, 17.4826408 ], [ 78.4126396, 17.4826008 ], [ 78.4126901, 17.4827361 ], [ 78.4125987, 17.4827597 ] ] ] } },
{ "type": "Feature", "properties": { "cn": 82, "tags": { "landuse": "residential" } }, "geometry": { "type": "Polygon", "coordinates": [ [ [ 78.4125568, 17.4826162 ], [ 78.41253, 17.4825383 ], [ 78.4125955, 17.4825096 ], [ 78.4126245, 17.4825916 ], [ 78.4125568, 17.4826162 ] ] ] } },
{ "type": "Feature", "properties": { "cn": 82, "tags": { "landuse": "residential" } }, "geometry": { "type": "Polygon", "coordinates": [ [ [ 78.4100757, 17.4819156 ], [ 78.4100564, 17.4818445 ], [ 78.4102154, 17.4817992 ], [ 78.4102397, 17.4818724 ], [ 78.4100757, 17.4819156 ] ] ] } },
{ "type": "Feature", "properties": { "cn": 82, "tags": { "landuse": "residential" } }, "geometry": { "type": "Polygon", "coordinates": [ [ [ 78.410746, 17.4805047 ], [ 78.4107346, 17.4804224 ], [ 78.4108526, 17.4803837 ], [ 78.4108869, 17.4804684 ], [ 78.410746, 17.4805047 ] ] ] } },
{ "type": "Feature", "properties": { "cn": 82, "tags": { "landuse": "residential" } }, "geometry": { "type": "Polygon", "coordinates": [ [ [ 78.4134222, 17.4864309 ], [ 78.4133778, 17.486328 ], [ 78.413539, 17.4862857 ], [ 78.4135605, 17.4863764 ], [ 78.4134222, 17.4864309 ] ] ] } },
{ "type": "Feature", "properties": { "cn": 92, "tags": { "landuse": "commercial", "name": "Pheonix Avance Business Park" } }, "geometry": { "type": "Polygon", "coordinates": [ [ [ 78.3720662, 17.4461932 ], [ 78.3723504, 17.4470994 ], [ 78.3737081, 17.4466856 ], [ 78.374481, 17.4468197 ], [ 78.374457, 17.4470442 ], [ 78.3736612, 17.4469812 ], [ 78.3732154, 17.448005 ], [ 78.3727096, 17.448593 ], [ 78.3720906, 17.4477002 ], [ 78.3719718, 17.44755 ], [ 78.3707558, 17.4486493 ], [ 78.370112, 17.4480271 ], [ 78.370322, 17.4478189 ], [ 78.3697306, 17.4472257 ], [ 78.3696615, 17.4471598 ], [ 78.3690563, 17.4475974 ], [ 78.3687192, 17.4473127 ], [ 78.3690066, 17.4470622 ], [ 78.3686197, 17.4467406 ], [ 78.3687275, 17.4466536 ], [ 78.3677078, 17.4455806 ], [ 78.3681278, 17.4449954 ], [ 78.3697261, 17.446586 ], [ 78.370453, 17.4462291 ], [ 78.3701678, 17.4454542 ], [ 78.3708353, 17.4451987 ], [ 78.370952, 17.44552 ], [ 78.3715619, 17.4452593 ], [ 78.3717772, 17.446008 ], [ 78.3719589, 17.4462198 ], [ 78.3720662, 17.4461932 ] ] ] } },
{ "type": "Feature", "properties": { "cn": 82, "tags": { "landuse": "residential", "residential": "apartments" } }, "geometry": { "type": "Polygon", "coordinates": [ [ [ 78.3670797, 17.4486668 ], [ 78.3666719, 17.4483751 ], [ 78.3686197, 17.4467406 ], [ 78.3690066, 17.4470622 ], [ 78.3670797, 17.4486668 ] ] ] } },
{ "type": "Feature", "properties": { "cn": 92, "tags": { "landuse": "commercial" } }, "geometry": { "type": "Polygon", "coordinates": [ [ [ 78.3722012, 17.4503957 ], [ 78.3725857, 17.4500573 ], [ 78.3720381, 17.4494628 ], [ 78.3716088, 17.4498379 ], [ 78.3722012, 17.4503957 ] ] ] } },
{ "type": "Feature", "properties": { "cn": 92, "tags": { "landuse": "commercial" } }, "geometry": { "type": "Polygon", "coordinates": [ [ [ 78.3725857, 17.4500573 ], [ 78.3731295, 17.449536 ], [ 78.3724295, 17.4489186 ], [ 78.3719807, 17.4493881 ], [ 78.3720381, 17.4494628 ], [ 78.3725857, 17.4500573 ] ] ] } },
{ "type": "Feature", "properties": { "cn": 92, "tags": { "landuse": "commercial", "name": "Oracle" } }, "geometry": { "type": "Polygon", "coordinates": [ [ [ 78.3726695, 17.4504319 ], [ 78.373383, 17.4510818 ], [ 78.3736719, 17.4510869 ], [ 78.3742601, 17.4510767 ], [ 78.3742788, 17.4503398 ], [ 78.3753061, 17.450309 ], [ 78.3755878, 17.4500327 ], [ 78.3750621, 17.4494826 ], [ 78.374935, 17.4495929 ], [ 78.3747975, 17.4494413 ], [ 78.3742493, 17.4488378 ], [ 78.374083, 17.4488352 ], [ 78.3736539, 17.4493444 ], [ 78.3736137, 17.449393 ], [ 78.3732025, 17.4497958 ], [ 78.3731363, 17.4498648 ], [ 78.3726963, 17.450309 ], [ 78.3726695, 17.4504319 ] ] ] } },
{ "type": "Feature", "properties": { "cn": 92, "tags": { "landuse": "commercial" } }, "geometry": { "type": "Polygon", "coordinates": [ [ [ 78.3742601, 17.4510767 ], [ 78.3751856, 17.451045 ], [ 78.3753061, 17.450309 ], [ 78.3742788, 17.4503398 ], [ 78.3742601, 17.4510767 ] ] ] } },
{ "type": "Feature", "properties": { "cn": 92, "tags": { "landuse": "commercial" } }, "geometry": { "type": "Polygon", "coordinates": [ [ [ 78.3742415, 17.4486517 ], [ 78.3748983, 17.4493325 ], [ 78.3754806, 17.4489125 ], [ 78.3760203, 17.4488075 ], [ 78.377689, 17.4483028 ], [ 78.3773765, 17.4472359 ], [ 78.374696, 17.4480217 ], [ 78.3744723, 17.4481098 ], [ 78.3742415, 17.4486517 ] ] ] } },
{ "type": "Feature", "properties": { "cn": 92, "tags": { "landuse": "commercial" } }, "geometry": { "type": "Polygon", "coordinates": [ [ [ 78.377341, 17.4414565 ], [ 78.3774228, 17.4419967 ], [ 78.3784102, 17.4420384 ], [ 78.3782385, 17.4411943 ], [ 78.3776687, 17.4412241 ], [ 78.377341, 17.4414565 ] ] ] } },
{ "type": "Feature", "properties": { "cn": 92, "tags": { "landuse": "construction" } }, "geometry": { "type": "Polygon", "coordinates": [ [ [ 78.3748163, 17.4437342 ], [ 78.3759488, 17.4435259 ], [ 78.3757926, 17.4425017 ], [ 78.3746524, 17.4428141 ], [ 78.3748163, 17.4437342 ] ] ] } },
{ "type": "Feature", "properties": { "cn": 92, "tags": { "landuse": "commercial" } }, "geometry": { "type": "Polygon", "coordinates": [ [ [ 78.3713332, 17.4515978 ], [ 78.3724647, 17.4505756 ], [ 78.3731847, 17.4512339 ], [ 78.373189, 17.4527426 ], [ 78.3732061, 17.4536257 ], [ 78.3712989, 17.4538138 ], [ 78.371016, 17.4534744 ], [ 78.3710752, 17.4534497 ], [ 78.370986, 17.4528489 ], [ 78.3722847, 17.4528162 ], [ 78.3723983, 17.4527542 ], [ 78.3725109, 17.4526928 ], [ 78.3720414, 17.4520437 ], [ 78.3716004, 17.4517112 ], [ 78.3713332, 17.4515978 ] ] ] } },
{ "type": "Feature", "properties": { "cn": 92, "tags": { "landuse": "commercial" } }, "geometry": { "type": "Polygon", "coordinates": [ [ [ 78.3693802, 17.4518254 ], [ 78.3709222, 17.4538432 ], [ 78.3700079, 17.4542337 ], [ 78.3684341, 17.4520163 ], [ 78.3693802, 17.4518254 ] ] ] } },
{ "type": "Feature", "properties": { "cn": 65, "tags": { "natural": "scrub" } }, "geometry": { "type": "Polygon", "coordinates": [ [ [ 78.3353296, 17.4209427 ], [ 78.3367389, 17.420114 ], [ 78.3374974, 17.4212882 ], [ 78.3361048, 17.4221126 ], [ 78.3353296, 17.4209427 ] ] ] } },
{ "type": "Feature", "properties": { "cn": 92, "tags": { "landuse": "commercial", "name": "Franklin Templeton Park" } }, "geometry": { "type": "Polygon", "coordinates": [ [ [ 78.3363811, 17.4225705 ], [ 78.3340279, 17.4239543 ], [ 78.3329764, 17.4223266 ], [ 78.3353296, 17.4209427 ], [ 78.3361048, 17.4221126 ], [ 78.3363811, 17.4225705 ] ] ] } },
{ "type": "Feature", "properties": { "cn": 92, "tags": { "landuse": "construction" } }, "geometry": { "type": "Polygon", "coordinates": [ [ [ 78.3437219, 17.4221175 ], [ 78.3423981, 17.4227414 ], [ 78.3424142, 17.4224548 ], [ 78.3421996, 17.4221221 ], [ 78.3415541, 17.4222036 ], [ 78.3415125, 17.422037 ], [ 78.3413924, 17.4218388 ], [ 78.3416628, 17.4215144 ], [ 78.3414292, 17.4212875 ], [ 78.3412266, 17.4209945 ], [ 78.3408612, 17.4201873 ], [ 78.3426717, 17.4191048 ], [ 78.3431769, 17.4201776 ], [ 78.3424142, 17.4203997 ], [ 78.3427484, 17.4212792 ], [ 78.3429908, 17.4219171 ], [ 78.3437219, 17.4221175 ] ] ] } },
{ "type": "Feature", "properties": { "cn": 92, "tags": { "landuse": "commercial" } }, "geometry": { "type": "Polygon", "coordinates": [ [ [ 78.3441415, 17.4198751 ], [ 78.3432779, 17.4203921 ], [ 78.3431769, 17.4201776 ], [ 78.3426717, 17.4191048 ], [ 78.3433905, 17.4186876 ], [ 78.3441415, 17.4198751 ] ] ] } },
{ "type": "Feature", "properties": { "cn": 65, "tags": { "natural": "scrub" } }, "geometry": { "type": "Polygon", "coordinates": [ [ [ 78.3316022, 17.4206505 ], [ 78.3297408, 17.4215514 ], [ 78.3297408, 17.4173799 ], [ 78.330127, 17.4172519 ], [ 78.3316022, 17.4206505 ] ] ] } },
{ "type": "Feature", "properties": { "cn": 65, "tags": { "natural": "scrub" } }, "geometry": { "type": "Polygon", "coordinates": [ [ [ 78.3355397, 17.418378 ], [ 78.3347511, 17.4170881 ], [ 78.3345741, 17.4171854 ], [ 78.3329809, 17.4151175 ], [ 78.3324712, 17.4150919 ], [ 78.3324766, 17.4144163 ], [ 78.3297837, 17.4152608 ], [ 78.3297461, 17.4170779 ], [ 78.3332276, 17.4158751 ], [ 78.3333242, 17.4161156 ], [ 78.3303952, 17.4171342 ], [ 78.3318543, 17.4205431 ], [ 78.3355397, 17.418378 ] ] ] } },
{ "type": "Feature", "properties": { "cn": 92, "tags": { "landuse": "retail" } }, "geometry": { "type": "Polygon", "coordinates": [ [ [ 78.3475225, 17.4229039 ], [ 78.3478001, 17.4224496 ], [ 78.3478738, 17.4222628 ], [ 78.3479288, 17.4219378 ], [ 78.347214, 17.4221988 ], [ 78.3475225, 17.4229039 ] ] ] } },
{ "type": "Feature", "properties": { "cn": 92, "tags": { "landuse": "commercial" } }, "geometry": { "type": "Polygon", "coordinates": [ [ [ 78.3467959, 17.4233392 ], [ 78.3470061, 17.4233198 ], [ 78.3472261, 17.4232199 ], [ 78.3475225, 17.4229039 ], [ 78.347214, 17.4221988 ], [ 78.3464209, 17.4225273 ], [ 78.3467959, 17.4233392 ] ] ] } },
{ "type": "Feature", "properties": { "cn": 92, "tags": { "landuse": "construction" } }, "geometry": { "type": "Polygon", "coordinates": [ [ [ 78.342355, 17.42286 ], [ 78.3415667, 17.4232415 ], [ 78.3416582, 17.4234505 ], [ 78.3420333, 17.4244253 ], [ 78.3423888, 17.4242843 ], [ 78.342355, 17.42286 ] ] ] } },
{ "type": "Feature", "properties": { "cn": 92, "tags": { "landuse": "industrial" } }, "geometry": { "type": "Polygon", "coordinates": [ [ [ 78.3312133, 17.4231797 ], [ 78.3317324, 17.4228705 ], [ 78.3312639, 17.4221544 ], [ 78.3307447, 17.4224636 ], [ 78.3312133, 17.4231797 ] ] ] } },
{ "type": "Feature", "properties": { "cn": 92, "tags": { "landuse": "industrial" } }, "geometry": { "type": "Polygon", "coordinates": [ [ [ 78.3299323, 17.4239343 ], [ 78.3308083, 17.4234209 ], [ 78.3303398, 17.4227048 ], [ 78.3298078, 17.4230136 ], [ 78.3299323, 17.4239343 ] ] ] } },
{ "type": "Feature", "properties": { "cn": 65, "tags": { "natural": "scrub" } }, "geometry": { "type": "Polygon", "coordinates": [ [ [ 78.3332432, 17.4266847 ], [ 78.3311248, 17.4264982 ], [ 78.3311301, 17.4262909 ], [ 78.331157, 17.4261399 ], [ 78.331224, 17.4259608 ], [ 78.3313769, 17.4257688 ], [ 78.3322915, 17.4252135 ], [ 78.3332432, 17.4266847 ] ] ] } },
{ "type": "Feature", "properties": { "cn": 92, "tags": { "landuse": "commercial", "name": "Insurance Regulatory and Development Authority of India", "short_name": "IRDAI" } }, "geometry": { "type": "Polygon", "coordinates": [ [ [ 78.3330964, 17.4247385 ], [ 78.3339299, 17.4242383 ], [ 78.3349518, 17.4257884 ], [ 78.3349499, 17.4257896 ], [ 78.3342823, 17.4261903 ], [ 78.3341183, 17.4262886 ], [ 78.3330964, 17.4247385 ] ] ] } },
{ "type": "Feature", "properties": { "cn": 82, "tags": { "landuse": "residential" } }, "geometry": { "type": "Polygon", "coordinates": [ [ [ 78.394158, 17.4881303 ], [ 78.3946593, 17.4891256 ], [ 78.3951578, 17.4888971 ], [ 78.3946563, 17.4879019 ], [ 78.394158, 17.4881303 ] ] ] } },
{ "type": "Feature", "properties": { "cn": 82, "tags": { "landuse": "residential" } }, "geometry": { "type": "Polygon", "coordinates": [ [ [ 78.3998757, 17.4906265 ], [ 78.4005804, 17.4902996 ], [ 78.4004453, 17.4900347 ], [ 78.3997405, 17.4903614 ], [ 78.3998757, 17.4906265 ] ] ] } },
{ "type": "Feature", "properties": { "cn": 82, "tags": { "landuse": "residential" } }, "geometry": { "type": "Polygon", "coordinates": [ [ [ 78.399738, 17.4867137 ], [ 78.3995893, 17.4862558 ], [ 78.4008285, 17.4858925 ], [ 78.4008651, 17.4859995 ], [ 78.4008259, 17.4860816 ], [ 78.400866, 17.486175 ], [ 78.399738, 17.4867137 ] ] ] } },
{ "type": "Feature", "properties": { "cn": 70, "tags": { "landuse": "forest" } }, "geometry": { "type": "Polygon", "coordinates": [ [ [ 78.3489902, 17.4482677 ], [ 78.3486228, 17.4478298 ], [ 78.3489498, 17.4475451 ], [ 78.3490196, 17.4476081 ], [ 78.3494315, 17.4472334 ], [ 78.3494001, 17.4471895 ], [ 78.3510195, 17.4458248 ], [ 78.3511244, 17.4458286 ], [ 78.3512845, 17.4459767 ], [ 78.3507919, 17.4464628 ], [ 78.3502258, 17.4470474 ], [ 78.3496203, 17.4476315 ], [ 78.3489902, 17.4482677 ] ] ] } },
{ "type": "Feature", "properties": { "cn": 65, "tags": { "natural": "scrub" } }, "geometry": { "type": "Polygon", "coordinates": [ [ [ 78.3710448, 17.5008955 ], [ 78.3733995, 17.5008714 ], [ 78.3734342, 17.4981931 ], [ 78.3716085, 17.4981124 ], [ 78.3716204, 17.4971537 ], [ 78.3693906, 17.4971365 ], [ 78.3691458, 17.4996801 ], [ 78.3710363, 17.4996559 ], [ 78.3710448, 17.5008955 ] ] ] } },
{ "type": "Feature", "properties": { "cn": 65, "tags": { "leisure": "pitch", "sport": "basketball", "surface": "grass" } }, "geometry": { "type": "Polygon", "coordinates": [ [ [ 78.3358352, 17.4941204 ], [ 78.3359577, 17.4941225 ], [ 78.3359615, 17.4939255 ], [ 78.3358389, 17.4939234 ], [ 78.3358352, 17.4941204 ] ] ] } },
{ "type": "Feature", "properties": { "cn": 82, "tags": { "landuse": "yes", "name": "Kaloji chourasta" } }, "geometry": { "type": "Polygon", "coordinates": [ [ [ 78.3333481, 17.4428751 ], [ 78.3333472, 17.4428789 ], [ 78.3333451, 17.4428822 ], [ 78.3333419, 17.4428846 ], [ 78.333338, 17.4428858 ], [ 78.333334, 17.4428858 ], [ 78.3333301, 17.4428844 ], [ 78.3333272, 17.4428821 ], [ 78.3333252, 17.4428791 ], [ 78.3333242, 17.4428755 ], [ 78.3333245, 17.4428719 ], [ 78.333326, 17.4428686 ], [ 78.3333285, 17.4428658 ], [ 78.3333318, 17.442864 ], [ 78.3333355, 17.4428632 ], [ 78.3333393, 17.4428636 ], [ 78.3333428, 17.4428651 ], [ 78.3333457, 17.4428678 ], [ 78.3333476, 17.4428712 ], [ 78.3333481, 17.4428751 ] ] ] } },
{ "type": "Feature", "properties": { "cn": 82, "tags": { "landuse": "yes", "name": "GHMC PARK" } }, "geometry": { "type": "Polygon", "coordinates": [ [ [ 78.3309883, 17.443639 ], [ 78.3309538, 17.4437829 ], [ 78.3306406, 17.4437321 ], [ 78.3309883, 17.443639 ] ] ] } },
{ "type": "Feature", "properties": { "cn": 65, "tags": { "access": "private", "leisure": "playground", "surface": "grass" } }, "geometry": { "type": "Polygon", "coordinates": [ [ [ 78.3839722, 17.4546026 ], [ 78.3845227, 17.4543723 ], [ 78.3842034, 17.4536779 ], [ 78.383653, 17.4539082 ], [ 78.3839722, 17.4546026 ] ] ] } },
{ "type": "Feature", "properties": { "cn": 65, "tags": { "leisure": "pitch", "sport": "skateboard" } }, "geometry": { "type": "Polygon", "coordinates": [ [ [ 78.3844355, 17.4548954 ], [ 78.3845193, 17.4550595 ], [ 78.3845754, 17.4550905 ], [ 78.3846548, 17.4550825 ], [ 78.3846923, 17.4550419 ], [ 78.3847071, 17.4549796 ], [ 78.384612, 17.4548048 ], [ 78.3845533, 17.4547704 ], [ 78.384481, 17.4547835 ], [ 78.3844346, 17.4548441 ], [ 78.3844355, 17.4548954 ] ] ] } },
{ "type": "Feature", "properties": { "cn": 65, "tags": { "leisure": "pitch", "sport": "soccer" } }, "geometry": { "type": "Polygon", "coordinates": [ [ [ 78.3846596, 17.4547854 ], [ 78.3847795, 17.4550185 ], [ 78.3849198, 17.4549559 ], [ 78.3848066, 17.4547141 ], [ 78.3846596, 17.4547854 ] ] ] } },
{ "type": "Feature", "properties": { "cn": 65, "tags": { "leisure": "pitch", "sport": "tennis" } }, "geometry": { "type": "Polygon", "coordinates": [ [ [ 78.3850193, 17.4551631 ], [ 78.3851392, 17.4554178 ], [ 78.3853112, 17.4553466 ], [ 78.3851935, 17.4550832 ], [ 78.3850193, 17.4551631 ] ] ] } },
{ "type": "Feature", "properties": { "cn": 65, "tags": { "access": "yes", "leisure": "park", "name": "Swami Vivekananda Park", "name:etymology:wikidata": "Q47478", "opening_hours": "Mo-Su 07:00-19:00" } }, "geometry": { "type": "Polygon", "coordinates": [ [ [ 78.3927055, 17.4522537 ], [ 78.3935262, 17.4522039 ], [ 78.3935575, 17.4526277 ], [ 78.3932099, 17.4526701 ], [ 78.3931524, 17.4526078 ], [ 78.3930505, 17.4525779 ], [ 78.392912, 17.4525529 ], [ 78.3927212, 17.4524981 ], [ 78.3927055, 17.4522537 ] ] ] } },
{ "type": "Feature", "properties": { "cn": 65, "tags": { "leisure": "pitch", "sport": "soccer" } }, "geometry": { "type": "Polygon", "coordinates": [ [ [ 78.3852845, 17.453421 ], [ 78.3856127, 17.4533931 ], [ 78.3855939, 17.4531912 ], [ 78.3852656, 17.453219 ], [ 78.3852845, 17.453421 ] ] ] } },
{ "type": "Feature", "properties": { "cn": 65, "tags": { "leisure": "pitch", "sport": "volleyball" } }, "geometry": { "type": "Polygon", "coordinates": [ [ [ 78.3849714, 17.4531494 ], [ 78.3852869, 17.4531263 ], [ 78.3852687, 17.4529257 ], [ 78.3849411, 17.4529546 ], [ 78.3849714, 17.4531494 ] ] ] } },
{ "type": "Feature", "properties": { "cn": 65, "tags": { "leisure": "pitch", "sport": "soccer" } }, "geometry": { "type": "Polygon", "coordinates": [ [ [ 78.3849391, 17.4529353 ], [ 78.3852263, 17.4529083 ], [ 78.3852121, 17.4527501 ], [ 78.3849168, 17.4527752 ], [ 78.3849391, 17.4529353 ] ] ] } },
{ "type": "Feature", "properties": { "cn": 65, "tags": { "landuse": "grass" } }, "geometry": { "type": "Polygon", "coordinates": [ [ [ 78.3862152, 17.4544652 ], [ 78.3870585, 17.4542703 ], [ 78.3869129, 17.4540543 ], [ 78.3865307, 17.4541102 ], [ 78.3865064, 17.4538613 ], [ 78.3861586, 17.4538922 ], [ 78.3862152, 17.4544652 ] ] ] } },
{ "type": "Feature", "properties": { "cn": 65, "tags": { "landuse": "grass" } }, "geometry": { "type": "Polygon", "coordinates": [ [ [ 78.3861424, 17.453599 ], [ 78.3867996, 17.453543 ], [ 78.3867693, 17.4531475 ], [ 78.3872365, 17.4531109 ], [ 78.3871434, 17.4525359 ], [ 78.3860534, 17.4526228 ], [ 78.3861424, 17.453599 ] ] ] } },
{ "type": "Feature", "properties": { "cn": 65, "tags": { "landuse": "grass" } }, "geometry": { "type": "Polygon", "coordinates": [ [ [ 78.3874063, 17.4535025 ], [ 78.3876915, 17.4534485 ], [ 78.3874913, 17.4524684 ], [ 78.3872041, 17.4524935 ], [ 78.3874063, 17.4535025 ] ] ] } },
{ "type": "Feature", "properties": { "cn": 65, "tags": { "leisure": "pitch", "sport": "soccer" } }, "geometry": { "type": "Polygon", "coordinates": [ [ [ 78.3881953, 17.4537121 ], [ 78.3885088, 17.4536541 ], [ 78.388471, 17.4534679 ], [ 78.3881574, 17.4535259 ], [ 78.3881953, 17.4537121 ] ] ] } },
{ "type": "Feature", "properties": { "cn": 92, "tags": { "landuse": "garages" } }, "geometry": { "type": "Polygon", "coordinates": [ [ [ 78.3885887, 17.453006 ], [ 78.3887898, 17.4529784 ], [ 78.3888131, 17.4531555 ], [ 78.3886119, 17.453174 ], [ 78.3885887, 17.453006 ] ] ] } },
{ "type": "Feature", "properties": { "cn": 92, "tags": { "landuse": "garages" } }, "geometry": { "type": "Polygon", "coordinates": [ [ [ 78.39044, 17.4526159 ], [ 78.3907263, 17.4525845 ], [ 78.3907011, 17.4524018 ], [ 78.3904187, 17.4524111 ], [ 78.39044, 17.4526159 ] ] ] } },
{ "type": "Feature", "properties": { "cn": 92, "tags": { "landuse": "garages" } }, "geometry": { "type": "Polygon", "coordinates": [ [ [ 78.3908656, 17.4534409 ], [ 78.391148, 17.4534427 ], [ 78.391148, 17.4532803 ], [ 78.3908656, 17.4532803 ], [ 78.3908656, 17.4534409 ] ] ] } },
{ "type": "Feature", "properties": { "cn": 65, "tags": { "leisure": "pitch", "name": "Speed Football Academy", "sport": "soccer" } }, "geometry": { "type": "Polygon", "coordinates": [ [ [ 78.3968889, 17.4541184 ], [ 78.3972526, 17.4541479 ], [ 78.3972584, 17.4539523 ], [ 78.3968985, 17.4539172 ], [ 78.3968889, 17.4541184 ] ] ] } },
{ "type": "Feature", "properties": { "cn": 82, "tags": { "landuse": "residential", "name": "Fortune Indra Villae", "residential": "apartments" } }, "geometry": { "type": "Polygon", "coordinates": [ [ [ 78.3976542, 17.4540943 ], [ 78.3980566, 17.4539902 ], [ 78.3991446, 17.4539169 ], [ 78.3989141, 17.4533554 ], [ 78.3991224, 17.4532706 ], [ 78.3988716, 17.4526455 ], [ 78.3984045, 17.4527419 ], [ 78.3984267, 17.4528114 ], [ 78.398349, 17.4528422 ], [ 78.3983033, 17.4528596 ], [ 78.3982528, 17.4527767 ], [ 78.3977492, 17.4528828 ], [ 78.397278, 17.4530313 ], [ 78.3976542, 17.4540943 ] ] ] } },
{ "type": "Feature", "properties": { "cn": 65, "tags": { "natural": "grassland" } }, "geometry": { "type": "Polygon", "coordinates": [ [ [ 78.3958199, 17.4520642 ], [ 78.3966102, 17.4518559 ], [ 78.3972876, 17.4537408 ], [ 78.3965048, 17.4540639 ], [ 78.3962527, 17.453432 ], [ 78.3961209, 17.4534248 ], [ 78.3960532, 17.4528899 ], [ 78.3958199, 17.4520642 ] ] ] } },
{ "type": "Feature", "properties": { "cn": 65, "tags": { "landuse": "grass" } }, "geometry": { "type": "Polygon", "coordinates": [ [ [ 78.3840697, 17.4555924 ], [ 78.3841954, 17.4558601 ], [ 78.3846645, 17.4556597 ], [ 78.3845387, 17.4553919 ], [ 78.3840697, 17.4555924 ] ] ] } },
{ "type": "Feature", "properties": { "cn": 92, "tags": { "leisure": "sports_centre", "name": "Gamepoint Hitec", "sport": "badminton" } }, "geometry": { "type": "Polygon", "coordinates": [ [ [ 78.385949, 17.4552912 ], [ 78.385833, 17.454799 ], [ 78.385369, 17.4549658 ], [ 78.3854694, 17.4554184 ], [ 78.385949, 17.4552912 ] ] ] } },
{ "type": "Feature", "properties": { "cn": 92, "tags": { "leisure": "sports_centre", "name": "BSporty Sports and Fitness", "sport": "cricket;soccer;volleyball" } }, "geometry": { "type": "Polygon", "coordinates": [ [ [ 78.3856913, 17.4565856 ], [ 78.386305, 17.456593 ], [ 78.3862059, 17.4558864 ], [ 78.3858634, 17.4559499 ], [ 78.3859083, 17.4561672 ], [ 78.3857688, 17.4561998 ], [ 78.3858045, 17.456358 ], [ 78.3856418, 17.456386 ], [ 78.3856913, 17.4565856 ] ] ] } },
{ "type": "Feature", "properties": { "cn": 98, "tags": { "natural": "water" } }, "geometry": { "type": "Polygon", "coordinates": [ [ [ 78.3853488, 17.4615297 ], [ 78.3852685, 17.4610182 ], [ 78.3856441, 17.4609123 ], [ 78.385715, 17.4609912 ], [ 78.385748, 17.4611083 ], [ 78.3857527, 17.4612232 ], [ 78.3858331, 17.4611579 ], [ 78.3858661, 17.4610925 ], [ 78.385937, 17.4610971 ], [ 78.3860267, 17.4611894 ], [ 78.3860551, 17.4612908 ], [ 78.3860645, 17.4613764 ], [ 78.3859819, 17.4614485 ], [ 78.3858945, 17.4614733 ], [ 78.3858189, 17.461381 ], [ 78.3856346, 17.4614801 ], [ 78.3855425, 17.4615026 ], [ 78.3854858, 17.4615837 ], [ 78.3854008, 17.4616085 ], [ 78.3853488, 17.4615297 ] ] ] } },
{ "type": "Feature", "properties": { "cn": 65, "tags": { "leisure": "pitch", "name": "Ramnaidu Cricket Academy", "sport": "cricket" } }, "geometry": { "type": "Polygon", "coordinates": [ [ [ 78.3880161, 17.4582936 ], [ 78.3892034, 17.4583059 ], [ 78.3891802, 17.4590323 ], [ 78.3886639, 17.4593869 ], [ 78.3879773, 17.4593746 ], [ 78.3880161, 17.4582936 ] ] ] } },
{ "type": "Feature", "properties": { "cn": 92, "tags": { "leisure": "sports_centre", "sport": "soccer" } }, "geometry": { "type": "Polygon", "coordinates": [ [ [ 78.3897955, 17.4613711 ], [ 78.3900452, 17.4612858 ], [ 78.3901556, 17.4615417 ], [ 78.3899047, 17.4616326 ], [ 78.3897955, 17.4613711 ] ] ] } },
{ "type": "Feature", "properties": { "cn": 65, "tags": { "leisure": "pitch", "sport": "soccer" } }, "geometry": { "type": "Polygon", "coordinates": [ [ [ 78.3926295, 17.4546994 ], [ 78.3927923, 17.45469 ], [ 78.3928103, 17.4549252 ], [ 78.3926484, 17.454932 ], [ 78.3926295, 17.4546994 ] ] ] } },
{ "type": "Feature", "properties": { "cn": 65, "tags": { "leisure": "pitch", "sport": "volleyball" } }, "geometry": { "type": "Polygon", "coordinates": [ [ [ 78.3925195, 17.4549193 ], [ 78.3926308, 17.4549164 ], [ 78.3926253, 17.4547238 ], [ 78.392514, 17.4547267 ], [ 78.3925195, 17.4549193 ] ] ] } },
{ "type": "Feature", "properties": { "cn": 65, "tags": { "natural": "heath" } }, "geometry": { "type": "Polygon", "coordinates": [ [ [ 78.3961484, 17.4596548 ], [ 78.3947058, 17.4602021 ], [ 78.3955277, 17.4619837 ], [ 78.3969553, 17.4613037 ], [ 78.3961484, 17.4596548 ] ] ] } },
{ "type": "Feature", "properties": { "cn": 82, "tags": { "landuse": "residential", "name": "Vishnu Vistara" } }, "geometry": { "type": "Polygon", "coordinates": [ [ [ 78.3912638, 17.4613877 ], [ 78.3920524, 17.4611242 ], [ 78.3921275, 17.4613212 ], [ 78.3919934, 17.4623907 ], [ 78.3922402, 17.4625186 ], [ 78.3911646, 17.4625468 ], [ 78.3913336, 17.4617536 ], [ 78.3912638, 17.4613877 ] ] ] } },
{ "type": "Feature", "properties": { "cn": 65, "tags": { "access": "private", "leisure": "pitch", "sport": "basketball;soccer;tennis" } }, "geometry": { "type": "Polygon", "coordinates": [ [ [ 78.3917193, 17.4623443 ], [ 78.3918765, 17.4623728 ], [ 78.3919402, 17.4620533 ], [ 78.391783, 17.4620248 ], [ 78.3917193, 17.4623443 ] ] ] } },
{ "type": "Feature", "properties": { "cn": 98, "tags": { "access": "private", "leisure": "swimming_pool", "location": "outdoor" } }, "geometry": { "type": "Polygon", "coordinates": [ [ [ 78.391453, 17.4617803 ], [ 78.3915231, 17.4617939 ], [ 78.3915579, 17.4616307 ], [ 78.3914877, 17.4616171 ], [ 78.391453, 17.4617803 ] ] ] } },
{ "type": "Feature", "properties": { "cn": 92, "tags": { "access": "private", "building": "yes", "leisure": "sports_centre" } }, "geometry": { "type": "Polygon", "coordinates": [ [ [ 78.391561, 17.4615852 ], [ 78.3913853, 17.4616601 ], [ 78.3913678, 17.4615418 ], [ 78.391343, 17.4614767 ], [ 78.3916168, 17.4613703 ], [ 78.391561, 17.4615852 ] ] ] } },
{ "type": "Feature", "properties": { "cn": 82, "tags": { "landuse": "residential" } }, "geometry": { "type": "Polygon", "coordinates": [ [ [ 78.3939444, 17.4655437 ], [ 78.3935554, 17.464575 ], [ 78.3929857, 17.4647589 ], [ 78.3928532, 17.4650363 ], [ 78.3927929, 17.4652169 ], [ 78.3927843, 17.4654419 ], [ 78.3928308, 17.4655223 ], [ 78.3929685, 17.4658277 ], [ 78.3930701, 17.4657932 ], [ 78.3930769, 17.4658146 ], [ 78.3936226, 17.4656553 ], [ 78.3936578, 17.4656431 ], [ 78.3939444, 17.4655437 ] ] ] } },
{ "type": "Feature", "properties": { "cn": 65, "tags": { "natural": "scrub" } }, "geometry": { "type": "Polygon", "coordinates": [ [ [ 78.3901634, 17.4723684 ], [ 78.390404, 17.472921 ], [ 78.3901395, 17.4730487 ], [ 78.390218, 17.4732094 ], [ 78.3899421, 17.4733553 ], [ 78.3901594, 17.4737545 ], [ 78.3898271, 17.4739126 ], [ 78.3899074, 17.4740502 ], [ 78.390251, 17.4739133 ], [ 78.3903379, 17.4740823 ], [ 78.3901157, 17.4741771 ], [ 78.3902323, 17.4744029 ], [ 78.3908977, 17.4741041 ], [ 78.3924534, 17.4734283 ], [ 78.3921571, 17.4727954 ], [ 78.3922473, 17.4727708 ], [ 78.3920081, 17.472273 ], [ 78.3924351, 17.47209 ], [ 78.3924198, 17.4720459 ], [ 78.3924927, 17.4720133 ], [ 78.3924553, 17.4719545 ], [ 78.3918664, 17.4722249 ], [ 78.3913583, 17.4723653 ], [ 78.3912649, 17.472224 ], [ 78.3910588, 17.4722854 ], [ 78.3909364, 17.4720212 ], [ 78.3901634, 17.4723684 ] ] ] } },
{ "type": "Feature", "properties": { "cn": 65, "tags": { "natural": "heath" } }, "geometry": { "type": "Polygon", "coordinates": [ [ [ 78.3975646, 17.4528273 ], [ 78.3983193, 17.4526833 ], [ 78.3988093, 17.4525437 ], [ 78.3983193, 17.4514273 ], [ 78.3967612, 17.4515469 ], [ 78.3969771, 17.452145 ], [ 78.3971954, 17.452083 ], [ 78.3974439, 17.4525925 ], [ 78.3971583, 17.4526789 ], [ 78.3972465, 17.452927 ], [ 78.3975646, 17.4528273 ] ] ] } },
{ "type": "Feature", "properties": { "cn": 92, "tags": { "landuse": "construction" } }, "geometry": { "type": "Polygon", "coordinates": [ [ [ 78.4226203, 17.477957 ], [ 78.4243906, 17.4771588 ], [ 78.4238192, 17.4760203 ], [ 78.422159, 17.4771127 ], [ 78.4226203, 17.477957 ] ] ] } },
{ "type": "Feature", "properties": { "cn": 92, "tags": { "landuse": "industrial", "name": "GOCL", "natural": "scrub", "old_name": "IDL Explosives", "website": "https://idlexplosives.com/" } }, "geometry": { "type": "Polygon", "coordinates": [ [ [ 78.3921692, 17.4703329 ], [ 78.3935988, 17.4696549 ], [ 78.3944383, 17.4692788 ], [ 78.3961871, 17.4688285 ], [ 78.398416, 17.4691534 ], [ 78.3986789, 17.470164 ], [ 78.3994192, 17.4701128 ], [ 78.4013987, 17.4690639 ], [ 78.4020129, 17.4693018 ], [ 78.4032977, 17.4693581 ], [ 78.403936, 17.4694067 ], [ 78.4053656, 17.4697419 ], [ 78.4063634, 17.470164 ], [ 78.4065995, 17.4701896 ], [ 78.4071212, 17.4701205 ], [ 78.407502, 17.4701538 ], [ 78.4084824, 17.4701103 ], [ 78.4095901, 17.4698301 ], [ 78.410486, 17.4696344 ], [ 78.4113336, 17.469509 ], [ 78.4120899, 17.4708215 ], [ 78.4124413, 17.4717042 ], [ 78.4130689, 17.4738891 ], [ 78.413136, 17.4743778 ], [ 78.4131119, 17.4746515 ], [ 78.412275, 17.4748383 ], [ 78.4126425, 17.4766113 ], [ 78.412444, 17.4770846 ], [ 78.4116071, 17.4774556 ], [ 78.4114489, 17.4778291 ], [ 78.410942, 17.4780721 ], [ 78.409861, 17.4782307 ], [ 78.4085226, 17.4782231 ], [ 78.4079856, 17.4801167 ], [ 78.4076105, 17.4805207 ], [ 78.4071566, 17.4806708 ], [ 78.4066483, 17.4811325 ], [ 78.4067815, 17.4814845 ], [ 78.4070538, 17.4815076 ], [ 78.4071893, 17.4817627 ], [ 78.4058278, 17.4828573 ], [ 78.4040976, 17.4838132 ], [ 78.4044311, 17.4854967 ], [ 78.4048532, 17.4853378 ], [ 78.4051768, 17.4860285 ], [ 78.4046066, 17.4863873 ], [ 78.4053378, 17.4881328 ], [ 78.4058499, 17.4891317 ], [ 78.4061216, 17.4896133 ], [ 78.4063964, 17.4901023 ], [ 78.4064649, 17.4902813 ], [ 78.4065485, 17.4904643 ], [ 78.4065998, 17.4906757 ], [ 78.4066058, 17.4910021 ], [ 78.4066065, 17.4911831 ], [ 78.4029919, 17.4929382 ], [ 78.4017152, 17.4890242 ], [ 78.4014094, 17.4875711 ], [ 78.4012967, 17.486993 ], [ 78.4008356, 17.4858679 ], [ 78.4005593, 17.4849853 ], [ 78.4005725, 17.4847366 ], [ 78.3994487, 17.4842914 ], [ 78.394323, 17.4825774 ], [ 78.3956641, 17.4780031 ], [ 78.3945751, 17.4746669 ], [ 78.3934325, 17.4724206 ], [ 78.3921692, 17.4703329 ] ] ] } },
{ "type": "Feature", "properties": { "cn": 92, "tags": { "landuse": "commercial" } }, "geometry": { "type": "Polygon", "coordinates": [ [ [ 78.335428, 17.4206985 ], [ 78.3366593, 17.4199606 ], [ 78.3363197, 17.4194066 ], [ 78.3358027, 17.4196888 ], [ 78.3354675, 17.4193586 ], [ 78.3348212, 17.419739 ], [ 78.335428, 17.4206985 ] ] ] } },
{ "type": "Feature", "properties": { "cn": 92, "tags": { "landuse": "commercial" } }, "geometry": { "type": "Polygon", "coordinates": [ [ [ 78.3273242, 17.4242144 ], [ 78.3298173, 17.4241433 ], [ 78.3296317, 17.4225044 ], [ 78.3275498, 17.4225359 ], [ 78.3275498, 17.4229351 ], [ 78.3269276, 17.4229372 ], [ 78.3273242, 17.4242144 ] ] ] } },
{ "type": "Feature", "properties": { "cn": 70, "tags": { "natural": "wood" } }, "geometry": { "type": "Polygon", "coordinates": [ [ [ 78.3602604, 17.4321568 ], [ 78.3602316, 17.4321513 ], [ 78.3601911, 17.4321311 ], [ 78.360168, 17.4320907 ], [ 78.3601468, 17.4320392 ], [ 78.3601122, 17.4320006 ], [ 78.3601006, 17.4319694 ], [ 78.360116, 17.4319216 ], [ 78.3601468, 17.4318849 ], [ 78.3601468, 17.4318334 ], [ 78.3601218, 17.431782 ], [ 78.3600833, 17.4317416 ], [ 78.360039, 17.4317269 ], [ 78.3600178, 17.4316901 ], [ 78.3600236, 17.4316442 ], [ 78.360039, 17.4316166 ], [ 78.3600332, 17.4315836 ], [ 78.3600043, 17.4315597 ], [ 78.3599966, 17.4315193 ], [ 78.3600159, 17.4314807 ], [ 78.3600563, 17.4314623 ], [ 78.3601083, 17.4314696 ], [ 78.360141, 17.4315046 ], [ 78.3601873, 17.4315082 ], [ 78.3602335, 17.4315395 ], [ 78.3602604, 17.4315781 ], [ 78.360299, 17.4316258 ], [ 78.3603567, 17.431635 ], [ 78.3603972, 17.4316221 ], [ 78.3604203, 17.4315817 ], [ 78.3604607, 17.4315597 ], [ 78.360505, 17.4315615 ], [ 78.3605532, 17.4315891 ], [ 78.3605705, 17.4316221 ], [ 78.360609, 17.4316387 ], [ 78.3606648, 17.4316681 ], [ 78.360686, 17.4317085 ], [ 78.3606552, 17.4317783 ], [ 78.3606552, 17.4318243 ], [ 78.3606552, 17.4318867 ], [ 78.360634, 17.43194 ], [ 78.360582, 17.4319749 ], [ 78.3604973, 17.4320098 ], [ 78.3604453, 17.4320098 ], [ 78.3603933, 17.4320319 ], [ 78.3603721, 17.4320613 ], [ 78.3603432, 17.4321109 ], [ 78.3603067, 17.4321384 ], [ 78.3602604, 17.4321568 ] ] ] } },
{ "type": "Feature", "properties": { "cn": 65, "tags": { "leisure": "garden", "wheelchair": "yes" } }, "geometry": { "type": "Polygon", "coordinates": [ [ [ 78.3465054, 17.4196158 ], [ 78.3468219, 17.4201149 ], [ 78.3467763, 17.420143 ], [ 78.3467977, 17.4201814 ], [ 78.346213, 17.4205218 ], [ 78.3458751, 17.4206677 ], [ 78.345749, 17.4207368 ], [ 78.3455291, 17.4209185 ], [ 78.345462, 17.420985 ], [ 78.3453435, 17.4207982 ], [ 78.3463333, 17.4202172 ], [ 78.3461049, 17.4198524 ], [ 78.3465054, 17.4196158 ] ] ] } },
{ "type": "Feature", "properties": { "cn": 65, "tags": { "landuse": "grass" } }, "geometry": { "type": "Polygon", "coordinates": [ [ [ 78.3557161, 17.4194716 ], [ 78.3556638, 17.4195562 ], [ 78.355659, 17.4196408 ], [ 78.3557303, 17.4197073 ], [ 78.3558317, 17.4197859 ], [ 78.3559267, 17.4198554 ], [ 78.3559742, 17.4199113 ], [ 78.3560265, 17.4200609 ], [ 78.3561136, 17.4201032 ], [ 78.3562435, 17.4202105 ], [ 78.3563559, 17.420404 ], [ 78.3561706, 17.4196559 ], [ 78.3561088, 17.4195638 ], [ 78.3560328, 17.4194806 ], [ 78.3559774, 17.4194398 ], [ 78.3558285, 17.4194232 ], [ 78.3557572, 17.4194413 ], [ 78.3557161, 17.4194716 ] ] ] } },
{ "type": "Feature", "properties": { "cn": 98, "tags": { "leisure": "swimming_pool" } }, "geometry": { "type": "Polygon", "coordinates": [ [ [ 78.3313561, 17.4242592 ], [ 78.3315547, 17.4241474 ], [ 78.3315812, 17.4241903 ], [ 78.3316195, 17.4241688 ], [ 78.3316455, 17.4242109 ], [ 78.3314875, 17.4242997 ], [ 78.3314608, 17.4242565 ], [ 78.3313819, 17.4243009 ], [ 78.3313561, 17.4242592 ] ] ] } },
{ "type": "Feature", "properties": { "cn": 85, "tags": { "natural": "stone" } }, "geometry": { "type": "Polygon", "coordinates": [ [ [ 78.3314682, 17.4238618 ], [ 78.331499, 17.423889 ], [ 78.3315252, 17.4239247 ], [ 78.3315581, 17.4239311 ], [ 78.3315814, 17.4238618 ], [ 78.3315784, 17.4238254 ], [ 78.3314413, 17.4238046 ], [ 78.33143, 17.4238304 ], [ 78.3314682, 17.4238618 ] ] ] } },
{ "type": "Feature", "properties": { "cn": 98, "tags": { "leisure": "swimming_pool" } }, "geometry": { "type": "Polygon", "coordinates": [ [ [ 78.3476064, 17.4248453 ], [ 78.3475939, 17.4247177 ], [ 78.3477859, 17.4247005 ], [ 78.3477975, 17.4247161 ], [ 78.3476064, 17.4248453 ] ] ] } },
{ "type": "Feature", "properties": { "cn": 65, "tags": { "leisure": "park" } }, "geometry": { "type": "Polygon", "coordinates": [ [ [ 78.3497519, 17.4835887 ], [ 78.349754, 17.4830288 ], [ 78.3501069, 17.4830299 ], [ 78.3501048, 17.4835899 ], [ 78.3497519, 17.4835887 ] ] ] } },
{ "type": "Feature", "properties": { "cn": 92, "tags": { "landuse": "industrial" } }, "geometry": { "type": "Polygon", "coordinates": [ [ [ 78.3598226, 17.4835124 ], [ 78.3598183, 17.483246 ], [ 78.3601449, 17.483287 ], [ 78.3601277, 17.483537 ], [ 78.3598226, 17.4835124 ] ] ] } },
{ "type": "Feature", "properties": { "cn": 92, "tags": { "landuse": "industrial" } }, "geometry": { "type": "Polygon", "coordinates": [ [ [ 78.3600534, 17.4845954 ], [ 78.3599634, 17.4843698 ], [ 78.3594612, 17.4845521 ], [ 78.3595512, 17.4847777 ], [ 78.3600534, 17.4845954 ] ] ] } },
{ "type": "Feature", "properties": { "cn": 98, "tags": { "natural": "water", "water": "pond" } }, "geometry": { "type": "Polygon", "coordinates": [ [ [ 78.4025616, 17.5124286 ], [ 78.402657, 17.5124999 ], [ 78.4027842, 17.512268 ], [ 78.4025654, 17.5121681 ], [ 78.4025616, 17.5124286 ] ] ] } },
{ "type": "Feature", "properties": { "cn": 92, "tags": { "landuse": "industrial" } }, "geometry": { "type": "Polygon", "coordinates": [ [ [ 78.3742419, 17.4827275 ], [ 78.3741541, 17.4823986 ], [ 78.3743903, 17.4823447 ], [ 78.3744175, 17.4824763 ], [ 78.3743401, 17.4824883 ], [ 78.3743548, 17.4825261 ], [ 78.3743234, 17.4825441 ], [ 78.3743464, 17.4826338 ], [ 78.3743046, 17.4826417 ], [ 78.3743255, 17.4827075 ], [ 78.3742419, 17.4827275 ] ] ] } },
{ "type": "Feature", "properties": { "cn": 92, "tags": { "landuse": "industrial" } }, "geometry": { "type": "Polygon", "coordinates": [ [ [ 78.37443, 17.4825919 ], [ 78.374593, 17.4825461 ], [ 78.3745721, 17.4824564 ], [ 78.3744049, 17.4825042 ], [ 78.37443, 17.4825919 ] ] ] } },
{ "type": "Feature", "properties": { "cn": 92, "tags": { "landuse": "industrial" } }, "geometry": { "type": "Polygon", "coordinates": [ [ [ 78.3748605, 17.482568 ], [ 78.374779, 17.482251 ], [ 78.3748542, 17.4822331 ], [ 78.3749148, 17.482552 ], [ 78.3748605, 17.482568 ] ] ] } },
{ "type": "Feature", "properties": { "cn": 92, "tags": { "landuse": "industrial" } }, "geometry": { "type": "Polygon", "coordinates": [ [ [ 78.3745617, 17.4824205 ], [ 78.3746118, 17.4824025 ], [ 78.3745909, 17.4822949 ], [ 78.3745324, 17.4823089 ], [ 78.3745617, 17.4824205 ] ] ] } },
{ "type": "Feature", "properties": { "cn": 92, "tags": { "landuse": "industrial" } }, "geometry": { "type": "Polygon", "coordinates": [ [ [ 78.3743485, 17.4831241 ], [ 78.374524, 17.4830683 ], [ 78.3744927, 17.4829148 ], [ 78.3743004, 17.4829647 ], [ 78.3743485, 17.4831241 ] ] ] } },
{ "type": "Feature", "properties": { "cn": 92, "tags": { "landuse": "industrial" } }, "geometry": { "type": "Polygon", "coordinates": [ [ [ 78.37457, 17.4829766 ], [ 78.3746975, 17.4829487 ], [ 78.3746829, 17.482877 ], [ 78.3745533, 17.4829069 ], [ 78.37457, 17.4829766 ] ] ] } },
{ "type": "Feature", "properties": { "cn": 92, "tags": { "landuse": "industrial" } }, "geometry": { "type": "Polygon", "coordinates": [ [ [ 78.3749295, 17.4827733 ], [ 78.3750131, 17.4827514 ], [ 78.3749838, 17.4826278 ], [ 78.374896, 17.4826557 ], [ 78.3749295, 17.4827733 ] ] ] } },
{ "type": "Feature", "properties": { "cn": 92, "tags": { "landuse": "industrial" } }, "geometry": { "type": "Polygon", "coordinates": [ [ [ 78.3747686, 17.4832378 ], [ 78.3747393, 17.4831062 ], [ 78.3748354, 17.4830843 ], [ 78.3748668, 17.4832158 ], [ 78.3747686, 17.4832378 ] ] ] } },
{ "type": "Feature", "properties": { "cn": 92, "tags": { "landuse": "industrial" } }, "geometry": { "type": "Polygon", "coordinates": [ [ [ 78.3749002, 17.4832079 ], [ 78.3749922, 17.4831859 ], [ 78.3749755, 17.4830982 ], [ 78.3749128, 17.4831142 ], [ 78.3749023, 17.4830763 ], [ 78.3748647, 17.4830883 ], [ 78.3749002, 17.4832079 ] ] ] } },
{ "type": "Feature", "properties": { "cn": 92, "tags": { "landuse": "industrial" } }, "geometry": { "type": "Polygon", "coordinates": [ [ [ 78.3744528, 17.4835253 ], [ 78.3744174, 17.4833785 ], [ 78.3745306, 17.4833498 ], [ 78.3745802, 17.4835034 ], [ 78.3744528, 17.4835253 ] ] ] } },
{ "type": "Feature", "properties": { "cn": 92, "tags": { "landuse": "industrial" } }, "geometry": { "type": "Polygon", "coordinates": [ [ [ 78.3755358, 17.4822493 ], [ 78.3755906, 17.4822375 ], [ 78.3755464, 17.4820704 ], [ 78.3754915, 17.4820856 ], [ 78.3755358, 17.4822493 ] ] ] } },
{ "type": "Feature", "properties": { "cn": 82, "tags": { "landuse": "residential", "name": "Prestige Ivy League" } }, "geometry": { "type": "Polygon", "coordinates": [ [ [ 78.3686006, 17.4586095 ], [ 78.3694401, 17.460334 ], [ 78.3705103, 17.460595 ], [ 78.3694509, 17.4584611 ], [ 78.3691445, 17.4585146 ], [ 78.3690615, 17.4585291 ], [ 78.3686006, 17.4586095 ] ] ] } },
{ "type": "Feature", "properties": { "cn": 65, "tags": { "leisure": "park", "name": "GHMC Play Park", "operator": "Greater Hyderabad Municipal Corporation", "operator:short": "GHMC", "operator:type": "government", "operator:wikidata": "Q5259597" } }, "geometry": { "type": "Polygon", "coordinates": [ [ [ 78.4384031, 17.5190061 ], [ 78.4396745, 17.5198271 ], [ 78.4398086, 17.519689 ], [ 78.4393352, 17.518969 ], [ 78.4395323, 17.5187196 ], [ 78.4384031, 17.5190061 ] ] ] } },
{ "type": "Feature", "properties": { "cn": 82, "tags": { "landuse": "residential", "name": "Arya's Fortune Nest Apartments", "operator": "Fortune Nest", "residential": "apartments" } }, "geometry": { "type": "Polygon", "coordinates": [ [ [ 78.3447987, 17.4656939 ], [ 78.3452462, 17.4655649 ], [ 78.3452864, 17.4656186 ], [ 78.345662, 17.4654677 ], [ 78.3455225, 17.4651632 ], [ 78.3451228, 17.4653193 ], [ 78.3449753, 17.4650122 ], [ 78.3446229, 17.4651827 ], [ 78.3446846, 17.4652838 ], [ 78.344745, 17.4654694 ], [ 78.3447691, 17.4655701 ], [ 78.3447987, 17.4656939 ] ] ] } },
{ "type": "Feature", "properties": { "cn": 92, "tags": { "landuse": "construction" } }, "geometry": { "type": "Polygon", "coordinates": [ [ [ 78.4393761, 17.4487175 ], [ 78.4381235, 17.4486459 ], [ 78.4385499, 17.4477528 ], [ 78.438971, 17.4477733 ], [ 78.4389549, 17.4481904 ], [ 78.4393895, 17.4482237 ], [ 78.4393761, 17.4487175 ] ] ] } },
{ "type": "Feature", "properties": { "cn": 98, "tags": { "access": "customers", "leisure": "swimming_pool", "location": "outdoor", "name": "Winz Pool" } }, "geometry": { "type": "Polygon", "coordinates": [ [ [ 78.3467843, 17.4214912 ], [ 78.3468055, 17.4214912 ], [ 78.3468214, 17.4214811 ], [ 78.3468267, 17.421466 ], [ 78.3468129, 17.4214488 ], [ 78.3467981, 17.4214296 ], [ 78.3467896, 17.4214154 ], [ 78.3467875, 17.4213942 ], [ 78.3467875, 17.4213669 ], [ 78.3467939, 17.4213538 ], [ 78.3467907, 17.4213366 ], [ 78.3467791, 17.4213265 ], [ 78.3467621, 17.4213265 ], [ 78.3467473, 17.4213397 ], [ 78.346743, 17.4213518 ], [ 78.3467293, 17.4213538 ], [ 78.3467113, 17.4213538 ], [ 78.3467081, 17.4213639 ], [ 78.3467134, 17.4213801 ], [ 78.3467155, 17.4213882 ], [ 78.3467092, 17.4213962 ], [ 78.3467092, 17.4214124 ], [ 78.346724, 17.4214245 ], [ 78.346743, 17.4214276 ], [ 78.3467558, 17.4214387 ], [ 78.3467621, 17.4214609 ], [ 78.3467632, 17.4214751 ], [ 78.3467727, 17.4214862 ], [ 78.3467843, 17.4214912 ] ] ] } },
{ "type": "Feature", "properties": { "cn": 65, "tags": { "garden:type": "community", "leisure": "garden" } }, "geometry": { "type": "Polygon", "coordinates": [ [ [ 78.3467301, 17.4221495 ], [ 78.3467544, 17.422128 ], [ 78.3468109, 17.4221033 ], [ 78.3468496, 17.4220956 ], [ 78.3468754, 17.4220463 ], [ 78.3469174, 17.4220109 ], [ 78.3469658, 17.4219909 ], [ 78.3470562, 17.4219924 ], [ 78.3470837, 17.4220032 ], [ 78.3471692, 17.4219632 ], [ 78.3470336, 17.4216259 ], [ 78.3469384, 17.4215904 ], [ 78.3469239, 17.4215596 ], [ 78.3466527, 17.4216875 ], [ 78.3466365, 17.4216921 ], [ 78.3465752, 17.4215643 ], [ 78.3465058, 17.4215843 ], [ 78.3465832, 17.421766 ], [ 78.3462297, 17.4218985 ], [ 78.346241, 17.4219293 ], [ 78.3465493, 17.4218384 ], [ 78.3466785, 17.4221788 ], [ 78.3467301, 17.4221495 ] ] ] } },
{ "type": "Feature", "properties": { "cn": 92, "tags": { "landuse": "retail", "name": "D Mart" } }, "geometry": { "type": "Polygon", "coordinates": [ [ [ 78.3582662, 17.4859171 ], [ 78.3584588, 17.4858365 ], [ 78.3581784, 17.4852128 ], [ 78.3579976, 17.4852789 ], [ 78.3582662, 17.4859171 ] ] ] } },
{ "type": "Feature", "properties": { "cn": 92, "tags": { "landuse": "commercial" } }, "geometry": { "type": "Polygon", "coordinates": [ [ [ 78.34849, 17.4938823 ], [ 78.3488115, 17.4938205 ], [ 78.3487443, 17.4935092 ], [ 78.3484129, 17.493578 ], [ 78.34849, 17.4938823 ] ] ] } },
{ "type": "Feature", "properties": { "cn": 82, "tags": { "landuse": "residential", "name": "Dolhpine Durga County", "residential": "apartments" } }, "geometry": { "type": "Polygon", "coordinates": [ [ [ 78.3364854, 17.4975703 ], [ 78.336773, 17.497562 ], [ 78.3370688, 17.4976678 ], [ 78.3376085, 17.4976732 ], [ 78.3378553, 17.4976105 ], [ 78.3379437, 17.4967713 ], [ 78.3364972, 17.4967338 ], [ 78.3364795, 17.4967623 ], [ 78.3364854, 17.4975703 ] ] ] } },
{ "type": "Feature", "properties": { "cn": 92, "tags": { "landuse": "commercial", "name": "Capegemini" } }, "geometry": { "type": "Polygon", "coordinates": [ [ [ 78.338015, 17.4216524 ], [ 78.3389363, 17.4211232 ], [ 78.3386901, 17.4205758 ], [ 78.3389115, 17.4201492 ], [ 78.3394584, 17.4197931 ], [ 78.3397535, 17.4197641 ], [ 78.3401286, 17.4203756 ], [ 78.340836, 17.4199419 ], [ 78.3398007, 17.418344 ], [ 78.3369196, 17.4199872 ], [ 78.338015, 17.4216524 ] ] ] } },
{ "type": "Feature", "properties": { "cn": 92, "tags": { "landuse": "commercial" } }, "geometry": { "type": "Polygon", "coordinates": [ [ [ 78.3389363, 17.4211232 ], [ 78.3401286, 17.4203756 ], [ 78.3397535, 17.4197641 ], [ 78.3394584, 17.4197931 ], [ 78.3389115, 17.4201492 ], [ 78.3386901, 17.4205758 ], [ 78.3389363, 17.4211232 ] ] ] } },
{ "type": "Feature", "properties": { "cn": 98, "tags": { "natural": "water", "water": "pond" } }, "geometry": { "type": "Polygon", "coordinates": [ [ [ 78.352386, 17.4387728 ], [ 78.3522101, 17.4382979 ], [ 78.3529375, 17.4380911 ], [ 78.3530941, 17.4385558 ], [ 78.352386, 17.4387728 ] ] ] } },
{ "type": "Feature", "properties": { "cn": 82, "tags": { "description": "Under construction gated community", "landuse": "residential", "name": "Jaitra by Pranav Praneeth", "residential": "gated_community", "source": "local knowledge", "website": "https://praneeth.com/praneethpranavjaitra/" } }, "geometry": { "type": "Polygon", "coordinates": [ [ [ 78.3698363, 17.4858632 ], [ 78.3706141, 17.4852185 ], [ 78.3706731, 17.4842822 ], [ 78.369965, 17.4842771 ], [ 78.3699058, 17.4842703 ], [ 78.369895, 17.4843994 ], [ 78.3698294, 17.4852167 ], [ 78.3698363, 17.4858632 ] ] ] } },
{ "type": "Feature", "properties": { "cn": 98, "tags": { "natural": "water", "water": "lake" } }, "geometry": { "type": "Polygon", "coordinates": [ [ [ 78.3225939, 17.4839163 ], [ 78.322557, 17.4838658 ], [ 78.322525, 17.483797 ], [ 78.3225105, 17.4836945 ], [ 78.3224961, 17.4835844 ], [ 78.322448, 17.4834987 ], [ 78.3224111, 17.4834238 ], [ 78.3223502, 17.4833549 ], [ 78.3223149, 17.4832677 ], [ 78.3222908, 17.4831913 ], [ 78.3222475, 17.483124 ], [ 78.3221609, 17.4830964 ], [ 78.3220872, 17.4831071 ], [ 78.3219877, 17.4831331 ], [ 78.3218835, 17.4831775 ], [ 78.3217841, 17.4831775 ], [ 78.321683, 17.4832203 ], [ 78.3216125, 17.483257 ], [ 78.321582, 17.4833136 ], [ 78.3215756, 17.4833978 ], [ 78.3215403, 17.4834742 ], [ 78.3215194, 17.4836027 ], [ 78.3215499, 17.4836945 ], [ 78.3216092, 17.4837542 ], [ 78.321683, 17.4837985 ], [ 78.3217311, 17.4837832 ], [ 78.3217905, 17.4837832 ], [ 78.3218306, 17.4838429 ], [ 78.3218033, 17.4838949 ], [ 78.3218065, 17.4839668 ], [ 78.3218257, 17.4840601 ], [ 78.3218739, 17.484135 ], [ 78.3218915, 17.4842069 ], [ 78.321946, 17.484288 ], [ 78.3219765, 17.4843966 ], [ 78.3220246, 17.4844654 ], [ 78.3220936, 17.4845649 ], [ 78.3221112, 17.4846245 ], [ 78.3221689, 17.4847163 ], [ 78.3222155, 17.484831 ], [ 78.3222844, 17.4849167 ], [ 78.3223085, 17.4849901 ], [ 78.3223614, 17.4850498 ], [ 78.3224207, 17.4851354 ], [ 78.3224977, 17.4851844 ], [ 78.3225779, 17.4852303 ], [ 78.3226388, 17.4852119 ], [ 78.322719, 17.4852119 ], [ 78.3227768, 17.4852608 ], [ 78.3228409, 17.4853144 ], [ 78.3229034, 17.4852991 ], [ 78.3229852, 17.4853083 ], [ 78.323051, 17.485348 ], [ 78.3231296, 17.4854077 ], [ 78.3232001, 17.4854383 ], [ 78.3232771, 17.4854475 ], [ 78.3232964, 17.4854169 ], [ 78.3233316, 17.4854 ], [ 78.3233846, 17.4853817 ], [ 78.3233733, 17.4853251 ], [ 78.3233268, 17.4852823 ], [ 78.3233124, 17.4852241 ], [ 78.3233461, 17.4851477 ], [ 78.3233252, 17.4850543 ], [ 78.3232932, 17.4849855 ], [ 78.3232835, 17.484906 ], [ 78.3232611, 17.4848371 ], [ 78.3232242, 17.4848264 ], [ 78.32316, 17.4848402 ], [ 78.3231119, 17.484831 ], [ 78.3230767, 17.4847744 ], [ 78.323067, 17.484727 ], [ 78.3230269, 17.4847576 ], [ 78.3229852, 17.4848035 ], [ 78.3229323, 17.4848203 ], [ 78.3229067, 17.4847989 ], [ 78.3229002, 17.4847515 ], [ 78.3228537, 17.4847102 ], [ 78.3228217, 17.4847423 ], [ 78.3228217, 17.4847836 ], [ 78.3227928, 17.4848188 ], [ 78.3227351, 17.4848295 ], [ 78.3226902, 17.4848601 ], [ 78.3226501, 17.4848249 ], [ 78.3226356, 17.484776 ], [ 78.3226677, 17.4846979 ], [ 78.3227222, 17.4846184 ], [ 78.3227752, 17.4846016 ], [ 78.3228136, 17.4845649 ], [ 78.3228698, 17.4845435 ], [ 78.3229259, 17.4845603 ], [ 78.3230045, 17.4845496 ], [ 78.3230975, 17.4845052 ], [ 78.323128, 17.4844609 ], [ 78.3231568, 17.4844104 ], [ 78.3232082, 17.4843492 ], [ 78.3232322, 17.4843079 ], [ 78.3232755, 17.4843079 ], [ 78.323314, 17.4843385 ], [ 78.3233429, 17.4843002 ], [ 78.323383, 17.4842957 ], [ 78.3234295, 17.4842987 ], [ 78.3234936, 17.4842651 ], [ 78.3235642, 17.4842268 ], [ 78.3236059, 17.4841978 ], [ 78.3236155, 17.484158 ], [ 78.3236139, 17.4841289 ], [ 78.323561, 17.4841289 ], [ 78.3234984, 17.4841014 ], [ 78.3234583, 17.4840555 ], [ 78.3234247, 17.4839851 ], [ 78.3233814, 17.4839255 ], [ 78.3233172, 17.4838949 ], [ 78.3232338, 17.4838857 ], [ 78.3231777, 17.4839148 ], [ 78.3231007, 17.4839224 ], [ 78.3230157, 17.4838964 ], [ 78.3229291, 17.4838918 ], [ 78.3228345, 17.4839117 ], [ 78.3227832, 17.4839423 ], [ 78.3227383, 17.4839484 ], [ 78.3226934, 17.4839194 ], [ 78.322634, 17.4839301 ], [ 78.3225939, 17.4839163 ] ] ] } },
{ "type": "Feature", "properties": { "cn": 98, "tags": { "access": "private", "leisure": "swimming_pool", "lit": "yes", "location": "outdoor", "name": "Swimming Pool, Kohinoor by Auro Realy" } }, "geometry": { "type": "Polygon", "coordinates": [ [ [ 78.3828424, 17.4654058 ], [ 78.3828793, 17.465372 ], [ 78.3829995, 17.4653676 ], [ 78.3830195, 17.4654088 ], [ 78.383018, 17.4655425 ], [ 78.3829949, 17.465588 ], [ 78.3828701, 17.465591 ], [ 78.3828362, 17.4655601 ], [ 78.3828424, 17.4654058 ] ] ] } },
{ "type": "Feature", "properties": { "cn": 82, "tags": { "building": "apartments", "landuse": "residential", "layer": "1", "name": "Shubham Arcade Spurthy Towers", "residential": "apartments" } }, "geometry": { "type": "Polygon", "coordinates": [ [ [ 78.3214499, 17.5012562 ], [ 78.3214463, 17.5009782 ], [ 78.3215683, 17.5009421 ], [ 78.3216504, 17.5009257 ], [ 78.32165, 17.5010605 ], [ 78.3216528, 17.5012504 ], [ 78.3214499, 17.5012562 ] ] ] } },
{ "type": "Feature", "properties": { "cn": 82, "tags": { "building": "apartments", "landuse": "residential", "layer": "1", "name": "Shubham Arcade Spurthy Towers", "residential": "apartments" } }, "geometry": { "type": "Polygon", "coordinates": [ [ [ 78.3217121, 17.5012599 ], [ 78.3217057, 17.500912 ], [ 78.3218023, 17.5008585 ], [ 78.321897, 17.5008273 ], [ 78.3219122, 17.5010642 ], [ 78.321915, 17.5012541 ], [ 78.3217121, 17.5012599 ] ] ] } },
{ "type": "Feature", "properties": { "cn": 98, "tags": { "name": "Quarry Trek, University of Hyderabad", "natural": "water", "water": "lake" } }, "geometry": { "type": "Polygon", "coordinates": [ [ [ 78.3216963, 17.4403 ], [ 78.3217574, 17.4402746 ], [ 78.3218218, 17.4403094 ], [ 78.3219538, 17.4403068 ], [ 78.3220244, 17.4402816 ], [ 78.3219935, 17.4401764 ], [ 78.3219132, 17.4401577 ], [ 78.3219538, 17.4400881 ], [ 78.3220685, 17.4400587 ], [ 78.3221434, 17.4399956 ], [ 78.3221037, 17.4399156 ], [ 78.3222228, 17.4399619 ], [ 78.322408, 17.439882 ], [ 78.3225006, 17.4398399 ], [ 78.322505, 17.4397095 ], [ 78.322522, 17.4396357 ], [ 78.322522, 17.4395993 ], [ 78.3225746, 17.4395968 ], [ 78.3226285, 17.4396193 ], [ 78.3226351, 17.4396783 ], [ 78.322614, 17.4397197 ], [ 78.322614, 17.4397925 ], [ 78.3226469, 17.4398226 ], [ 78.3226719, 17.4398025 ], [ 78.3227153, 17.4398263 ], [ 78.3227455, 17.4398326 ], [ 78.3227784, 17.4397636 ], [ 78.3228113, 17.439667 ], [ 78.3227863, 17.4395993 ], [ 78.3227429, 17.4395554 ], [ 78.3225838, 17.4395315 ], [ 78.3224562, 17.4394186 ], [ 78.322422, 17.4393697 ], [ 78.3223826, 17.4392969 ], [ 78.3223103, 17.439258 ], [ 78.3222773, 17.4391545 ], [ 78.3222677, 17.4391154 ], [ 78.3223808, 17.4391177 ], [ 78.3224627, 17.4390856 ], [ 78.3224651, 17.4389546 ], [ 78.3224049, 17.4388834 ], [ 78.3223447, 17.438803 ], [ 78.3223062, 17.4387111 ], [ 78.3221641, 17.438633 ], [ 78.3220582, 17.438571 ], [ 78.3219426, 17.438548 ], [ 78.3217717, 17.438548 ], [ 78.3216441, 17.4386169 ], [ 78.3215501, 17.4387134 ], [ 78.3215068, 17.438764 ], [ 78.3214586, 17.4388627 ], [ 78.3214249, 17.4390741 ], [ 78.3213912, 17.4391545 ], [ 78.3214065, 17.4395723 ], [ 78.3215222, 17.4396795 ], [ 78.3215795, 17.4397489 ], [ 78.3216703, 17.4397435 ], [ 78.3217268, 17.4398383 ], [ 78.3217448, 17.4399472 ], [ 78.3214993, 17.4400194 ], [ 78.3213933, 17.4399486 ], [ 78.3214524, 17.4403915 ], [ 78.3214931, 17.4404446 ], [ 78.3216072, 17.4403927 ], [ 78.3216322, 17.4403446 ], [ 78.3216963, 17.4403 ] ] ] } },
{ "type": "Feature", "properties": { "cn": 98, "tags": { "name": "SDS Lake", "natural": "water", "water": "lake" } }, "geometry": { "type": "Polygon", "coordinates": [ [ [ 78.3196413, 17.4396785 ], [ 78.3197097, 17.4395293 ], [ 78.3196217, 17.4394734 ], [ 78.3197064, 17.4393988 ], [ 78.3198114, 17.4393375 ], [ 78.3199332, 17.4393157 ], [ 78.3200842, 17.4394128 ], [ 78.3201884, 17.4393935 ], [ 78.3202897, 17.4393552 ], [ 78.320231, 17.4392185 ], [ 78.3200746, 17.4390941 ], [ 78.3200322, 17.4391066 ], [ 78.3200876, 17.4390506 ], [ 78.3201561, 17.439091 ], [ 78.3202506, 17.4391128 ], [ 78.3202962, 17.4391439 ], [ 78.3203483, 17.4390879 ], [ 78.3203613, 17.4390071 ], [ 78.3204167, 17.4389449 ], [ 78.3205047, 17.4389294 ], [ 78.3205633, 17.4389418 ], [ 78.3206318, 17.4388952 ], [ 78.3205894, 17.4387273 ], [ 78.3205601, 17.4386496 ], [ 78.320635, 17.438603 ], [ 78.3206481, 17.4385253 ], [ 78.3205731, 17.4384507 ], [ 78.3205177, 17.4383885 ], [ 78.3204208, 17.4383745 ], [ 78.3203357, 17.4383559 ], [ 78.320319, 17.4384289 ], [ 78.3202567, 17.4384929 ], [ 78.3202049, 17.4384942 ], [ 78.3201565, 17.4384055 ], [ 78.3201047, 17.4383875 ], [ 78.3200844, 17.4384071 ], [ 78.3200844, 17.4385253 ], [ 78.3200876, 17.4386589 ], [ 78.3199736, 17.4386807 ], [ 78.3198791, 17.4386372 ], [ 78.3198139, 17.4386589 ], [ 78.3197716, 17.4386745 ], [ 78.319638, 17.4387149 ], [ 78.3195174, 17.4387646 ], [ 78.3195468, 17.438861 ], [ 78.3195142, 17.4388921 ], [ 78.3195728, 17.4389698 ], [ 78.3194914, 17.4390475 ], [ 78.3193969, 17.4391439 ], [ 78.3193252, 17.439206 ], [ 78.3192405, 17.439262 ], [ 78.3191949, 17.4393242 ], [ 78.3191688, 17.4394485 ], [ 78.3191916, 17.4395573 ], [ 78.3192503, 17.4396599 ], [ 78.3192828, 17.4396941 ], [ 78.3194295, 17.4397469 ], [ 78.3195337, 17.439722 ], [ 78.3196413, 17.4396785 ] ] ] } },
{ "type": "Feature", "properties": { "cn": 98, "tags": { "name": "Gnyankund", "natural": "water", "water": "lake" } }, "geometry": { "type": "Polygon", "coordinates": [ [ [ 78.3225654, 17.4383876 ], [ 78.3226648, 17.4383126 ], [ 78.3226544, 17.438279 ], [ 78.3227269, 17.4382336 ], [ 78.3227724, 17.4382099 ], [ 78.3228573, 17.4382987 ], [ 78.3229421, 17.4383126 ], [ 78.3230394, 17.4383205 ], [ 78.3231326, 17.4382889 ], [ 78.3232216, 17.4382494 ], [ 78.3232982, 17.4381427 ], [ 78.3233147, 17.4380499 ], [ 78.3233127, 17.4379433 ], [ 78.3232216, 17.4379077 ], [ 78.3231781, 17.4378011 ], [ 78.3231885, 17.4377182 ], [ 78.323191, 17.4376871 ], [ 78.3232319, 17.4376609 ], [ 78.3233286, 17.4376722 ], [ 78.3233816, 17.4376285 ], [ 78.3234538, 17.4374884 ], [ 78.3235017, 17.437459 ], [ 78.3235579, 17.437436 ], [ 78.3236175, 17.4374447 ], [ 78.3236705, 17.437346 ], [ 78.3237056, 17.4372894 ], [ 78.323762, 17.4372357 ], [ 78.3238511, 17.4371806 ], [ 78.3240197, 17.4372334 ], [ 78.3239113, 17.4370565 ], [ 78.3239334, 17.4369772 ], [ 78.3240152, 17.4369535 ], [ 78.3240384, 17.4369144 ], [ 78.3239761, 17.436889 ], [ 78.3239123, 17.4368098 ], [ 78.3238677, 17.4367108 ], [ 78.3238462, 17.4366479 ], [ 78.3237501, 17.4366734 ], [ 78.3237038, 17.4367481 ], [ 78.3236258, 17.4367944 ], [ 78.3234835, 17.4369595 ], [ 78.3233978, 17.437018 ], [ 78.3233177, 17.4370468 ], [ 78.3233622, 17.4370842 ], [ 78.3233622, 17.4371113 ], [ 78.3233248, 17.4371385 ], [ 78.3232928, 17.4371521 ], [ 78.32317, 17.4372285 ], [ 78.3230881, 17.4372419 ], [ 78.3229387, 17.437332 ], [ 78.322865, 17.4374586 ], [ 78.3227967, 17.4375073 ], [ 78.3227037, 17.437477 ], [ 78.32258, 17.437388 ], [ 78.3225294, 17.437355 ], [ 78.3224846, 17.4373966 ], [ 78.3224832, 17.4374571 ], [ 78.322576, 17.4375023 ], [ 78.3226034, 17.4375289 ], [ 78.3226266, 17.4376057 ], [ 78.3226555, 17.4376861 ], [ 78.322709, 17.4377276 ], [ 78.3226354, 17.4378271 ], [ 78.3225809, 17.4378078 ], [ 78.3225351, 17.4377894 ], [ 78.3225038, 17.4378584 ], [ 78.3224436, 17.4379456 ], [ 78.3223955, 17.4380169 ], [ 78.3223666, 17.4381133 ], [ 78.3223618, 17.4381983 ], [ 78.3224003, 17.4382879 ], [ 78.3224942, 17.4383798 ], [ 78.3225654, 17.4383876 ] ] ] } },
{ "type": "Feature", "properties": { "cn": 92, "tags": { "landuse": "construction" } }, "geometry": { "type": "Polygon", "coordinates": [ [ [ 78.362229, 17.4308232 ], [ 78.3626738, 17.4305221 ], [ 78.3629062, 17.4308345 ], [ 78.3624614, 17.4311357 ], [ 78.362229, 17.4308232 ] ] ] } },
{ "type": "Feature", "properties": { "cn": 92, "tags": { "landuse": "construction" } }, "geometry": { "type": "Polygon", "coordinates": [ [ [ 78.3622928, 17.4301871 ], [ 78.3619791, 17.4297702 ], [ 78.361475, 17.4301737 ], [ 78.3617943, 17.4305585 ], [ 78.3622928, 17.4301871 ] ] ] } },
{ "type": "Feature", "properties": { "cn": 65, "tags": { "leisure": "pitch", "name": "Football Ground", "sport": "soccer" } }, "geometry": { "type": "Polygon", "coordinates": [ [ [ 78.4276525, 17.4491523 ], [ 78.4276436, 17.448558 ], [ 78.4279556, 17.4485537 ], [ 78.4279645, 17.4491481 ], [ 78.4276525, 17.4491523 ] ] ] } },
{ "type": "Feature", "properties": { "cn": 82, "tags": { "addr:city": "Kondapur", "addr:district": "Rangareddy", "addr:postcode": "500084", "landuse": "residential", "residential": "apartments" } }, "geometry": { "type": "Polygon", "coordinates": [ [ [ 78.346795, 17.4824952 ], [ 78.3469339, 17.4824621 ], [ 78.3468859, 17.482281 ], [ 78.3467479, 17.4823149 ], [ 78.346795, 17.4824952 ] ] ] } },
{ "type": "Feature", "properties": { "cn": 82, "tags": { "landuse": "residential", "name": "GHR TITANIA", "residential": "apartments" } }, "geometry": { "type": "Polygon", "coordinates": [ [ [ 78.3442022, 17.4797918 ], [ 78.3442566, 17.4800157 ], [ 78.3435347, 17.4801754 ], [ 78.3434803, 17.4799515 ], [ 78.3442022, 17.4797918 ] ] ] } },
{ "type": "Feature", "properties": { "cn": 65, "tags": { "leisure": "garden" } }, "geometry": { "type": "Polygon", "coordinates": [ [ [ 78.34131, 17.4292732 ], [ 78.3412591, 17.4292988 ], [ 78.3412135, 17.4292016 ], [ 78.3411845, 17.4292176 ], [ 78.3410607, 17.4290242 ], [ 78.3410183, 17.4290465 ], [ 78.3409774, 17.4289866 ], [ 78.3412349, 17.4288459 ], [ 78.3414039, 17.429135 ], [ 78.3412698, 17.4292093 ], [ 78.34131, 17.4292732 ] ] ] } },
{ "type": "Feature", "properties": { "cn": 65, "tags": { "leisure": "garden" } }, "geometry": { "type": "Polygon", "coordinates": [ [ [ 78.3418333, 17.4286857 ], [ 78.3418042, 17.4286445 ], [ 78.3417855, 17.4286244 ], [ 78.3417866, 17.4285999 ], [ 78.3418135, 17.4285843 ], [ 78.3418415, 17.4285854 ], [ 78.3418765, 17.4285899 ], [ 78.3419081, 17.4285876 ], [ 78.3419501, 17.428562 ], [ 78.3419793, 17.4285464 ], [ 78.3420108, 17.4285954 ], [ 78.3418392, 17.4286968 ], [ 78.3418333, 17.4286857 ] ] ] } },
{ "type": "Feature", "properties": { "cn": 65, "tags": { "leisure": "garden" } }, "geometry": { "type": "Polygon", "coordinates": [ [ [ 78.3415461, 17.4288138 ], [ 78.3417236, 17.4287057 ], [ 78.3417096, 17.4286701 ], [ 78.3416886, 17.4286411 ], [ 78.3416559, 17.4286422 ], [ 78.3416139, 17.4286678 ], [ 78.3415543, 17.4286857 ], [ 78.3415018, 17.4287001 ], [ 78.3414539, 17.4287057 ], [ 78.3414236, 17.4287124 ], [ 78.3413874, 17.4287258 ], [ 78.3413558, 17.4287536 ], [ 78.3413535, 17.4287904 ], [ 78.341364, 17.428826 ], [ 78.341399, 17.4288617 ], [ 78.3415847, 17.429129 ], [ 78.3416523, 17.4290887 ], [ 78.3415266, 17.4288945 ], [ 78.3415969, 17.4288532 ], [ 78.3415835, 17.4288305 ], [ 78.3415637, 17.4288193 ], [ 78.3415485, 17.4288227 ], [ 78.3415461, 17.4288138 ] ] ] } },
{ "type": "Feature", "properties": { "cn": 65, "tags": { "leisure": "pitch", "name": "Microsoft Giant Chess Board", "sport": "chess" } }, "geometry": { "type": "Polygon", "coordinates": [ [ [ 78.3430177, 17.4306371 ], [ 78.3429946, 17.4305769 ], [ 78.3430608, 17.4305534 ], [ 78.3430839, 17.4306151 ], [ 78.3430177, 17.4306371 ] ] ] } },
{ "type": "Feature", "properties": { "cn": 82, "tags": { "addr:city": "Hyderabad", "addr:district": "K.V. Ranga Reddy", "addr:postcode": "500084", "landuse": "residential", "name": "Kohinoor By Auro Realty", "operator": "Auro Realty", "residential": "apartments" } }, "geometry": { "type": "Polygon", "coordinates": [ [ [ 78.3826201, 17.4641861 ], [ 78.3837046, 17.4639921 ], [ 78.3840312, 17.4660318 ], [ 78.3841914, 17.4660141 ], [ 78.3842839, 17.4667254 ], [ 78.383908, 17.4665549 ], [ 78.3835752, 17.4664432 ], [ 78.3831932, 17.4663198 ], [ 78.3827783, 17.4663551 ], [ 78.3825405, 17.4663551 ], [ 78.3822925, 17.4662562 ], [ 78.3821367, 17.4661431 ], [ 78.3820571, 17.4659473 ], [ 78.382043, 17.4658224 ], [ 78.3820925, 17.4657363 ], [ 78.3820746, 17.4656108 ], [ 78.3820447, 17.4655033 ], [ 78.381975, 17.4654381 ], [ 78.3818857, 17.4654264 ], [ 78.3817362, 17.4648974 ], [ 78.3820906, 17.4648606 ], [ 78.3827413, 17.4647857 ], [ 78.3826201, 17.4641861 ] ] ] } },
{ "type": "Feature", "properties": { "cn": 65, "tags": { "leisure": "golf_course", "name": "Microsoft Mini Golf", "operator": "Microsoft" } }, "geometry": { "type": "Polygon", "coordinates": [ [ [ 78.3429837, 17.4305544 ], [ 78.3429569, 17.4305566 ], [ 78.3429487, 17.4305366 ], [ 78.3429545, 17.4305054 ], [ 78.3429755, 17.430482 ], [ 78.3429802, 17.4304575 ], [ 78.342965, 17.430433 ], [ 78.3429498, 17.4304196 ], [ 78.3429452, 17.4303896 ], [ 78.3429569, 17.4303617 ], [ 78.3429487, 17.4303394 ], [ 78.3429183, 17.4303194 ], [ 78.3428868, 17.4303082 ], [ 78.3428821, 17.4302759 ], [ 78.3429043, 17.4302503 ], [ 78.3429195, 17.4302537 ], [ 78.3429265, 17.4302848 ], [ 78.3429522, 17.4302982 ], [ 78.342958, 17.4303149 ], [ 78.3429755, 17.4303361 ], [ 78.3429954, 17.4303573 ], [ 78.3430152, 17.430384 ], [ 78.3430327, 17.4304107 ], [ 78.3430409, 17.4304419 ], [ 78.3430316, 17.430472 ], [ 78.3430339, 17.430492 ], [ 78.3430444, 17.4305199 ], [ 78.3430432, 17.4305321 ], [ 78.3430199, 17.4305466 ], [ 78.3429977, 17.4305566 ], [ 78.3429837, 17.4305544 ] ] ] } },
{ "type": "Feature", "properties": { "cn": 65, "tags": { "access": "private", "leisure": "pitch", "name": "Microsoft Kick Boxing Area", "sport": "kickboxing" } }, "geometry": { "type": "Polygon", "coordinates": [ [ [ 78.3419826, 17.4304092 ], [ 78.3419033, 17.430382 ], [ 78.341941, 17.4302879 ], [ 78.3420219, 17.430321 ], [ 78.3419826, 17.4304092 ] ] ] } },
{ "type": "Feature", "properties": { "cn": 65, "tags": { "leisure": "park", "name": "Microsoft Lake Park", "operator": "Microsoft", "operator:type": "private" } }, "geometry": { "type": "Polygon", "coordinates": [ [ [ 78.3398889, 17.4295585 ], [ 78.3399753, 17.4297167 ], [ 78.3400501, 17.4297278 ], [ 78.3400454, 17.4297635 ], [ 78.3401154, 17.4297835 ], [ 78.3400921, 17.4298548 ], [ 78.3401411, 17.4298927 ], [ 78.3403139, 17.4298013 ], [ 78.3401224, 17.4294649 ], [ 78.3400594, 17.4294583 ], [ 78.3398889, 17.4295585 ] ] ] } },
{ "type": "Feature", "properties": { "cn": 82, "tags": { "landuse": "education", "name": "ISB Student Village 2 (SV2)" } }, "geometry": { "type": "Polygon", "coordinates": [ [ [ 78.3377324, 17.4375736 ], [ 78.3383201, 17.4374976 ], [ 78.3383542, 17.4377372 ], [ 78.3388896, 17.4376678 ], [ 78.3387343, 17.4365777 ], [ 78.3386789, 17.4365849 ], [ 78.3386558, 17.4364223 ], [ 78.3385708, 17.4364333 ], [ 78.3385489, 17.4362794 ], [ 78.3380091, 17.4363492 ], [ 78.3380563, 17.4366814 ], [ 78.3376137, 17.4367387 ], [ 78.3377324, 17.4375736 ] ] ] } },
{ "type": "Feature", "properties": { "cn": 82, "tags": { "landuse": "education", "name": "ISB Student Village 1 (SV1)" } }, "geometry": { "type": "Polygon", "coordinates": [ [ [ 78.3416734, 17.4372445 ], [ 78.3414743, 17.4358335 ], [ 78.3419841, 17.4357681 ], [ 78.3422019, 17.4357401 ], [ 78.342194, 17.4356844 ], [ 78.3431175, 17.4355656 ], [ 78.343211, 17.4362275 ], [ 78.3420417, 17.4363779 ], [ 78.3421015, 17.4368015 ], [ 78.342568, 17.4367415 ], [ 78.3426218, 17.4371227 ], [ 78.3416734, 17.4372445 ] ] ] } },
{ "type": "Feature", "properties": { "cn": 82, "tags": { "landuse": "education", "name": "ISB Student Village 3 (SV3)" } }, "geometry": { "type": "Polygon", "coordinates": [ [ [ 78.3371966, 17.4343686 ], [ 78.3375066, 17.4343235 ], [ 78.3375561, 17.4346334 ], [ 78.3383879, 17.4345124 ], [ 78.3381789, 17.4332057 ], [ 78.3375161, 17.4332814 ], [ 78.3375447, 17.4334776 ], [ 78.3370655, 17.4335473 ], [ 78.3371966, 17.4343686 ] ] ] } },
{ "type": "Feature", "properties": { "cn": 82, "tags": { "landuse": "education", "name": "ISB Student Village 4 (SV4)" } }, "geometry": { "type": "Polygon", "coordinates": [ [ [ 78.3408089, 17.4326435 ], [ 78.341073, 17.4342837 ], [ 78.3420432, 17.4341416 ], [ 78.3417793, 17.4325013 ], [ 78.3408089, 17.4326435 ] ] ] } },
{ "type": "Feature", "properties": { "cn": 98, "tags": { "leisure": "swimming_pool" } }, "geometry": { "type": "Polygon", "coordinates": [ [ [ 78.4273223, 17.4571655 ], [ 78.4272982, 17.4571554 ], [ 78.4272777, 17.4571601 ], [ 78.4272699, 17.4571358 ], [ 78.4272486, 17.4571115 ], [ 78.4272486, 17.457098 ], [ 78.4272515, 17.4570845 ], [ 78.4272614, 17.4570791 ], [ 78.4272762, 17.457071 ], [ 78.4272862, 17.457067 ], [ 78.4272954, 17.4570629 ], [ 78.4273308, 17.4570562 ], [ 78.4274284, 17.4570764 ], [ 78.4275155, 17.4571135 ], [ 78.4275374, 17.4571493 ], [ 78.4275162, 17.4571885 ], [ 78.4274426, 17.4571797 ], [ 78.4273796, 17.4571601 ], [ 78.4273223, 17.4571655 ] ] ] } },
{ "type": "Feature", "properties": { "cn": 82, "tags": { "landuse": "residential", "name": "Madhava Hills", "residential": "estate" } }, "geometry": { "type": "Polygon", "coordinates": [ [ [ 78.3492675, 17.4722366 ], [ 78.3507339, 17.4721799 ], [ 78.3507009, 17.4702048 ], [ 78.3492118, 17.4701936 ], [ 78.349254, 17.4711274 ], [ 78.3492675, 17.4722366 ] ] ] } },
{ "type": "Feature", "properties": { "cn": 82, "tags": { "landuse": "residential", "name": "Lalitha Divine County", "residential": "apartments" } }, "geometry": { "type": "Polygon", "coordinates": [ [ [ 78.323703, 17.5163716 ], [ 78.323649, 17.5158635 ], [ 78.3239493, 17.5158358 ], [ 78.3240033, 17.5158266 ], [ 78.3241015, 17.5158028 ], [ 78.3242316, 17.5157619 ], [ 78.3244226, 17.5157289 ], [ 78.3246634, 17.5157091 ], [ 78.324954, 17.5156827 ], [ 78.3250177, 17.5156933 ], [ 78.3250052, 17.5158345 ], [ 78.3250066, 17.5162238 ], [ 78.3250855, 17.5163334 ], [ 78.3249028, 17.5163426 ], [ 78.3245167, 17.5163769 ], [ 78.3242136, 17.5163967 ], [ 78.3239894, 17.5164205 ], [ 78.323977, 17.5163624 ], [ 78.323703, 17.5163716 ] ] ] } },
{ "type": "Feature", "properties": { "cn": 82, "tags": { "landuse": "residential", "name": "Greater Infra", "residential": "apartments" } }, "geometry": { "type": "Polygon", "coordinates": [ [ [ 78.3421062, 17.5160116 ], [ 78.3422055, 17.5160127 ], [ 78.3422404, 17.5159029 ], [ 78.3420883, 17.5156067 ], [ 78.3419256, 17.5152885 ], [ 78.3416991, 17.5148166 ], [ 78.341528, 17.5144832 ], [ 78.3413104, 17.514043 ], [ 78.3410094, 17.5134507 ], [ 78.3408722, 17.5131675 ], [ 78.340729, 17.5128969 ], [ 78.3404802, 17.5124354 ], [ 78.3403417, 17.5121221 ], [ 78.3396748, 17.5121554 ], [ 78.339097, 17.512188 ], [ 78.339497, 17.5129773 ], [ 78.3397309, 17.5134584 ], [ 78.3401899, 17.5143602 ], [ 78.3404667, 17.5148974 ], [ 78.3406506, 17.5152621 ], [ 78.3409971, 17.5159473 ], [ 78.3421062, 17.5160116 ] ] ] } },
{ "type": "Feature", "properties": { "cn": 82, "tags": { "landuse": "residential", "name": "BASARA UDBI BANK OFFICERS QUARTERS", "residential": "apartments" } }, "geometry": { "type": "Polygon", "coordinates": [ [ [ 78.3491539, 17.4402212 ], [ 78.3497455, 17.440026 ], [ 78.349827, 17.4399923 ], [ 78.349838, 17.4400147 ], [ 78.3504385, 17.4398245 ], [ 78.3508991, 17.4396815 ], [ 78.3511127, 17.4396106 ], [ 78.3509357, 17.4392634 ], [ 78.3507179, 17.4388373 ], [ 78.3504862, 17.438916 ], [ 78.350132, 17.439028 ], [ 78.3488072, 17.4394406 ], [ 78.3491539, 17.4402212 ] ] ] } },
{ "type": "Feature", "properties": { "cn": 92, "tags": { "landuse": "commercial", "name": "Raheja Commerce Zone" } }, "geometry": { "type": "Polygon", "coordinates": [ [ [ 78.3790783, 17.4290119 ], [ 78.3806359, 17.4307511 ], [ 78.3810747, 17.4302824 ], [ 78.3816491, 17.4296877 ], [ 78.3812179, 17.4291798 ], [ 78.3806838, 17.4285 ], [ 78.3803326, 17.4280925 ], [ 78.3790783, 17.4290119 ] ] ] } },
{ "type": "Feature", "properties": { "cn": 82, "tags": { "landuse": "residential", "name": "Aditya Enclave" } }, "geometry": { "type": "Polygon", "coordinates": [ [ [ 78.4022186, 17.4390442 ], [ 78.4024698, 17.4391534 ], [ 78.4025118, 17.4390707 ], [ 78.402561, 17.438941 ], [ 78.4025959, 17.4387355 ], [ 78.4026191, 17.4386485 ], [ 78.4024197, 17.438593 ], [ 78.4022186, 17.4390442 ] ] ] } },
{ "type": "Feature", "properties": { "cn": 82, "tags": { "landuse": "residential", "name": "Fortune Exotica", "residential": "apartments" } }, "geometry": { "type": "Polygon", "coordinates": [ [ [ 78.402784, 17.4258482 ], [ 78.4030755, 17.4258371 ], [ 78.4033991, 17.4257638 ], [ 78.4031828, 17.4251726 ], [ 78.4026964, 17.4253432 ], [ 78.402784, 17.4258482 ] ] ] } },
{ "type": "Feature", "properties": { "cn": 82, "tags": { "landuse": "residential", "name": "GHR TITANIA", "residential": "apartments" } }, "geometry": { "type": "Polygon", "coordinates": [ [ [ 78.3436718, 17.4810605 ], [ 78.3442369, 17.4809135 ], [ 78.3444037, 17.4814633 ], [ 78.344446, 17.4816022 ], [ 78.3447391, 17.4814953 ], [ 78.344724, 17.4814378 ], [ 78.3448684, 17.4813925 ], [ 78.3446464, 17.4807018 ], [ 78.344302, 17.4796353 ], [ 78.3433633, 17.479866 ], [ 78.3436718, 17.4810605 ] ] ] } },
{ "type": "Feature", "properties": { "cn": 92, "tags": { "landuse": "commercial", "name": "Golf Edge" } }, "geometry": { "type": "Polygon", "coordinates": [ [ [ 78.3463504, 17.4259917 ], [ 78.3460214, 17.4248165 ], [ 78.3467108, 17.4248093 ], [ 78.3467437, 17.4242217 ], [ 78.3468603, 17.4242217 ], [ 78.3468887, 17.424342 ], [ 78.34688, 17.4245697 ], [ 78.3468785, 17.4246658 ], [ 78.3468797, 17.4247583 ], [ 78.3468836, 17.424852 ], [ 78.3468909, 17.4249524 ], [ 78.3469042, 17.4250866 ], [ 78.346914, 17.4251677 ], [ 78.3470073, 17.4251938 ], [ 78.3471518, 17.4252494 ], [ 78.3472962, 17.4251502 ], [ 78.347569, 17.4249263 ], [ 78.3478479, 17.4247397 ], [ 78.3478896, 17.4246855 ], [ 78.3478079, 17.4238181 ], [ 78.3479088, 17.4238153 ], [ 78.3479742, 17.4247698 ], [ 78.3470804, 17.4254424 ], [ 78.3463504, 17.4259917 ] ] ] } },
{ "type": "Feature", "properties": { "cn": 82, "tags": { "landuse": "residential", "name": "Hemadurga Diamond", "residential": "apartments" } }, "geometry": { "type": "Polygon", "coordinates": [ [ [ 78.3345999, 17.5053052 ], [ 78.3347829, 17.5052821 ], [ 78.3348027, 17.5054002 ], [ 78.3349438, 17.5053777 ], [ 78.3348759, 17.5049309 ], [ 78.3348079, 17.504421 ], [ 78.3347901, 17.5043272 ], [ 78.3344575, 17.5043647 ], [ 78.334495, 17.5046529 ], [ 78.3345999, 17.5053052 ] ] ] } },
{ "type": "Feature", "properties": { "cn": 82, "tags": { "landuse": "residential", "name": "Lakshmis SBI Homes", "residential": "apartments" } }, "geometry": { "type": "Polygon", "coordinates": [ [ [ 78.3747297, 17.5091718 ], [ 78.3750571, 17.5090566 ], [ 78.3749383, 17.5087497 ], [ 78.3746047, 17.5088641 ], [ 78.3747297, 17.5091718 ] ] ] } },
{ "type": "Feature", "properties": { "cn": 82, "tags": { "landuse": "residential", "name": "Maphar Pristine", "residential": "apartments" } }, "geometry": { "type": "Polygon", "coordinates": [ [ [ 78.3608961, 17.4386478 ], [ 78.3610418, 17.4388346 ], [ 78.3613449, 17.4386563 ], [ 78.3611804, 17.4384422 ], [ 78.3610311, 17.4385463 ], [ 78.3608961, 17.4386478 ] ] ] } },
{ "type": "Feature", "properties": { "cn": 82, "tags": { "landuse": "residential", "name": "Manbhum Around The Grove", "residential": "apartments" } }, "geometry": { "type": "Polygon", "coordinates": [ [ [ 78.3668777, 17.4525261 ], [ 78.3672424, 17.4533977 ], [ 78.3673506, 17.4535468 ], [ 78.3680679, 17.4532544 ], [ 78.3678936, 17.452874 ], [ 78.3678114, 17.4527153 ], [ 78.3676511, 17.4524344 ], [ 78.3676051, 17.4522824 ], [ 78.3672785, 17.4523789 ], [ 78.3669428, 17.4524955 ], [ 78.3668777, 17.4525261 ] ] ] } },
{ "type": "Feature", "properties": { "cn": 92, "tags": { "landuse": "commercial", "name": "Kapil Kavuri Hub" } }, "geometry": { "type": "Polygon", "coordinates": [ [ [ 78.3477604, 17.4219092 ], [ 78.3475, 17.4213401 ], [ 78.3472507, 17.4207953 ], [ 78.3472453, 17.4207362 ], [ 78.3472453, 17.4206961 ], [ 78.3472672, 17.4206656 ], [ 78.3474775, 17.4206367 ], [ 78.3475852, 17.4205949 ], [ 78.3478124, 17.4205548 ], [ 78.3478595, 17.4206559 ], [ 78.3480429, 17.4210637 ], [ 78.3482751, 17.4215727 ], [ 78.3483088, 17.4216498 ], [ 78.3482391, 17.4216423 ], [ 78.3481992, 17.4216335 ], [ 78.3480973, 17.4216872 ], [ 78.348069, 17.4217765 ], [ 78.3478957, 17.4218455 ], [ 78.3477604, 17.4219092 ] ] ] } },
{ "type": "Feature", "properties": { "cn": 82, "tags": { "landuse": "residential", "name": "Hitex Pride Apartments", "residential": "apartments" } }, "geometry": { "type": "Polygon", "coordinates": [ [ [ 78.3781316, 17.4659055 ], [ 78.3784455, 17.4659117 ], [ 78.3784479, 17.4657975 ], [ 78.3784568, 17.4656158 ], [ 78.3784604, 17.4654623 ], [ 78.3784613, 17.465435 ], [ 78.3784193, 17.465435 ], [ 78.3782117, 17.46543 ], [ 78.3782119, 17.4654529 ], [ 78.3781493, 17.4654555 ], [ 78.3781316, 17.4659055 ] ] ] } },
{ "type": "Feature", "properties": { "cn": 92, "tags": { "landuse": "commercial", "name": "LTIMindtree Metro STPI" } }, "geometry": { "type": "Polygon", "coordinates": [ [ [ 78.375419, 17.437483 ], [ 78.3755722, 17.4376135 ], [ 78.3759375, 17.4379033 ], [ 78.3760396, 17.4379749 ], [ 78.376762, 17.4373621 ], [ 78.3762246, 17.4367956 ], [ 78.3759991, 17.4369909 ], [ 78.3757857, 17.437171 ], [ 78.3755928, 17.4373042 ], [ 78.3756174, 17.4373394 ], [ 78.375419, 17.437483 ] ] ] } },
{ "type": "Feature", "properties": { "cn": 82, "tags": { "landuse": "residential", "name": "Mayuri Royal Heights", "residential": "apartments" } }, "geometry": { "type": "Polygon", "coordinates": [ [ [ 78.3496454, 17.5010482 ], [ 78.3493407, 17.501198 ], [ 78.3492372, 17.5010064 ], [ 78.3495419, 17.5008566 ], [ 78.3496454, 17.5010482 ] ] ] } },
{ "type": "Feature", "properties": { "cn": 82, "tags": { "landuse": "residential", "name": "Narmada Sarovar", "residential": "apartments" } }, "geometry": { "type": "Polygon", "coordinates": [ [ [ 78.3563649, 17.4364651 ], [ 78.356541, 17.4365845 ], [ 78.3566832, 17.4366954 ], [ 78.3567637, 17.4366075 ], [ 78.3568388, 17.436506 ], [ 78.3569702, 17.4363823 ], [ 78.3570793, 17.4362603 ], [ 78.3568236, 17.4360872 ], [ 78.3567485, 17.4360317 ], [ 78.3565527, 17.4362475 ], [ 78.3563649, 17.4364651 ] ] ] } },
{ "type": "Feature", "properties": { "cn": 92, "tags": { "landuse": "commercial", "name": "Orbit" } }, "geometry": { "type": "Polygon", "coordinates": [ [ [ 78.3774878, 17.4342011 ], [ 78.3775933, 17.4341071 ], [ 78.3776016, 17.4340812 ], [ 78.3775992, 17.4340542 ], [ 78.3775792, 17.4340244 ], [ 78.3773255, 17.4339901 ], [ 78.377043, 17.4339552 ], [ 78.3768955, 17.4339316 ], [ 78.3765404, 17.4338848 ], [ 78.3760125, 17.433817 ], [ 78.3759618, 17.433808 ], [ 78.3759488, 17.4339296 ], [ 78.3758286, 17.434777 ], [ 78.3766968, 17.4348972 ], [ 78.3774878, 17.4342011 ] ] ] } },
{ "type": "Feature", "properties": { "cn": 82, "tags": { "landuse": "residential", "name": "Perfect Torwers", "residential": "apartments" } }, "geometry": { "type": "Polygon", "coordinates": [ [ [ 78.3596875, 17.493286 ], [ 78.3598011, 17.4935222 ], [ 78.3598529, 17.4936032 ], [ 78.3599502, 17.4936095 ], [ 78.3602706, 17.4935069 ], [ 78.3604028, 17.493471 ], [ 78.3604377, 17.4933653 ], [ 78.3604743, 17.4933218 ], [ 78.3603983, 17.4929748 ], [ 78.36035, 17.4927727 ], [ 78.3603348, 17.4927573 ], [ 78.3603125, 17.4927454 ], [ 78.360232, 17.4927582 ], [ 78.3600264, 17.4928085 ], [ 78.3598887, 17.4928511 ], [ 78.3597501, 17.4928852 ], [ 78.359692, 17.4928972 ], [ 78.35965, 17.4929151 ], [ 78.35965, 17.4929611 ], [ 78.3596598, 17.4932289 ], [ 78.3596806, 17.4932717 ], [ 78.3596875, 17.493286 ] ] ] } },
{ "type": "Feature", "properties": { "cn": 92, "tags": { "landuse": "commercial", "name": "Phoenix Centaurus" } }, "geometry": { "type": "Polygon", "coordinates": [ [ [ 78.339511, 17.4258584 ], [ 78.3394708, 17.4258765 ], [ 78.3395704, 17.4261294 ], [ 78.3396224, 17.426311 ], [ 78.3396633, 17.426443 ], [ 78.3397858, 17.426831 ], [ 78.3399167, 17.427211 ], [ 78.3399576, 17.4273341 ], [ 78.3402055, 17.4273324 ], [ 78.3407458, 17.4273217 ], [ 78.341288, 17.4273237 ], [ 78.3412574, 17.4272482 ], [ 78.3411339, 17.4270427 ], [ 78.3410485, 17.4269125 ], [ 78.3409594, 17.4267734 ], [ 78.3406864, 17.4263695 ], [ 78.3406381, 17.4262862 ], [ 78.340458, 17.4260284 ], [ 78.3403058, 17.4259212 ], [ 78.3401238, 17.4258956 ], [ 78.3397208, 17.4258654 ], [ 78.339511, 17.4258584 ] ] ] } },
{ "type": "Feature", "properties": { "cn": 92, "tags": { "landuse": "commercial", "name": "Pranava Business Park" } }, "geometry": { "type": "Polygon", "coordinates": [ [ [ 78.3672466, 17.461235 ], [ 78.3672769, 17.4613144 ], [ 78.3673416, 17.4615039 ], [ 78.3673832, 17.4616367 ], [ 78.3673873, 17.4616489 ], [ 78.3675793, 17.4615931 ], [ 78.3677899, 17.4615318 ], [ 78.3680312, 17.4614603 ], [ 78.3682958, 17.4613802 ], [ 78.3683022, 17.4613701 ], [ 78.3683058, 17.4613568 ], [ 78.3682561, 17.46122 ], [ 78.368215, 17.4611096 ], [ 78.368133, 17.4609036 ], [ 78.3678905, 17.460997 ], [ 78.3677047, 17.4610618 ], [ 78.3672466, 17.461235 ] ] ] } },
{ "type": "Feature", "properties": { "cn": 82, "tags": { "landuse": "residential", "name": "Rishi Plaza Apartment", "residential": "apartments" } }, "geometry": { "type": "Polygon", "coordinates": [ [ [ 78.3341727, 17.4742916 ], [ 78.3340708, 17.4740648 ], [ 78.3338669, 17.4741509 ], [ 78.3339223, 17.4742677 ], [ 78.3339733, 17.4743795 ], [ 78.3341727, 17.4742916 ] ] ] } },
{ "type": "Feature", "properties": { "cn": 92, "tags": { "landuse": "commercial", "name": "Wells Fargo" } }, "geometry": { "type": "Polygon", "coordinates": [ [ [ 78.3783148, 17.4252111 ], [ 78.3782002, 17.4253147 ], [ 78.3780362, 17.4254379 ], [ 78.3779916, 17.4253892 ], [ 78.3779311, 17.4254398 ], [ 78.3779604, 17.4254748 ], [ 78.3778136, 17.4255416 ], [ 78.3776281, 17.4256797 ], [ 78.3775741, 17.4256059 ], [ 78.3774694, 17.4254741 ], [ 78.3768203, 17.4247219 ], [ 78.3768534, 17.4246926 ], [ 78.3769411, 17.42461 ], [ 78.3769411, 17.4244371 ], [ 78.3769388, 17.4242904 ], [ 78.3769457, 17.4242056 ], [ 78.3769616, 17.4241523 ], [ 78.3769867, 17.4240262 ], [ 78.37694, 17.4239403 ], [ 78.3769769, 17.423915 ], [ 78.3770185, 17.4239866 ], [ 78.377231, 17.42428 ], [ 78.3774497, 17.4245133 ], [ 78.3777411, 17.4247454 ], [ 78.3782595, 17.4251804 ], [ 78.378279, 17.4251828 ], [ 78.3783148, 17.4252111 ] ] ] } },
{ "type": "Feature", "properties": { "cn": 82, "tags": { "landuse": "residential", "name": "RV Advaita", "residential": "apartments" } }, "geometry": { "type": "Polygon", "coordinates": [ [ [ 78.4174569, 17.4732722 ], [ 78.4176233, 17.4732199 ], [ 78.417615, 17.4734433 ], [ 78.417612, 17.4735085 ], [ 78.4176067, 17.473746 ], [ 78.4175973, 17.47398 ], [ 78.417589, 17.4742617 ], [ 78.4175788, 17.4744695 ], [ 78.4172624, 17.4744547 ], [ 78.4172611, 17.4744207 ], [ 78.4172665, 17.4741942 ], [ 78.4172735, 17.4739651 ], [ 78.4172775, 17.473737 ], [ 78.4172888, 17.473334 ], [ 78.4174569, 17.4732722 ] ] ] } },
{ "type": "Feature", "properties": { "cn": 82, "tags": { "landuse": "residential", "name": "R V Maanyatha Apartments", "residential": "apartments" } }, "geometry": { "type": "Polygon", "coordinates": [ [ [ 78.3358436, 17.4982761 ], [ 78.3358909, 17.4982078 ], [ 78.3359501, 17.4981518 ], [ 78.3361036, 17.4979866 ], [ 78.3361603, 17.4980399 ], [ 78.3362832, 17.4982246 ], [ 78.3365027, 17.4985438 ], [ 78.3366183, 17.498724 ], [ 78.3366917, 17.4988305 ], [ 78.3367308, 17.4988953 ], [ 78.3367596, 17.4989194 ], [ 78.3368279, 17.4990161 ], [ 78.3367244, 17.4990403 ], [ 78.3362494, 17.499148 ], [ 78.3361165, 17.4991427 ], [ 78.3356519, 17.4990552 ], [ 78.3355803, 17.4988156 ], [ 78.3355363, 17.4987051 ], [ 78.335519, 17.4986235 ], [ 78.3357561, 17.4985746 ], [ 78.3357151, 17.4984026 ], [ 78.3357893, 17.4983653 ], [ 78.3358436, 17.4982761 ] ] ] } },
{ "type": "Feature", "properties": { "cn": 82, "tags": { "landuse": "residential", "name": "Sai Kiran Apartments", "residential": "apartments" } }, "geometry": { "type": "Polygon", "coordinates": [ [ [ 78.4359754, 17.431089 ], [ 78.4359307, 17.4309499 ], [ 78.4358753, 17.4307751 ], [ 78.4362792, 17.4306699 ], [ 78.4363879, 17.4309737 ], [ 78.4359754, 17.431089 ] ] ] } },
{ "type": "Feature", "properties": { "cn": 82, "tags": { "landuse": "residential", "name": "Sai Nilayam", "residential": "apartments" } }, "geometry": { "type": "Polygon", "coordinates": [ [ [ 78.3876537, 17.4896187 ], [ 78.3875598, 17.4895624 ], [ 78.3872185, 17.4893508 ], [ 78.3870724, 17.4895585 ], [ 78.3873122, 17.4896963 ], [ 78.3875187, 17.4898148 ], [ 78.3876537, 17.4896187 ] ] ] } },
{ "type": "Feature", "properties": { "cn": 82, "tags": { "landuse": "residential", "name": "Sai Priya Enclave", "residential": "apartments" } }, "geometry": { "type": "Polygon", "coordinates": [ [ [ 78.3233012, 17.4883918 ], [ 78.323177, 17.4883918 ], [ 78.32305, 17.4883953 ], [ 78.3230563, 17.4885428 ], [ 78.3230634, 17.4886715 ], [ 78.322999, 17.4886835 ], [ 78.3230107, 17.4887815 ], [ 78.3232136, 17.4887167 ], [ 78.3234765, 17.4886332 ], [ 78.3233012, 17.4883918 ] ] ] } },
{ "type": "Feature", "properties": { "cn": 92, "tags": { "landuse": "commercial", "name": "SBI AO Cyberabad" } }, "geometry": { "type": "Polygon", "coordinates": [ [ [ 78.3375332, 17.4616572 ], [ 78.3376195, 17.4617213 ], [ 78.3378733, 17.4619299 ], [ 78.3382144, 17.4622161 ], [ 78.3386849, 17.4617873 ], [ 78.3383609, 17.4614266 ], [ 78.3381552, 17.4611854 ], [ 78.338095, 17.4611357 ], [ 78.3375332, 17.4616572 ] ] ] } },
{ "type": "Feature", "properties": { "cn": 82, "tags": { "landuse": "residential", "name": "Silver Oaks Apartment", "residential": "apartments" } }, "geometry": { "type": "Polygon", "coordinates": [ [ [ 78.3346253, 17.4717561 ], [ 78.3349013, 17.4717774 ], [ 78.3349192, 17.4715952 ], [ 78.3346331, 17.471576 ], [ 78.3346253, 17.4717561 ] ] ] } },
{ "type": "Feature", "properties": { "cn": 82, "tags": { "landuse": "residential", "name": "Sree Nilayamu Apartments", "residential": "apartments" } }, "geometry": { "type": "Polygon", "coordinates": [ [ [ 78.3796197, 17.4455828 ], [ 78.3800288, 17.4454879 ], [ 78.380193, 17.4454516 ], [ 78.3801706, 17.4453322 ], [ 78.3801295, 17.4452002 ], [ 78.3801176, 17.4451629 ], [ 78.3801038, 17.4451527 ], [ 78.3800809, 17.4451539 ], [ 78.3800267, 17.445169 ], [ 78.3798398, 17.4452164 ], [ 78.3795367, 17.4452913 ], [ 78.3795621, 17.4453567 ], [ 78.3796197, 17.4455828 ] ] ] } },
{ "type": "Feature", "properties": { "cn": 82, "tags": { "landuse": "residential", "name": "Sri Laxmi Grand", "residential": "apartments" } }, "geometry": { "type": "Polygon", "coordinates": [ [ [ 78.3921305, 17.5189579 ], [ 78.3920769, 17.5187043 ], [ 78.3920154, 17.5186872 ], [ 78.3918433, 17.5186638 ], [ 78.3917226, 17.5186275 ], [ 78.3914924, 17.5184794 ], [ 78.3912107, 17.5189355 ], [ 78.3913292, 17.5192318 ], [ 78.3921305, 17.5189579 ] ] ] } },
{ "type": "Feature", "properties": { "cn": 82, "tags": { "landuse": "residential", "name": "Sri Venkata Ramana Residency", "residential": "apartments" } }, "geometry": { "type": "Polygon", "coordinates": [ [ [ 78.3468677, 17.4668649 ], [ 78.3470898, 17.4667895 ], [ 78.3472415, 17.4671502 ], [ 78.3471431, 17.4671969 ], [ 78.3470637, 17.4672395 ], [ 78.3469452, 17.4670767 ], [ 78.3468148, 17.4668913 ], [ 78.3468677, 17.4668649 ] ] ] } },
{ "type": "Feature", "properties": { "cn": 82, "tags": { "landuse": "residential", "name": "Srivens 6 Seasons", "residential": "apartments" } }, "geometry": { "type": "Polygon", "coordinates": [ [ [ 78.3609283, 17.4426962 ], [ 78.3610099, 17.4429041 ], [ 78.3616514, 17.4426845 ], [ 78.361619, 17.4425736 ], [ 78.3615776, 17.4424414 ], [ 78.3609283, 17.4426962 ] ] ] } },
{ "type": "Feature", "properties": { "cn": 82, "tags": { "landuse": "residential", "name": "Sumadhura Horizon", "residential": "apartments" } }, "geometry": { "type": "Polygon", "coordinates": [ [ [ 78.3366553, 17.4652935 ], [ 78.3367297, 17.4652681 ], [ 78.336933, 17.465199 ], [ 78.3369922, 17.4651769 ], [ 78.3372454, 17.4651388 ], [ 78.337302, 17.46513 ], [ 78.3373663, 17.4650634 ], [ 78.3375218, 17.4648777 ], [ 78.3377736, 17.4647306 ], [ 78.3381498, 17.4645366 ], [ 78.3382109, 17.464659 ], [ 78.3383168, 17.4649564 ], [ 78.3378284, 17.4652617 ], [ 78.3380434, 17.4657027 ], [ 78.3380837, 17.4660721 ], [ 78.3381027, 17.4662613 ], [ 78.3378727, 17.466308 ], [ 78.3376649, 17.4663442 ], [ 78.3373677, 17.4664053 ], [ 78.3372192, 17.4664468 ], [ 78.3372263, 17.4664731 ], [ 78.3371796, 17.4663141 ], [ 78.3371638, 17.4662583 ], [ 78.3369821, 17.4663065 ], [ 78.3369173, 17.4663261 ], [ 78.336839, 17.4663533 ], [ 78.3367908, 17.4661656 ], [ 78.3367063, 17.4658776 ], [ 78.3365474, 17.4653221 ], [ 78.3366553, 17.4652935 ] ] ] } },
{ "type": "Feature", "properties": { "cn": 82, "tags": { "landuse": "residential", "name": "Swagruha Apartments", "residential": "apartments" } }, "geometry": { "type": "Polygon", "coordinates": [ [ [ 78.4040416, 17.4941055 ], [ 78.4044719, 17.4938955 ], [ 78.404281, 17.4934828 ], [ 78.4036862, 17.4937687 ], [ 78.403776, 17.4939546 ], [ 78.4039343, 17.4938859 ], [ 78.4040416, 17.4941055 ] ] ] } },
{ "type": "Feature", "properties": { "cn": 92, "tags": { "landuse": "commercial", "name": "T-HUB Corporate Office" } }, "geometry": { "type": "Polygon", "coordinates": [ [ [ 78.3793642, 17.43492 ], [ 78.379976, 17.4344283 ], [ 78.3798714, 17.4343041 ], [ 78.3797274, 17.4341567 ], [ 78.3791025, 17.4334406 ], [ 78.3790222, 17.4335091 ], [ 78.3789131, 17.433603 ], [ 78.3786327, 17.4338214 ], [ 78.3785649, 17.4338775 ], [ 78.3785055, 17.4339233 ], [ 78.3793642, 17.43492 ] ] ] } },
{ "type": "Feature", "properties": { "cn": 92, "tags": { "landuse": "commercial", "name": "T-Works" } }, "geometry": { "type": "Polygon", "coordinates": [ [ [ 78.3779224, 17.4355203 ], [ 78.3778905, 17.4359247 ], [ 78.3780194, 17.4360633 ], [ 78.3784167, 17.4357041 ], [ 78.3788146, 17.4353748 ], [ 78.3793642, 17.43492 ], [ 78.3785055, 17.4339233 ], [ 78.3783236, 17.4340518 ], [ 78.3782437, 17.4341222 ], [ 78.378079, 17.4342589 ], [ 78.3780312, 17.4345921 ], [ 78.3779833, 17.4349113 ], [ 78.3779523, 17.4351803 ], [ 78.3779224, 17.4355203 ] ] ] } },
{ "type": "Feature", "properties": { "cn": 92, "tags": { "landuse": "commercial", "name": "The Leela Hyderabad" } }, "geometry": { "type": "Polygon", "coordinates": [ [ [ 78.4391805, 17.4271003 ], [ 78.4390283, 17.4270259 ], [ 78.4388385, 17.42706 ], [ 78.4381967, 17.4271113 ], [ 78.4381887, 17.4273854 ], [ 78.4381913, 17.427706 ], [ 78.4383601, 17.4277764 ], [ 78.438425, 17.4279898 ], [ 78.4387166, 17.4279254 ], [ 78.4390766, 17.4278433 ], [ 78.43914, 17.4278178 ], [ 78.4392918, 17.4277244 ], [ 78.4392191, 17.4274038 ], [ 78.4391805, 17.4271003 ] ] ] } },
{ "type": "Feature", "properties": { "cn": 82, "tags": { "landuse": "residential", "name": "The Serenade", "residential": "apartments" } }, "geometry": { "type": "Polygon", "coordinates": [ [ [ 78.4038126, 17.4254744 ], [ 78.4041524, 17.4253443 ], [ 78.4040261, 17.4250831 ], [ 78.4039344, 17.4248847 ], [ 78.4035947, 17.4250393 ], [ 78.4038126, 17.4254744 ] ] ] } },
{ "type": "Feature", "properties": { "cn": 92, "tags": { "landuse": "commercial", "name": "Trendset Jayabheri Connect" } }, "geometry": { "type": "Polygon", "coordinates": [ [ [ 78.3675168, 17.4580636 ], [ 78.3676936, 17.4579901 ], [ 78.3677281, 17.4579951 ], [ 78.3677813, 17.4583958 ], [ 78.368059, 17.4583261 ], [ 78.367877, 17.4578975 ], [ 78.3675341, 17.457152 ], [ 78.3664055, 17.4576571 ], [ 78.3664871, 17.4578126 ], [ 78.3666631, 17.4581902 ], [ 78.3666938, 17.4582096 ], [ 78.3667242, 17.4582176 ], [ 78.3675168, 17.4580636 ] ] ] } },
{ "type": "Feature", "properties": { "cn": 82, "tags": { "landuse": "residential", "name": "Divine Allura", "residential": "apartments" } }, "geometry": { "type": "Polygon", "coordinates": [ [ [ 78.3217462, 17.4996492 ], [ 78.3213848, 17.499887 ], [ 78.3214965, 17.5000797 ], [ 78.3214706, 17.5000882 ], [ 78.3216029, 17.5004268 ], [ 78.3214027, 17.5004916 ], [ 78.3214071, 17.5006075 ], [ 78.3214205, 17.5007525 ], [ 78.3214608, 17.5009341 ], [ 78.3221698, 17.5006851 ], [ 78.3222288, 17.5008659 ], [ 78.3231474, 17.5005457 ], [ 78.3227467, 17.4995621 ], [ 78.3220758, 17.4998456 ], [ 78.321998, 17.4996897 ], [ 78.321903, 17.4995888 ], [ 78.3218361, 17.4995888 ], [ 78.3217462, 17.4996492 ] ] ] } },
{ "type": "Feature", "properties": { "cn": 82, "tags": { "landuse": "residential", "name": "Poojitha Estates", "residential": "apartments" } }, "geometry": { "type": "Polygon", "coordinates": [ [ [ 78.437984, 17.4490816 ], [ 78.4383099, 17.4492034 ], [ 78.4385321, 17.4492856 ], [ 78.4382521, 17.450035 ], [ 78.437696, 17.4498445 ], [ 78.437984, 17.4490816 ] ] ] } },
{ "type": "Feature", "properties": { "cn": 82, "tags": { "landuse": "residential", "name": "SMR Vinay Iconia", "residential": "apartments" } }, "geometry": { "type": "Polygon", "coordinates": [ [ [ 78.3367322, 17.4693501 ], [ 78.3365336, 17.4693324 ], [ 78.3363687, 17.4693677 ], [ 78.336324, 17.4691032 ], [ 78.3363323, 17.4688387 ], [ 78.3362809, 17.4688289 ], [ 78.3362316, 17.4686526 ], [ 78.3361412, 17.4684096 ], [ 78.3360735, 17.4683115 ], [ 78.3358208, 17.4679099 ], [ 78.3354538, 17.4674161 ], [ 78.3343446, 17.4681372 ], [ 78.3335656, 17.4686338 ], [ 78.3335103, 17.4688249 ], [ 78.3334111, 17.4690684 ], [ 78.333448, 17.4690938 ], [ 78.3334182, 17.4691571 ], [ 78.3335537, 17.469214 ], [ 78.3337629, 17.4695062 ], [ 78.333827, 17.4695873 ], [ 78.334112, 17.4700581 ], [ 78.3342597, 17.4702714 ], [ 78.3344175, 17.4704689 ], [ 78.3346033, 17.470388 ], [ 78.3348006, 17.4706508 ], [ 78.3352112, 17.4704919 ], [ 78.3355688, 17.4703909 ], [ 78.3356975, 17.4706126 ], [ 78.3359212, 17.4705402 ], [ 78.3359479, 17.4702389 ], [ 78.3363064, 17.4702191 ], [ 78.336312, 17.4703412 ], [ 78.3367747, 17.4703295 ], [ 78.33673, 17.4699471 ], [ 78.3367449, 17.4699019 ], [ 78.3367557, 17.4698644 ], [ 78.3367286, 17.4698075 ], [ 78.3366948, 17.4697545 ], [ 78.3367322, 17.4693501 ] ] ] } },
{ "type": "Feature", "properties": { "cn": 82, "tags": { "landuse": "residential", "name": "Vasantha Vihar", "residential": "apartments" } }, "geometry": { "type": "Polygon", "coordinates": [ [ [ 78.3420951, 17.4693129 ], [ 78.3418018, 17.4692976 ], [ 78.3418465, 17.4688378 ], [ 78.3421362, 17.4688473 ], [ 78.3420951, 17.4693129 ] ] ] } },
{ "type": "Feature", "properties": { "cn": 82, "tags": { "addr:city": "Hyderabad", "addr:postcode": "500049", "addr:street": "Srila Gardends Road", "landuse": "residential", "name": "Lakshmi's Emperia", "residential": "apartments" } }, "geometry": { "type": "Polygon", "coordinates": [ [ [ 78.36436, 17.5066313 ], [ 78.3647658, 17.5065336 ], [ 78.3649963, 17.5066095 ], [ 78.3652343, 17.5065417 ], [ 78.3647976, 17.5051741 ], [ 78.3638241, 17.5055381 ], [ 78.3641444, 17.5061068 ], [ 78.36436, 17.5066313 ] ] ] } },
{ "type": "Feature", "properties": { "cn": 82, "tags": { "landuse": "residential", "name": "Silpa Brindavan", "residential": "gated" } }, "geometry": { "type": "Polygon", "coordinates": [ [ [ 78.4051713, 17.5088275 ], [ 78.4048342, 17.5084174 ], [ 78.4047364, 17.50845 ], [ 78.4044612, 17.5080928 ], [ 78.4053798, 17.5074404 ], [ 78.4058651, 17.5078272 ], [ 78.4065508, 17.5073286 ], [ 78.4065802, 17.5067554 ], [ 78.4068424, 17.5066933 ], [ 78.4075509, 17.5067166 ], [ 78.4075688, 17.5064727 ], [ 78.4061616, 17.5064618 ], [ 78.4061827, 17.5060673 ], [ 78.4060841, 17.5059769 ], [ 78.4061185, 17.5055281 ], [ 78.4056994, 17.5053211 ], [ 78.4051385, 17.5053518 ], [ 78.4046163, 17.5057474 ], [ 78.404339, 17.5059421 ], [ 78.4046077, 17.506311 ], [ 78.4042402, 17.5065447 ], [ 78.403748, 17.5069156 ], [ 78.4035245, 17.5070632 ], [ 78.4035868, 17.5071882 ], [ 78.4031699, 17.5074403 ], [ 78.403387, 17.5077519 ], [ 78.4026369, 17.5082622 ], [ 78.4037845, 17.509785 ], [ 78.4039629, 17.5098957 ], [ 78.4042896, 17.5096375 ], [ 78.4047667, 17.509244 ], [ 78.4053384, 17.5089755 ], [ 78.4051713, 17.5088275 ] ] ] } },
{ "type": "Feature", "properties": { "cn": 65, "tags": { "leisure": "pitch", "sport": "basketball" } }, "geometry": { "type": "Polygon", "coordinates": [ [ [ 78.4051202, 17.5061513 ], [ 78.4053337, 17.5059971 ], [ 78.4052609, 17.5058899 ], [ 78.4050301, 17.5060406 ], [ 78.4051202, 17.5061513 ] ] ] } },
{ "type": "Feature", "properties": { "cn": 65, "tags": { "leisure": "pitch", "sport": "tennis" } }, "geometry": { "type": "Polygon", "coordinates": [ [ [ 78.4054604, 17.5061377 ], [ 78.4055979, 17.5060449 ], [ 78.4054005, 17.5057987 ], [ 78.4052677, 17.5058861 ], [ 78.4054604, 17.5061377 ] ] ] } },
{ "type": "Feature", "properties": { "cn": 65, "tags": { "leisure": "playground" } }, "geometry": { "type": "Polygon", "coordinates": [ [ [ 78.4053987, 17.5065088 ], [ 78.4053079, 17.5063875 ], [ 78.4052546, 17.5063036 ], [ 78.4052677, 17.5062385 ], [ 78.4053098, 17.5062135 ], [ 78.405379, 17.5063036 ], [ 78.405525, 17.5064428 ], [ 78.4053987, 17.5065088 ] ] ] } },
{ "type": "Feature", "properties": { "cn": 65, "tags": { "leisure": "pitch", "sport": "badminton" } }, "geometry": { "type": "Polygon", "coordinates": [ [ [ 78.4040777, 17.5096691 ], [ 78.4041953, 17.5095622 ], [ 78.4042577, 17.50964 ], [ 78.4041478, 17.5097387 ], [ 78.4040777, 17.5096691 ] ] ] } },
{ "type": "Feature", "properties": { "cn": 65, "tags": { "landuse": "recreation_ground" } }, "geometry": { "type": "Polygon", "coordinates": [ [ [ 78.405478, 17.5069074 ], [ 78.4052449, 17.5065928 ], [ 78.4055264, 17.5064883 ], [ 78.4056591, 17.5064125 ], [ 78.4058146, 17.506599 ], [ 78.4058774, 17.5066502 ], [ 78.405708, 17.5067588 ], [ 78.405478, 17.5069074 ] ] ] } },
{ "type": "Feature", "properties": { "cn": 65, "tags": { "leisure": "pitch", "sport": "soccer;cricket" } }, "geometry": { "type": "Polygon", "coordinates": [ [ [ 78.3929881, 17.4762735 ], [ 78.3929645, 17.476253 ], [ 78.3929514, 17.4762318 ], [ 78.3929421, 17.4762064 ], [ 78.3929395, 17.4761796 ], [ 78.3929419, 17.4761598 ], [ 78.3930827, 17.4759461 ], [ 78.3931228, 17.4759157 ], [ 78.3931556, 17.4759001 ], [ 78.3931916, 17.4758942 ], [ 78.3932296, 17.4758961 ], [ 78.3935523, 17.4760961 ], [ 78.3935708, 17.4761324 ], [ 78.3935739, 17.4761726 ], [ 78.3935698, 17.4762157 ], [ 78.3935534, 17.4762451 ], [ 78.393429, 17.4764314 ], [ 78.3933972, 17.4764617 ], [ 78.3933571, 17.4764745 ], [ 78.3933047, 17.4764715 ], [ 78.393281, 17.4764647 ], [ 78.3929881, 17.4762735 ] ] ] } },
{ "type": "Feature", "properties": { "cn": 92, "tags": { "landuse": "construction" } }, "geometry": { "type": "Polygon", "coordinates": [ [ [ 78.3943784, 17.4784785 ], [ 78.3945576, 17.4785254 ], [ 78.3945938, 17.4784146 ], [ 78.394413, 17.4783618 ], [ 78.3943784, 17.4784785 ] ] ] } },
{ "type": "Feature", "properties": { "cn": 92, "tags": { "landuse": "construction" } }, "geometry": { "type": "Polygon", "coordinates": [ [ [ 78.3924193, 17.4802611 ], [ 78.3925511, 17.4800337 ], [ 78.3922194, 17.4797676 ], [ 78.3920283, 17.4800369 ], [ 78.3924193, 17.4802611 ] ] ] } },
{ "type": "Feature", "properties": { "cn": 65, "tags": { "leisure": "park", "name": "Women & Children Park" } }, "geometry": { "type": "Polygon", "coordinates": [ [ [ 78.3907559, 17.4848873 ], [ 78.3906765, 17.4847216 ], [ 78.3916341, 17.4842768 ], [ 78.391752, 17.4842442 ], [ 78.3918765, 17.4842155 ], [ 78.3919843, 17.4841955 ], [ 78.3920603, 17.4841923 ], [ 78.3921213, 17.4841995 ], [ 78.3921689, 17.4842274 ], [ 78.3922157, 17.4842713 ], [ 78.3922441, 17.4843175 ], [ 78.3923118, 17.484433 ], [ 78.3923653, 17.4845789 ], [ 78.3923661, 17.4847024 ], [ 78.3923569, 17.4847359 ], [ 78.3924355, 17.484877 ], [ 78.3921113, 17.4850324 ], [ 78.3918773, 17.4844984 ], [ 78.3918439, 17.484457 ], [ 78.3907559, 17.4848873 ] ] ] } },
{ "type": "Feature", "properties": { "cn": 92, "tags": { "landuse": "construction", "operator": "Telangana Housing Board" } }, "geometry": { "type": "Polygon", "coordinates": [ [ [ 78.3925224, 17.4860491 ], [ 78.3929613, 17.4858773 ], [ 78.3927111, 17.4853804 ], [ 78.3923207, 17.4855362 ], [ 78.3925224, 17.4860491 ] ] ] } },
{ "type": "Feature", "properties": { "cn": 65, "tags": { "access": "yes", "leisure": "playground", "name": "Ramya Ground", "sport": "badminton" } }, "geometry": { "type": "Polygon", "coordinates": [ [ [ 78.3928097, 17.4867373 ], [ 78.3925224, 17.4860491 ], [ 78.3929613, 17.4858773 ], [ 78.3933067, 17.4865579 ], [ 78.3928097, 17.4867373 ] ] ] } },
{ "type": "Feature", "properties": { "cn": 65, "tags": { "leisure": "park", "name": "Butterfly Theme Park" } }, "geometry": { "type": "Polygon", "coordinates": [ [ [ 78.3946641, 17.4759337 ], [ 78.3947502, 17.4759073 ], [ 78.3946267, 17.4755415 ], [ 78.3945406, 17.4755679 ], [ 78.3946641, 17.4759337 ] ] ] } },
{ "type": "Feature", "properties": { "cn": 65, "tags": { "natural": "scrub" } }, "geometry": { "type": "Polygon", "coordinates": [ [ [ 78.3939467, 17.4769813 ], [ 78.394103, 17.47678 ], [ 78.3945048, 17.476991 ], [ 78.3949126, 17.4763465 ], [ 78.3947502, 17.4759073 ], [ 78.3946641, 17.4759337 ], [ 78.3945406, 17.4755679 ], [ 78.3946267, 17.4755415 ], [ 78.3942707, 17.4747388 ], [ 78.3923665, 17.4755373 ], [ 78.3924708, 17.4756777 ], [ 78.3921469, 17.4758576 ], [ 78.3927818, 17.4762496 ], [ 78.393124, 17.475739 ], [ 78.393673, 17.4760828 ], [ 78.3936989, 17.4761727 ], [ 78.3936897, 17.4762438 ], [ 78.3936487, 17.4763207 ], [ 78.3936, 17.4763744 ], [ 78.3935711, 17.476444 ], [ 78.3936608, 17.476473 ], [ 78.3936167, 17.4767602 ], [ 78.3939467, 17.4769813 ] ] ] } },
{ "type": "Feature", "properties": { "cn": 65, "tags": { "access": "yes", "leisure": "playground", "operator": "GHMC", "pets_allowed": "no" } }, "geometry": { "type": "Polygon", "coordinates": [ [ [ 78.3936167, 17.4767602 ], [ 78.3936608, 17.476473 ], [ 78.3935711, 17.476444 ], [ 78.3936, 17.4763744 ], [ 78.3936487, 17.4763207 ], [ 78.3936897, 17.4762438 ], [ 78.3936989, 17.4761727 ], [ 78.393673, 17.4760828 ], [ 78.393124, 17.475739 ], [ 78.3927818, 17.4762496 ], [ 78.3936167, 17.4767602 ] ] ] } },
{ "type": "Feature", "properties": { "cn": 92, "tags": { "landuse": "construction" } }, "geometry": { "type": "Polygon", "coordinates": [ [ [ 78.3896717, 17.4749437 ], [ 78.3890376, 17.4751768 ], [ 78.3903468, 17.4770263 ], [ 78.390442, 17.4770646 ], [ 78.3905491, 17.4770135 ], [ 78.3908362, 17.476717 ], [ 78.3907997, 17.4766924 ], [ 78.3907502, 17.4767146 ], [ 78.3905098, 17.476376 ], [ 78.3896304, 17.475114 ], [ 78.389664, 17.4749755 ], [ 78.3896717, 17.4749437 ] ] ] } },
{ "type": "Feature", "properties": { "cn": 65, "tags": { "access": "private", "leisure": "playground" } }, "geometry": { "type": "Polygon", "coordinates": [ [ [ 78.3918747, 17.4744391 ], [ 78.3918824, 17.4741276 ], [ 78.3917306, 17.4741242 ], [ 78.3917229, 17.4744357 ], [ 78.3918747, 17.4744391 ] ] ] } },
{ "type": "Feature", "properties": { "cn": 98, "tags": { "access": "private", "leisure": "swimming_pool" } }, "geometry": { "type": "Polygon", "coordinates": [ [ [ 78.3923411, 17.4741548 ], [ 78.3924009, 17.4741252 ], [ 78.3922871, 17.4739158 ], [ 78.3922273, 17.4739454 ], [ 78.3923411, 17.4741548 ] ] ] } },
{ "type": "Feature", "properties": { "cn": 98, "tags": { "access": "private", "leisure": "swimming_pool" } }, "geometry": { "type": "Polygon", "coordinates": [ [ [ 78.3909494, 17.4762005 ], [ 78.391058, 17.4762057 ], [ 78.3910698, 17.4759801 ], [ 78.3909612, 17.4759749 ], [ 78.3909494, 17.4762005 ] ] ] } },
{ "type": "Feature", "properties": { "cn": 65, "tags": { "leisure": "pitch", "sport": "tennis" } }, "geometry": { "type": "Polygon", "coordinates": [ [ [ 78.3907675, 17.4775172 ], [ 78.3906402, 17.4774245 ], [ 78.3908462, 17.4771672 ], [ 78.3909735, 17.47726 ], [ 78.3907675, 17.4775172 ] ] ] } },
{ "type": "Feature", "properties": { "cn": 98, "tags": { "natural": "water", "water": "lake" } }, "geometry": { "type": "Polygon", "coordinates": [ [ [ 78.3904364, 17.4799948 ], [ 78.3905994, 17.4798599 ], [ 78.3907497, 17.4796899 ], [ 78.3908478, 17.4795429 ], [ 78.3909955, 17.4792453 ], [ 78.3910732, 17.4790436 ], [ 78.3910949, 17.4789039 ], [ 78.3911038, 17.4786913 ], [ 78.3911649, 17.4783816 ], [ 78.3912337, 17.4781022 ], [ 78.3913139, 17.4779527 ], [ 78.3914782, 17.4777256 ], [ 78.391491, 17.4776539 ], [ 78.391482, 17.477468 ], [ 78.3914731, 17.4773769 ], [ 78.3914222, 17.4773757 ], [ 78.3913661, 17.477513 ], [ 78.3913101, 17.4775555 ], [ 78.3912859, 17.4775276 ], [ 78.3912808, 17.4774899 ], [ 78.3912935, 17.4773915 ], [ 78.3912935, 17.4773356 ], [ 78.3912617, 17.4773089 ], [ 78.3912146, 17.477304 ], [ 78.3911293, 17.4773174 ], [ 78.3909981, 17.4774231 ], [ 78.3908987, 17.4775215 ], [ 78.3908605, 17.4775834 ], [ 78.3907956, 17.4776381 ], [ 78.3907179, 17.4777134 ], [ 78.3907395, 17.4778179 ], [ 78.3907344, 17.478005 ], [ 78.3907701, 17.4780924 ], [ 78.3907599, 17.4781848 ], [ 78.3907701, 17.4783342 ], [ 78.3907676, 17.4784715 ], [ 78.3907383, 17.4787132 ], [ 78.3906631, 17.478927 ], [ 78.3905931, 17.479023 ], [ 78.3905128, 17.4793145 ], [ 78.3903702, 17.4796984 ], [ 78.390281, 17.4799025 ], [ 78.3904364, 17.4799948 ] ] ] } },
{ "type": "Feature", "properties": { "cn": 98, "tags": { "name": "Kindi Kunta Lake", "natural": "water", "water": "lake" } }, "geometry": { "type": "Polygon", "coordinates": [ [ [ 78.3902712, 17.5056752 ], [ 78.3904667, 17.5056745 ], [ 78.3906904, 17.5056144 ], [ 78.3909391, 17.5055041 ], [ 78.3910668, 17.5054603 ], [ 78.3913395, 17.5053768 ], [ 78.3916245, 17.5053237 ], [ 78.3921565, 17.5052007 ], [ 78.392155, 17.5051681 ], [ 78.3920999, 17.5049161 ], [ 78.3912876, 17.5047433 ], [ 78.3911372, 17.5046913 ], [ 78.3910271, 17.5047197 ], [ 78.391039, 17.5048883 ], [ 78.3901778, 17.5050934 ], [ 78.3902712, 17.5056752 ] ] ] } },
{ "type": "Feature", "properties": { "cn": 65, "tags": { "leisure": "park", "name": "Samatha Nagar Park" } }, "geometry": { "type": "Polygon", "coordinates": [ [ [ 78.3929554, 17.5027034 ], [ 78.3929498, 17.5023043 ], [ 78.392862, 17.5018643 ], [ 78.3927761, 17.5014243 ], [ 78.3923427, 17.5014546 ], [ 78.392367, 17.5017253 ], [ 78.3924119, 17.5020763 ], [ 78.3924156, 17.5021351 ], [ 78.3925071, 17.5021208 ], [ 78.3925389, 17.5025555 ], [ 78.3925482, 17.5027105 ], [ 78.3929554, 17.5027034 ] ] ] } },
{ "type": "Feature", "properties": { "cn": 65, "tags": { "leisure": "park" } }, "geometry": { "type": "Polygon", "coordinates": [ [ [ 78.392797, 17.5010949 ], [ 78.3930296, 17.5010639 ], [ 78.3927726, 17.5002682 ], [ 78.392797, 17.5010949 ] ] ] } },
{ "type": "Feature", "properties": { "cn": 65, "tags": { "leisure": "park", "name": "Kindi Kunta Park" } }, "geometry": { "type": "Polygon", "coordinates": [ [ [ 78.3894764, 17.5052371 ], [ 78.3895536, 17.5056771 ], [ 78.3901523, 17.5056607 ], [ 78.3901051, 17.5050979 ], [ 78.3894764, 17.5052371 ] ] ] } },
{ "type": "Feature", "properties": { "cn": 65, "tags": { "leisure": "park", "name": "Tree Park" } }, "geometry": { "type": "Polygon", "coordinates": [ [ [ 78.3266077, 17.4418659 ], [ 78.3265626, 17.4417528 ], [ 78.3259103, 17.4419403 ], [ 78.3259923, 17.442196 ], [ 78.3266077, 17.4418659 ] ] ] } },
{ "type": "Feature", "properties": { "cn": 98, "tags": { "name": "Nizampet Cheruvu", "natural": "water", "water": "pond" } }, "geometry": { "type": "Polygon", "coordinates": [ [ [ 78.3786579, 17.5214801 ], [ 78.3788206, 17.521434 ], [ 78.3789952, 17.521401 ], [ 78.3799313, 17.5210745 ], [ 78.3803698, 17.5210507 ], [ 78.3803584, 17.5205337 ], [ 78.3804691, 17.5203016 ], [ 78.3804368, 17.5198659 ], [ 78.3803046, 17.5194933 ], [ 78.3800734, 17.5194483 ], [ 78.3797532, 17.5197203 ], [ 78.3794777, 17.5199963 ], [ 78.3791347, 17.5202767 ], [ 78.3787698, 17.520467 ], [ 78.3785179, 17.5206204 ], [ 78.3784626, 17.5209975 ], [ 78.3785433, 17.5213699 ], [ 78.3785462, 17.5215136 ], [ 78.3786579, 17.5214801 ] ] ] } },
{ "type": "Feature", "properties": { "cn": 98, "tags": { "intermittent": "no", "name": "Cognitive Lake", "natural": "water", "salt": "no", "tidal": "no", "water": "lake" } }, "geometry": { "type": "Polygon", "coordinates": [ [ [ 78.3304031, 17.4645952 ], [ 78.3303798, 17.4645643 ], [ 78.3303699, 17.4645332 ], [ 78.3303699, 17.4645046 ], [ 78.3303769, 17.464482 ], [ 78.3303746, 17.4644607 ], [ 78.330367, 17.4644411 ], [ 78.3303558, 17.4644138 ], [ 78.3303263, 17.4644013 ], [ 78.3303158, 17.4643825 ], [ 78.3303166, 17.4643604 ], [ 78.3303384, 17.4643288 ], [ 78.3303602, 17.4643122 ], [ 78.3303869, 17.4642877 ], [ 78.3304017, 17.4642754 ], [ 78.3304095, 17.4642608 ], [ 78.3304221, 17.4642554 ], [ 78.3304525, 17.464263 ], [ 78.3304853, 17.4642765 ], [ 78.3304959, 17.4642841 ], [ 78.3305074, 17.4643001 ], [ 78.3305151, 17.4643173 ], [ 78.3305154, 17.4643365 ], [ 78.3305098, 17.4643666 ], [ 78.3305152, 17.4643884 ], [ 78.3305312, 17.4644064 ], [ 78.3305545, 17.4644366 ], [ 78.3305648, 17.4644584 ], [ 78.3305618, 17.4644936 ], [ 78.3305404, 17.4645333 ], [ 78.3305196, 17.4645694 ], [ 78.3305159, 17.4645968 ], [ 78.3305067, 17.4646188 ], [ 78.3304824, 17.4646276 ], [ 78.330438, 17.4646216 ], [ 78.3304031, 17.4645952 ] ] ] } },
{ "type": "Feature", "properties": { "cn": 65, "tags": { "landuse": "grass" } }, "geometry": { "type": "Polygon", "coordinates": [ [ [ 78.3276943, 17.4649734 ], [ 78.327911, 17.4652216 ], [ 78.3279007, 17.4652298 ], [ 78.3277481, 17.4652325 ], [ 78.3277319, 17.4652128 ], [ 78.3276775, 17.4651444 ], [ 78.3276649, 17.4651269 ], [ 78.3276836, 17.4649819 ], [ 78.3276943, 17.4649734 ] ] ] } },
{ "type": "Feature", "properties": { "cn": 65, "tags": { "natural": "tree_row" } }, "geometry": { "type": "Polygon", "coordinates": [ [ [ 78.3280285, 17.4652618 ], [ 78.3284807, 17.4658322 ], [ 78.3285632, 17.4659423 ], [ 78.3286159, 17.4659943 ], [ 78.3286931, 17.4660485 ], [ 78.3287795, 17.4660839 ], [ 78.3288705, 17.4660963 ], [ 78.3289269, 17.4660936 ], [ 78.3289833, 17.4660797 ], [ 78.3289992, 17.4660727 ], [ 78.3280285, 17.4652618 ] ] ] } },
{ "type": "Feature", "properties": { "cn": 65, "tags": { "natural": "tree_row" } }, "geometry": { "type": "Polygon", "coordinates": [ [ [ 78.3318721, 17.4643277 ], [ 78.332253, 17.464102 ], [ 78.3323807, 17.4640197 ], [ 78.3324969, 17.4639359 ], [ 78.3326087, 17.4638457 ], [ 78.3326878, 17.4637705 ], [ 78.3328304, 17.4636126 ], [ 78.3330206, 17.4633801 ], [ 78.3331581, 17.4631952 ], [ 78.3332396, 17.4630782 ], [ 78.3333154, 17.4629502 ], [ 78.3334052, 17.4627774 ], [ 78.3335974, 17.4624041 ], [ 78.3341126, 17.4613481 ], [ 78.3318721, 17.4643277 ] ] ] } },
{ "type": "Feature", "properties": { "cn": 65, "tags": { "natural": "tree_row" } }, "geometry": { "type": "Polygon", "coordinates": [ [ [ 78.327214, 17.4642386 ], [ 78.3271724, 17.4641786 ], [ 78.3271615, 17.4641155 ], [ 78.3271633, 17.4640328 ], [ 78.3271974, 17.4639393 ], [ 78.3273646, 17.4637382 ], [ 78.327214, 17.4642386 ] ] ] } },
{ "type": "Feature", "properties": { "cn": 65, "tags": { "natural": "tree_row" } }, "geometry": { "type": "Polygon", "coordinates": [ [ [ 78.328176, 17.4629447 ], [ 78.3282738, 17.4628272 ], [ 78.3283641, 17.462656 ], [ 78.3291632, 17.4608673 ], [ 78.3293587, 17.4604169 ], [ 78.328176, 17.4629447 ] ] ] } },
{ "type": "Feature", "properties": { "cn": 65, "tags": { "landuse": "grass" } }, "geometry": { "type": "Polygon", "coordinates": [ [ [ 78.3271969, 17.4643276 ], [ 78.3272227, 17.4644969 ], [ 78.3273573, 17.4646641 ], [ 78.3275314, 17.4647386 ], [ 78.3272097, 17.4643193 ], [ 78.3271969, 17.4643276 ] ] ] } },
{ "type": "Feature", "properties": { "cn": 65, "tags": { "leisure": "track", "sport": "running" } }, "geometry": { "type": "Polygon", "coordinates": [ [ [ 78.3276646, 17.4614543 ], [ 78.3277999, 17.4614387 ], [ 78.3279235, 17.4613841 ], [ 78.3280233, 17.4612956 ], [ 78.3280895, 17.461182 ], [ 78.3281243, 17.4610638 ], [ 78.3281244, 17.4609716 ], [ 78.3281158, 17.4603381 ], [ 78.3280974, 17.4601973 ], [ 78.3280451, 17.4600904 ], [ 78.3279735, 17.4599967 ], [ 78.3278772, 17.4599255 ], [ 78.3277635, 17.4598826 ], [ 78.3276413, 17.4598717 ], [ 78.3275205, 17.459894 ], [ 78.3274107, 17.459948 ], [ 78.3273212, 17.4600297 ], [ 78.3272614, 17.4601275 ], [ 78.3272205, 17.4602352 ], [ 78.3272183, 17.4603814 ], [ 78.3272464, 17.4610233 ], [ 78.3272624, 17.4611524 ], [ 78.3273195, 17.4612704 ], [ 78.327412, 17.4613657 ], [ 78.3275309, 17.4614291 ], [ 78.3276646, 17.4614543 ] ] ] } },
{ "type": "Feature", "properties": { "cn": 65, "tags": { "leisure": "pitch" } }, "geometry": { "type": "Polygon", "coordinates": [ [ [ 78.3270745, 17.4595984 ], [ 78.3282459, 17.4596061 ], [ 78.3282543, 17.4603001 ], [ 78.3287404, 17.4603253 ], [ 78.3287414, 17.4603916 ], [ 78.3287462, 17.4606922 ], [ 78.3287032, 17.4609463 ], [ 78.3286129, 17.4613314 ], [ 78.3284389, 17.461326 ], [ 78.3284213, 17.4614447 ], [ 78.3282256, 17.461438 ], [ 78.3280779, 17.4614463 ], [ 78.3279329, 17.4614825 ], [ 78.327801, 17.4615045 ], [ 78.3276554, 17.4615022 ], [ 78.3275252, 17.4614939 ], [ 78.3274449, 17.4614705 ], [ 78.3273538, 17.4614343 ], [ 78.3272895, 17.4614025 ], [ 78.3271907, 17.461378 ], [ 78.3270889, 17.4613716 ], [ 78.3270745, 17.4595984 ] ] ] } },
{ "type": "Feature", "properties": { "cn": 98, "tags": { "intermittent": "yes", "natural": "water", "water": "lake" } }, "geometry": { "type": "Polygon", "coordinates": [ [ [ 78.3291708, 17.4654639 ], [ 78.3291062, 17.4654336 ], [ 78.3291088, 17.4653879 ], [ 78.3291632, 17.4653365 ], [ 78.3292193, 17.4652816 ], [ 78.3292408, 17.4652466 ], [ 78.3292421, 17.4652001 ], [ 78.329263, 17.465193 ], [ 78.3292966, 17.4652315 ], [ 78.3293157, 17.465263 ], [ 78.3293372, 17.4652873 ], [ 78.3293552, 17.4653111 ], [ 78.3293831, 17.4653192 ], [ 78.3293961, 17.4653137 ], [ 78.3294052, 17.4652821 ], [ 78.3293875, 17.4652548 ], [ 78.3293703, 17.4652325 ], [ 78.3293548, 17.4651938 ], [ 78.3293728, 17.4651715 ], [ 78.329411, 17.4651398 ], [ 78.3294437, 17.4651078 ], [ 78.329474, 17.465124 ], [ 78.329474, 17.4651984 ], [ 78.3294989, 17.4652129 ], [ 78.3295381, 17.4652455 ], [ 78.3295753, 17.4652644 ], [ 78.3296108, 17.465298 ], [ 78.3296201, 17.4653448 ], [ 78.3296123, 17.4654116 ], [ 78.329575, 17.4654631 ], [ 78.329511, 17.4655067 ], [ 78.3294674, 17.4655021 ], [ 78.329395, 17.4654885 ], [ 78.329347, 17.4654878 ], [ 78.3293217, 17.4654878 ], [ 78.3292689, 17.4654903 ], [ 78.3292345, 17.465486 ], [ 78.3292144, 17.4654627 ], [ 78.3292054, 17.4654414 ], [ 78.3291894, 17.4654492 ], [ 78.3291708, 17.4654639 ] ] ] } },
{ "type": "Feature", "properties": { "cn": 98, "tags": { "natural": "water", "water": "lake" } }, "geometry": { "type": "Polygon", "coordinates": [ [ [ 78.3303655, 17.4656686 ], [ 78.330392, 17.4657268 ], [ 78.3304288, 17.4657801 ], [ 78.33046, 17.4657693 ], [ 78.3304695, 17.4657442 ], [ 78.3305365, 17.4657263 ], [ 78.3306106, 17.4657134 ], [ 78.3306547, 17.4657146 ], [ 78.3307135, 17.4657404 ], [ 78.3308053, 17.4657404 ], [ 78.3308828, 17.4657441 ], [ 78.3309451, 17.4657309 ], [ 78.3310019, 17.4656955 ], [ 78.3310395, 17.4656507 ], [ 78.3310745, 17.4655984 ], [ 78.3310669, 17.4655388 ], [ 78.3310442, 17.4655006 ], [ 78.33101, 17.4654569 ], [ 78.3309735, 17.4654521 ], [ 78.3309347, 17.4654221 ], [ 78.3308641, 17.4653661 ], [ 78.3308218, 17.4653435 ], [ 78.3307737, 17.465335 ], [ 78.3307073, 17.4653457 ], [ 78.3306352, 17.4653565 ], [ 78.3305892, 17.4653735 ], [ 78.3305204, 17.4653735 ], [ 78.3304348, 17.4653749 ], [ 78.3303728, 17.4654038 ], [ 78.3302881, 17.4654267 ], [ 78.3302637, 17.4654602 ], [ 78.3302637, 17.4654871 ], [ 78.3302868, 17.4655258 ], [ 78.3303718, 17.4655245 ], [ 78.3304049, 17.465493 ], [ 78.3304811, 17.4654918 ], [ 78.330566, 17.46551 ], [ 78.3305359, 17.4655596 ], [ 78.3304664, 17.465583 ], [ 78.3304105, 17.4656015 ], [ 78.3303587, 17.4656213 ], [ 78.3303655, 17.4656686 ] ] ] } },
{ "type": "Feature", "properties": { "cn": 65, "tags": { "leisure": "pitch", "sport": "tennis" } }, "geometry": { "type": "Polygon", "coordinates": [ [ [ 78.337119, 17.454098 ], [ 78.337206, 17.4542331 ], [ 78.3375023, 17.4540597 ], [ 78.3374153, 17.4539245 ], [ 78.337119, 17.454098 ] ] ] } },
{ "type": "Feature", "properties": { "cn": 65, "tags": { "leisure": "pitch", "sport": "tennis" } }, "geometry": { "type": "Polygon", "coordinates": [ [ [ 78.337206, 17.4542331 ], [ 78.3372923, 17.4543673 ], [ 78.3375887, 17.4541941 ], [ 78.3375023, 17.4540597 ], [ 78.337206, 17.4542331 ] ] ] } },
{ "type": "Feature", "properties": { "cn": 65, "tags": { "leisure": "pitch" } }, "geometry": { "type": "Polygon", "coordinates": [ [ [ 78.3367233, 17.454424 ], [ 78.3370329, 17.4552088 ], [ 78.3379087, 17.4549221 ], [ 78.3376178, 17.4542246 ], [ 78.3372832, 17.4544112 ], [ 78.3371322, 17.454177 ], [ 78.3367233, 17.454424 ] ] ] } },
{ "type": "Feature", "properties": { "cn": 82, "tags": { "addr:city": "Hyderabad", "addr:country": "IN", "addr:postcode": "500032", "addr:state": "Telangana", "addr:street": "My Home Vihanga Road, Gachibowli", "landuse": "residential", "name": "My Home Krishe" } }, "geometry": { "type": "Polygon", "coordinates": [ [ [ 78.3287759, 17.4327642 ], [ 78.3302614, 17.4325412 ], [ 78.3305023, 17.4323372 ], [ 78.3305761, 17.4321045 ], [ 78.3302594, 17.4321651 ], [ 78.3297581, 17.4313921 ], [ 78.3288103, 17.4317486 ], [ 78.3286676, 17.4322533 ], [ 78.3286938, 17.4326045 ], [ 78.3287759, 17.4327642 ] ] ] } },
{ "type": "Feature", "properties": { "cn": 65, "tags": { "leisure": "park", "name": "Jubilee Garden GHMC Park Road No. 1" } }, "geometry": { "type": "Polygon", "coordinates": [ [ [ 78.3698409, 17.4604992 ], [ 78.369317, 17.4606588 ], [ 78.3689525, 17.459631 ], [ 78.3690417, 17.459597 ], [ 78.3694239, 17.4603556 ], [ 78.3698339, 17.4604501 ], [ 78.3698409, 17.4604992 ] ] ] } },
{ "type": "Feature", "properties": { "cn": 92, "tags": { "landuse": "military", "name": "CRPF Camp", "wall": "yes" } }, "geometry": { "type": "Polygon", "coordinates": [ [ [ 78.3733324, 17.5070423 ], [ 78.3736765, 17.5068196 ], [ 78.3739512, 17.5067747 ], [ 78.3740185, 17.5072112 ], [ 78.3733745, 17.507286 ], [ 78.3733324, 17.5070423 ] ] ] } },
{ "type": "Feature", "properties": { "cn": 82, "tags": { "landuse": "residential", "name": "Candeur 40", "residential": "apartments" } }, "geometry": { "type": "Polygon", "coordinates": [ [ [ 78.364297, 17.5045443 ], [ 78.3641282, 17.5038778 ], [ 78.3635428, 17.503926 ], [ 78.3622729, 17.5041088 ], [ 78.362442, 17.5048459 ], [ 78.3624705, 17.5049777 ], [ 78.364297, 17.5045443 ] ] ] } },
{ "type": "Feature", "properties": { "cn": 82, "tags": { "landuse": "residential", "name": "RV Dharmista", "residential": "apartments" } }, "geometry": { "type": "Polygon", "coordinates": [ [ [ 78.3622594, 17.5040941 ], [ 78.3634099, 17.5038989 ], [ 78.3633413, 17.5034602 ], [ 78.3621874, 17.5036198 ], [ 78.3622512, 17.5040338 ], [ 78.3622594, 17.5040941 ] ] ] } },
{ "type": "Feature", "properties": { "cn": 82, "tags": { "landuse": "residential", "residential": "apartments" } }, "geometry": { "type": "Polygon", "coordinates": [ [ [ 78.3630906, 17.5034592 ], [ 78.3630438, 17.5031512 ], [ 78.3638478, 17.5030401 ], [ 78.3638946, 17.5033483 ], [ 78.3630906, 17.5034592 ] ] ] } },
{ "type": "Feature", "properties": { "cn": 92, "tags": { "landuse": "commercial", "name": "Naren Convention" } }, "geometry": { "type": "Polygon", "coordinates": [ [ [ 78.3631185, 17.5029261 ], [ 78.3638165, 17.5028282 ], [ 78.364553, 17.5026381 ], [ 78.3648829, 17.5025613 ], [ 78.3651623, 17.5024963 ], [ 78.3647271, 17.5011216 ], [ 78.3642217, 17.5012921 ], [ 78.3638679, 17.5013044 ], [ 78.3638648, 17.5015489 ], [ 78.3636668, 17.5016859 ], [ 78.3631222, 17.5018968 ], [ 78.3631757, 17.5020806 ], [ 78.3629083, 17.5021663 ], [ 78.3631185, 17.5029261 ] ] ] } },
{ "type": "Feature", "properties": { "cn": 92, "tags": { "check_date": "2025-11-01", "construction": "residential", "landuse": "construction", "name": "Vertex Viraat", "opening_date": "2028-10-01", "residential": "apartments" } }, "geometry": { "type": "Polygon", "coordinates": [ [ [ 78.3622241, 17.5022589 ], [ 78.3636537, 17.5016726 ], [ 78.3638471, 17.5015442 ], [ 78.3638493, 17.5012929 ], [ 78.3642184, 17.5012787 ], [ 78.364701, 17.5009443 ], [ 78.364915, 17.5011969 ], [ 78.36498, 17.5012724 ], [ 78.3656544, 17.5009245 ], [ 78.3657253, 17.500732 ], [ 78.3657068, 17.5004878 ], [ 78.3655704, 17.500501 ], [ 78.3655437, 17.5004259 ], [ 78.3652679, 17.4998776 ], [ 78.3643613, 17.5000051 ], [ 78.3641096, 17.5001117 ], [ 78.3637272, 17.5001571 ], [ 78.3636242, 17.5005499 ], [ 78.3629876, 17.5007382 ], [ 78.3628383, 17.5008897 ], [ 78.3622581, 17.5010994 ], [ 78.3622241, 17.5022589 ] ] ] } },
{ "type": "Feature", "properties": { "cn": 92, "tags": { "construction": "residential", "landuse": "construction", "name": "Vardhana Towers" } }, "geometry": { "type": "Polygon", "coordinates": [ [ [ 78.3587496, 17.5001418 ], [ 78.360286, 17.4999264 ], [ 78.3602399, 17.4995263 ], [ 78.3600787, 17.4995475 ], [ 78.360054, 17.4993374 ], [ 78.360227, 17.4993194 ], [ 78.3601955, 17.4989984 ], [ 78.3600159, 17.4990161 ], [ 78.3599843, 17.4987713 ], [ 78.3586922, 17.499737 ], [ 78.3587496, 17.5001418 ] ] ] } },
{ "type": "Feature", "properties": { "cn": 98, "tags": { "natural": "water", "water": "pond" } }, "geometry": { "type": "Polygon", "coordinates": [ [ [ 78.3564738, 17.4555781 ], [ 78.3564317, 17.4549941 ], [ 78.3567083, 17.4548702 ], [ 78.3567768, 17.455087 ], [ 78.3570414, 17.4553417 ], [ 78.3567901, 17.4555815 ], [ 78.3564738, 17.4555781 ] ] ] } },
{ "type": "Feature", "properties": { "cn": 85, "tags": { "natural": "rock" } }, "geometry": { "type": "Polygon", "coordinates": [ [ [ 78.3570414, 17.4553417 ], [ 78.3567768, 17.455087 ], [ 78.3567083, 17.4548702 ], [ 78.3567456, 17.4547554 ], [ 78.3569512, 17.454674 ], [ 78.3572615, 17.4549161 ], [ 78.3575706, 17.4555425 ], [ 78.3570414, 17.4553417 ] ] ] } },
{ "type": "Feature", "properties": { "cn": 98, "tags": { "natural": "water", "water": "pond" } }, "geometry": { "type": "Polygon", "coordinates": [ [ [ 78.3578963, 17.4577245 ], [ 78.3575209, 17.4576769 ], [ 78.3572354, 17.4574295 ], [ 78.3573127, 17.457188 ], [ 78.3577828, 17.4571118 ], [ 78.3578751, 17.4572451 ], [ 78.3580796, 17.4571773 ], [ 78.3581719, 17.4573759 ], [ 78.3578963, 17.4577245 ] ] ] } },
{ "type": "Feature", "properties": { "cn": 98, "tags": { "natural": "water", "water": "pond" } }, "geometry": { "type": "Polygon", "coordinates": [ [ [ 78.3599644, 17.4568417 ], [ 78.3598305, 17.4567823 ], [ 78.3597969, 17.4567135 ], [ 78.3598436, 17.4566794 ], [ 78.3599444, 17.4566799 ], [ 78.3600354, 17.4567254 ], [ 78.3600256, 17.4567957 ], [ 78.3599644, 17.4568417 ] ] ] } },
{ "type": "Feature", "properties": { "cn": 98, "tags": { "natural": "water", "water": "pond" } }, "geometry": { "type": "Polygon", "coordinates": [ [ [ 78.3597747, 17.4566815 ], [ 78.3596902, 17.4567058 ], [ 78.359623, 17.4566313 ], [ 78.3596848, 17.4565667 ], [ 78.3597823, 17.4565962 ], [ 78.35983, 17.4566386 ], [ 78.3597747, 17.4566815 ] ] ] } },
{ "type": "Feature", "properties": { "cn": 98, "tags": { "natural": "water", "water": "pond" } }, "geometry": { "type": "Polygon", "coordinates": [ [ [ 78.3600419, 17.4566706 ], [ 78.3598918, 17.4566479 ], [ 78.3598674, 17.4565796 ], [ 78.3598977, 17.4565295 ], [ 78.3599915, 17.4564974 ], [ 78.3600804, 17.4565574 ], [ 78.3600419, 17.4566706 ] ] ] } },
{ "type": "Feature", "properties": { "cn": 98, "tags": { "natural": "water", "water": "lake" } }, "geometry": { "type": "Polygon", "coordinates": [ [ [ 78.3732777, 17.4649357 ], [ 78.3729612, 17.4646801 ], [ 78.373002, 17.4642258 ], [ 78.3735723, 17.4642393 ], [ 78.374047, 17.4645546 ], [ 78.3732777, 17.4649357 ] ] ] } },
{ "type": "Feature", "properties": { "cn": 65, "tags": { "leisure": "pitch", "sport": "cricket" } }, "geometry": { "type": "Polygon", "coordinates": [ [ [ 78.3741181, 17.4624023 ], [ 78.3743073, 17.4620355 ], [ 78.3744903, 17.4621214 ], [ 78.3743011, 17.4624882 ], [ 78.3741181, 17.4624023 ] ] ] } },
{ "type": "Feature", "properties": { "cn": 65, "tags": { "leisure": "pitch", "sport": "cricket" } }, "geometry": { "type": "Polygon", "coordinates": [ [ [ 78.3724595, 17.4613442 ], [ 78.3725977, 17.4610673 ], [ 78.3733185, 17.4613946 ], [ 78.3731804, 17.4616714 ], [ 78.3724595, 17.4613442 ] ] ] } },
{ "type": "Feature", "properties": { "cn": 92, "tags": { "landuse": "brownfield" } }, "geometry": { "type": "Polygon", "coordinates": [ [ [ 78.3792651, 17.4206403 ], [ 78.378557, 17.4200875 ], [ 78.3778864, 17.4196269 ], [ 78.377248, 17.4192788 ], [ 78.3767277, 17.4191713 ], [ 78.3753759, 17.4193198 ], [ 78.3753705, 17.4195859 ], [ 78.3751881, 17.4195962 ], [ 78.3752578, 17.4208502 ], [ 78.3756548, 17.4208092 ], [ 78.3762878, 17.4218738 ], [ 78.376438, 17.4226621 ], [ 78.3792651, 17.4206403 ] ] ] } },
{ "type": "Feature", "properties": { "cn": 92, "tags": { "landuse": "construction" } }, "geometry": { "type": "Polygon", "coordinates": [ [ [ 78.3648562, 17.4225699 ], [ 78.3657199, 17.422355 ], [ 78.3664548, 17.422227 ], [ 78.3668411, 17.4221451 ], [ 78.368547, 17.4215923 ], [ 78.3698398, 17.4212238 ], [ 78.3701509, 17.4192942 ], [ 78.3690619, 17.4192737 ], [ 78.3690512, 17.4197599 ], [ 78.3681875, 17.4198367 ], [ 78.3671844, 17.4199391 ], [ 78.3670556, 17.4206045 ], [ 78.3669913, 17.4212085 ], [ 78.3656073, 17.4213825 ], [ 78.3645022, 17.4213927 ], [ 78.3644915, 17.4217561 ], [ 78.364588, 17.4220581 ], [ 78.3648562, 17.4225699 ] ] ] } },
{ "type": "Feature", "properties": { "cn": 65, "tags": { "natural": "scrub" } }, "geometry": { "type": "Polygon", "coordinates": [ [ [ 78.3208251, 17.4129933 ], [ 78.3198595, 17.4145903 ], [ 78.3143234, 17.4140375 ], [ 78.314023, 17.4128295 ], [ 78.308723, 17.4131776 ], [ 78.3073068, 17.4138532 ], [ 78.3056545, 17.414017 ], [ 78.3028221, 17.414836 ], [ 78.3029079, 17.4168117 ], [ 78.3014595, 17.4167298 ], [ 78.30176, 17.417559 ], [ 78.3017385, 17.4191969 ], [ 78.3029401, 17.4211419 ], [ 78.3024895, 17.4214081 ], [ 78.3034122, 17.4227798 ], [ 78.3045924, 17.422575 ], [ 78.3064163, 17.4239058 ], [ 78.3068454, 17.4254413 ], [ 78.3053648, 17.4266697 ], [ 78.3051073, 17.4308256 ], [ 78.3107507, 17.4283075 ], [ 78.3103216, 17.4274271 ], [ 78.3099139, 17.4241515 ], [ 78.3135188, 17.4243153 ], [ 78.3171987, 17.4220837 ], [ 78.3196449, 17.4244586 ], [ 78.3222198, 17.4239672 ], [ 78.3220911, 17.4224932 ], [ 78.3253526, 17.4222475 ], [ 78.3253526, 17.4181118 ], [ 78.3224344, 17.4176205 ], [ 78.3225417, 17.41717 ], [ 78.3206212, 17.4169551 ], [ 78.3208251, 17.4129933 ] ] ] } },
{ "type": "Feature", "properties": { "cn": 92, "tags": { "landuse": "construction" } }, "geometry": { "type": "Polygon", "coordinates": [ [ [ 78.3201204, 17.4816239 ], [ 78.3199239, 17.4803363 ], [ 78.3180463, 17.480587 ], [ 78.3181643, 17.4808684 ], [ 78.3185935, 17.4812931 ], [ 78.3186375, 17.4817902 ], [ 78.3201204, 17.4816239 ] ] ] } },
{ "type": "Feature", "properties": { "cn": 92, "tags": { "industrial": "concrete_plant", "landuse": "industrial" } }, "geometry": { "type": "Polygon", "coordinates": [ [ [ 78.3869387, 17.4358066 ], [ 78.3869675, 17.4356946 ], [ 78.3871442, 17.4355655 ], [ 78.3875113, 17.4353584 ], [ 78.3876353, 17.4359402 ], [ 78.386976, 17.4360634 ], [ 78.3869387, 17.4358066 ] ] ] } },
{ "type": "Feature", "properties": { "cn": 65, "tags": { "leisure": "park" } }, "geometry": { "type": "Polygon", "coordinates": [ [ [ 78.3891839, 17.4375164 ], [ 78.3887785, 17.43754 ], [ 78.3887444, 17.4371892 ], [ 78.388708, 17.4369109 ], [ 78.3889636, 17.4368881 ], [ 78.3890035, 17.4371622 ], [ 78.3891545, 17.4371518 ], [ 78.3891839, 17.4375164 ] ] ] } },
{ "type": "Feature", "properties": { "cn": 82, "tags": { "landuse": "residential", "residential": "slum" } }, "geometry": { "type": "Polygon", "coordinates": [ [ [ 78.3778882, 17.4595465 ], [ 78.3779572, 17.4598656 ], [ 78.3778098, 17.4598917 ], [ 78.3776898, 17.4595868 ], [ 78.3778882, 17.4595465 ] ] ] } },
{ "type": "Feature", "properties": { "cn": 82, "tags": { "landuse": "residential", "residential": "slum" } }, "geometry": { "type": "Polygon", "coordinates": [ [ [ 78.37727, 17.4595634 ], [ 78.3772685, 17.4595918 ], [ 78.3774534, 17.4595829 ], [ 78.3774492, 17.459555 ], [ 78.37727, 17.4595634 ] ] ] } },
{ "type": "Feature", "properties": { "cn": 92, "tags": { "landuse": "commercial", "name": "Site" } }, "geometry": { "type": "Polygon", "coordinates": [ [ [ 78.4221635, 17.4446614 ], [ 78.4219837, 17.4423878 ], [ 78.4242759, 17.441783 ], [ 78.4244657, 17.4433337 ], [ 78.4241326, 17.4443151 ], [ 78.4221635, 17.4446614 ] ] ] } },
{ "type": "Feature", "properties": { "cn": 82, "tags": { "landuse": "residential", "name": "Prashanthi Enclave", "residential": "apartments" } }, "geometry": { "type": "Polygon", "coordinates": [ [ [ 78.3526606, 17.4727236 ], [ 78.3526615, 17.4724083 ], [ 78.3527785, 17.4724056 ], [ 78.3527774, 17.4727248 ], [ 78.3526606, 17.4727236 ] ] ] } },
{ "type": "Feature", "properties": { "cn": 65, "tags": { "leisure": "park", "name": "Open Air Gym" } }, "geometry": { "type": "Polygon", "coordinates": [ [ [ 78.3481125, 17.4478809 ], [ 78.3481844, 17.4479541 ], [ 78.3483886, 17.4477817 ], [ 78.3483203, 17.4477082 ], [ 78.3481125, 17.4478809 ] ] ] } },
{ "type": "Feature", "properties": { "cn": 82, "tags": { "landuse": "residential", "name": "Vessella Villas" } }, "geometry": { "type": "Polygon", "coordinates": [ [ [ 78.3484519, 17.4599429 ], [ 78.3485555, 17.4599025 ], [ 78.3475234, 17.457517 ], [ 78.3464076, 17.4586988 ], [ 78.347036, 17.4604386 ], [ 78.3484519, 17.4599429 ] ] ] } },
{ "type": "Feature", "properties": { "cn": 82, "tags": { "landuse": "residential", "name": "Palm Ridge" } }, "geometry": { "type": "Polygon", "coordinates": [ [ [ 78.3475135, 17.4615073 ], [ 78.3472661, 17.4608901 ], [ 78.3479934, 17.4606599 ], [ 78.3478714, 17.4602728 ], [ 78.3485211, 17.4600229 ], [ 78.3488798, 17.46102 ], [ 78.3475135, 17.4615073 ] ] ] } },
{ "type": "Feature", "properties": { "cn": 65, "tags": { "leisure": "pitch", "sport": "basketball" } }, "geometry": { "type": "Polygon", "coordinates": [ [ [ 78.374505, 17.4261528 ], [ 78.3744561, 17.4259583 ], [ 78.3746102, 17.4259231 ], [ 78.3746591, 17.4261176 ], [ 78.374505, 17.4261528 ] ] ] } },
{ "type": "Feature", "properties": { "cn": 65, "tags": { "leisure": "pitch", "sport": "badminton" } }, "geometry": { "type": "Polygon", "coordinates": [ [ [ 78.3741893, 17.4262242 ], [ 78.3741464, 17.4260681 ], [ 78.3744548, 17.4259884 ], [ 78.3744924, 17.4261523 ], [ 78.3741893, 17.4262242 ] ] ] } },
{ "type": "Feature", "properties": { "cn": 82, "tags": { "landuse": "residential", "name": "The First by DSR", "residential": "apartments" } }, "geometry": { "type": "Polygon", "coordinates": [ [ [ 78.3744865, 17.4273218 ], [ 78.3750405, 17.427187 ], [ 78.3747007, 17.4259158 ], [ 78.3741465, 17.4260506 ], [ 78.3744865, 17.4273218 ] ] ] } },
{ "type": "Feature", "properties": { "cn": 82, "tags": { "landuse": "residential", "name": "Sai Paradise", "residential": "apartments" } }, "geometry": { "type": "Polygon", "coordinates": [ [ [ 78.3701375, 17.4939856 ], [ 78.3703127, 17.4939964 ], [ 78.3703183, 17.4938716 ], [ 78.3701417, 17.4938648 ], [ 78.3701375, 17.4939856 ] ] ] } },
{ "type": "Feature", "properties": { "cn": 98, "tags": { "intermittent": "yes", "name": "BANDAMKOMMU LAKE", "natural": "water", "water": "lake" } }, "geometry": { "type": "Polygon", "coordinates": [ [ [ 78.3192276, 17.5144166 ], [ 78.318957, 17.5144962 ], [ 78.31813, 17.5116473 ], [ 78.3180999, 17.5111433 ], [ 78.3201539, 17.5114426 ], [ 78.32134, 17.5123633 ], [ 78.3220106, 17.5125379 ], [ 78.3223727, 17.5125404 ], [ 78.322472, 17.5128785 ], [ 78.3226266, 17.5139621 ], [ 78.3192276, 17.5144166 ] ] ] } },
{ "type": "Feature", "properties": { "cn": 92, "tags": { "building": "yes", "leisure": "indoor_play", "name": "Childrens Park" } }, "geometry": { "type": "Polygon", "coordinates": [ [ [ 78.3215768, 17.5155446 ], [ 78.3215815, 17.5156049 ], [ 78.3219333, 17.5155801 ], [ 78.3219504, 17.5154734 ], [ 78.3215732, 17.5154944 ], [ 78.3215768, 17.5155446 ] ] ] } },
{ "type": "Feature", "properties": { "cn": 65, "tags": { "leisure": "pitch", "sport": "basketball" } }, "geometry": { "type": "Polygon", "coordinates": [ [ [ 78.3921628, 17.4724246 ], [ 78.3921074, 17.4723139 ], [ 78.3922857, 17.4722328 ], [ 78.3923411, 17.4723435 ], [ 78.3921628, 17.4724246 ] ] ] } },
{ "type": "Feature", "properties": { "cn": 65, "tags": { "leisure": "park" } }, "geometry": { "type": "Polygon", "coordinates": [ [ [ 78.3922729, 17.4727683 ], [ 78.3921785, 17.4725866 ], [ 78.3929824, 17.4722064 ], [ 78.3930768, 17.4723879 ], [ 78.3922729, 17.4727683 ] ] ] } },
{ "type": "Feature", "properties": { "cn": 65, "tags": { "leisure": "pitch", "sport": "tennis" } }, "geometry": { "type": "Polygon", "coordinates": [ [ [ 78.3940118, 17.4745835 ], [ 78.3939098, 17.4743882 ], [ 78.3940152, 17.474338 ], [ 78.3941173, 17.4745333 ], [ 78.3940118, 17.4745835 ] ] ] } },
{ "type": "Feature", "properties": { "cn": 65, "tags": { "leisure": "park" } }, "geometry": { "type": "Polygon", "coordinates": [ [ [ 78.3936346, 17.4800566 ], [ 78.3933759, 17.4799017 ], [ 78.3938144, 17.4792518 ], [ 78.3936346, 17.4800566 ] ] ] } },
{ "type": "Feature", "properties": { "cn": 65, "tags": { "leisure": "pitch", "sport": "basketball" } }, "geometry": { "type": "Polygon", "coordinates": [ [ [ 78.3999273, 17.48599 ], [ 78.4000634, 17.4859536 ], [ 78.3999838, 17.4856827 ], [ 78.3998477, 17.4857191 ], [ 78.3999273, 17.48599 ] ] ] } },
{ "type": "Feature", "properties": { "cn": 65, "tags": { "leisure": "pitch" } }, "geometry": { "type": "Polygon", "coordinates": [ [ [ 78.4001363, 17.4855308 ], [ 78.4000704, 17.4853108 ], [ 78.4004588, 17.4852049 ], [ 78.4005247, 17.4854249 ], [ 78.4001363, 17.4855308 ] ] ] } },
{ "type": "Feature", "properties": { "cn": 82, "tags": { "addr:city": "Hyderabad", "addr:district": "RR Dist", "addr:housenumber": "Road no: 5", "addr:postcode": "500049", "addr:street": "Vishwambhar enclave", "landuse": "residential", "name": "sarojini nilayam plot no 49 & 50", "operator": "Residential complex", "residential": "apartments" } }, "geometry": { "type": "Polygon", "coordinates": [ [ [ 78.373481, 17.4878912 ], [ 78.3736053, 17.4878356 ], [ 78.3735152, 17.4876613 ], [ 78.373396, 17.4877145 ], [ 78.3734353, 17.4877968 ], [ 78.3734543, 17.4878404 ], [ 78.3734619, 17.4878561 ], [ 78.3734708, 17.4878791 ], [ 78.373481, 17.4878912 ] ] ] } },
{ "type": "Feature", "properties": { "cn": 92, "tags": { "landuse": "commercial", "name": "HMWTSC", "office": "water_utility" } }, "geometry": { "type": "Polygon", "coordinates": [ [ [ 78.4250829, 17.5049389 ], [ 78.4250306, 17.5045995 ], [ 78.4255212, 17.504489 ], [ 78.4255222, 17.5048639 ], [ 78.4250829, 17.5049389 ] ] ] } },
{ "type": "Feature", "properties": { "cn": 92, "tags": { "landuse": "commercial" } }, "geometry": { "type": "Polygon", "coordinates": [ [ [ 78.4259452, 17.5058197 ], [ 78.4266457, 17.5057996 ], [ 78.4266193, 17.5054574 ], [ 78.4259846, 17.5054252 ], [ 78.4260136, 17.5054417 ], [ 78.4260133, 17.5054584 ], [ 78.4261097, 17.5055177 ], [ 78.4259452, 17.5058197 ] ] ] } },
{ "type": "Feature", "properties": { "cn": 92, "tags": { "landuse": "commercial" } }, "geometry": { "type": "Polygon", "coordinates": [ [ [ 78.4248559, 17.5070547 ], [ 78.4248883, 17.5068614 ], [ 78.4254817, 17.5069685 ], [ 78.4254419, 17.5071711 ], [ 78.4248559, 17.5070547 ] ] ] } },
{ "type": "Feature", "properties": { "cn": 92, "tags": { "construction": "hotel", "landuse": "construction", "name": "Prestige Oberoi (u/c)", "source": "https://parivesh.nic.in/newupgrade/#/report/ec?proposalId=1221661053&legacyApplicationId=0" } }, "geometry": { "type": "Polygon", "coordinates": [ [ [ 78.3785097, 17.4384022 ], [ 78.3790106, 17.4379778 ], [ 78.3790193, 17.4379104 ], [ 78.3789376, 17.4377873 ], [ 78.3787597, 17.437554 ], [ 78.3784121, 17.4371907 ], [ 78.3781808, 17.4369419 ], [ 78.3776178, 17.4373962 ], [ 78.3785097, 17.4384022 ] ] ] } },
{ "type": "Feature", "properties": { "cn": 92, "tags": { "landuse": "construction" } }, "geometry": { "type": "Polygon", "coordinates": [ [ [ 78.3808472, 17.4420043 ], [ 78.3806353, 17.4420273 ], [ 78.3804073, 17.4420631 ], [ 78.3803108, 17.4421066 ], [ 78.3802196, 17.4422039 ], [ 78.3801686, 17.4422806 ], [ 78.3801284, 17.4423984 ], [ 78.380115, 17.4425852 ], [ 78.3801203, 17.4428231 ], [ 78.3801499, 17.4429434 ], [ 78.3802276, 17.4430944 ], [ 78.3803322, 17.4432325 ], [ 78.3804556, 17.4433426 ], [ 78.3805683, 17.4434373 ], [ 78.3806782, 17.4435038 ], [ 78.3807256, 17.4435429 ], [ 78.3810943, 17.4432211 ], [ 78.3808905, 17.4429653 ], [ 78.3807832, 17.4424944 ], [ 78.3808476, 17.4422948 ], [ 78.3808472, 17.4420043 ] ] ] } },
{ "type": "Feature", "properties": { "cn": 92, "tags": { "landuse": "construction" } }, "geometry": { "type": "Polygon", "coordinates": [ [ [ 78.3700451, 17.4378967 ], [ 78.3696574, 17.4371872 ], [ 78.3689868, 17.4376018 ], [ 78.3682841, 17.4378628 ], [ 78.3687133, 17.4387738 ], [ 78.3690469, 17.4393565 ], [ 78.3696004, 17.4402167 ], [ 78.3709395, 17.4398895 ], [ 78.3715832, 17.4397257 ], [ 78.3716064, 17.4397105 ], [ 78.3716263, 17.4396915 ], [ 78.3716422, 17.4396694 ], [ 78.3716562, 17.4396369 ], [ 78.3716617, 17.4396021 ], [ 78.3716583, 17.439567 ], [ 78.3715064, 17.4389932 ], [ 78.370603, 17.4393949 ], [ 78.3701513, 17.4384856 ], [ 78.3698527, 17.4379852 ], [ 78.3700451, 17.4378967 ] ] ] } },
{ "type": "Feature", "properties": { "cn": 92, "tags": { "landuse": "construction" } }, "geometry": { "type": "Polygon", "coordinates": [ [ [ 78.3802382, 17.4370429 ], [ 78.3795637, 17.4375949 ], [ 78.3794381, 17.4376005 ], [ 78.3793149, 17.4375648 ], [ 78.3780194, 17.4360633 ], [ 78.3788146, 17.4353748 ], [ 78.3802382, 17.4370429 ] ] ] } },
{ "type": "Feature", "properties": { "cn": 92, "tags": { "industrial": "depot", "landuse": "industrial", "name": "TGSRTC Bus Depot , Kukatpally" } }, "geometry": { "type": "Polygon", "coordinates": [ [ [ 78.4260629, 17.4740364 ], [ 78.4265321, 17.4731331 ], [ 78.4262403, 17.4727947 ], [ 78.4257653, 17.4728356 ], [ 78.4252718, 17.4736016 ], [ 78.4260629, 17.4740364 ] ] ] } },
{ "type": "Feature", "properties": { "cn": 92, "tags": { "industrial": "depot", "landuse": "industrial", "name": "TGSRTC Bus Depot , Miyapur - 2" } }, "geometry": { "type": "Polygon", "coordinates": [ [ [ 78.35921, 17.5127934 ], [ 78.3608782, 17.5129883 ], [ 78.3610172, 17.5122657 ], [ 78.3599678, 17.5119668 ], [ 78.3599051, 17.5123255 ], [ 78.3591828, 17.5122735 ], [ 78.35921, 17.5127934 ] ] ] } },
{ "type": "Feature", "properties": { "cn": 92, "tags": { "industrial": "depot", "landuse": "industrial", "name": "TGSRTC Bus Depot , Miyapur - 1" } }, "geometry": { "type": "Polygon", "coordinates": [ [ [ 78.3589039, 17.5137534 ], [ 78.3606621, 17.5141129 ], [ 78.3607525, 17.513509 ], [ 78.3604178, 17.5133451 ], [ 78.3604178, 17.5130287 ], [ 78.3591482, 17.512928 ], [ 78.3589039, 17.5137534 ] ] ] } },
{ "type": "Feature", "properties": { "cn": 98, "tags": { "natural": "water", "water": "pond" } }, "geometry": { "type": "Polygon", "coordinates": [ [ [ 78.3214107, 17.4548475 ], [ 78.321505, 17.4548483 ], [ 78.3215697, 17.4548368 ], [ 78.3215785, 17.4547301 ], [ 78.3216672, 17.4547126 ], [ 78.3218054, 17.4546752 ], [ 78.3219173, 17.4546371 ], [ 78.3220483, 17.4545761 ], [ 78.3220899, 17.4545083 ], [ 78.3220755, 17.4544016 ], [ 78.3220068, 17.4543581 ], [ 78.3219605, 17.4544184 ], [ 78.3218917, 17.4544229 ], [ 78.3218686, 17.4543879 ], [ 78.3218773, 17.4543513 ], [ 78.321839, 17.4543215 ], [ 78.3217958, 17.4542926 ], [ 78.3217887, 17.4541942 ], [ 78.3217175, 17.4541516 ], [ 78.321644, 17.4541714 ], [ 78.3215665, 17.4541706 ], [ 78.3215146, 17.4543475 ], [ 78.3215138, 17.4544969 ], [ 78.3214666, 17.4545777 ], [ 78.3213723, 17.4545929 ], [ 78.321354, 17.4546562 ], [ 78.3213588, 17.4547499 ], [ 78.3213779, 17.4548391 ], [ 78.3214107, 17.4548475 ] ] ] } },
{ "type": "Feature", "properties": { "cn": 98, "tags": { "natural": "water", "water": "pond" } }, "geometry": { "type": "Polygon", "coordinates": [ [ [ 78.3219002, 17.4526882 ], [ 78.3218094, 17.452603 ], [ 78.321781, 17.452469 ], [ 78.3217328, 17.4523851 ], [ 78.3217413, 17.4523012 ], [ 78.3218329, 17.4522143 ], [ 78.3219101, 17.4522281 ], [ 78.3219654, 17.4522795 ], [ 78.3220194, 17.4524122 ], [ 78.3220818, 17.4525434 ], [ 78.3220789, 17.4526043 ], [ 78.3219711, 17.4526557 ], [ 78.3219244, 17.4526772 ], [ 78.3219002, 17.4526882 ] ] ] } },
{ "type": "Feature", "properties": { "cn": 82, "tags": { "landuse": "residential", "name": "Indis Viva City", "residential": "apartments" } }, "geometry": { "type": "Polygon", "coordinates": [ [ [ 78.3449406, 17.4812372 ], [ 78.3460957, 17.4809037 ], [ 78.3461097, 17.48077 ], [ 78.3456594, 17.4793715 ], [ 78.3455925, 17.4793396 ], [ 78.34449, 17.4796814 ], [ 78.3444601, 17.4797486 ], [ 78.3444646, 17.4797769 ], [ 78.3449229, 17.4812497 ], [ 78.3460552, 17.4809289 ], [ 78.3449406, 17.4812372 ] ] ] } },
{ "type": "Feature", "properties": { "cn": 70, "tags": { "landuse": "forest" } }, "geometry": { "type": "Polygon", "coordinates": [ [ [ 78.3403023, 17.4284438 ], [ 78.3404209, 17.4286526 ], [ 78.3404856, 17.4286232 ], [ 78.3406767, 17.4289671 ], [ 78.3410371, 17.4287584 ], [ 78.3406674, 17.4281572 ], [ 78.3405688, 17.428219 ], [ 78.3404394, 17.4282322 ], [ 78.3403901, 17.4283468 ], [ 78.3403454, 17.4284056 ], [ 78.3403023, 17.4284438 ] ] ] } },
{ "type": "Feature", "properties": { "cn": 98, "tags": { "natural": "water", "water": "pond" } }, "geometry": { "type": "Polygon", "coordinates": [ [ [ 78.4168752, 17.4210261 ], [ 78.4168258, 17.4210094 ], [ 78.4168003, 17.4209596 ], [ 78.4168028, 17.4209161 ], [ 78.4168001, 17.4208802 ], [ 78.4168157, 17.4208558 ], [ 78.4168604, 17.4208306 ], [ 78.4168922, 17.4208301 ], [ 78.4169215, 17.4208185 ], [ 78.4169491, 17.4208097 ], [ 78.416977, 17.4208097 ], [ 78.4169991, 17.4208429 ], [ 78.4170182, 17.4208571 ], [ 78.4170329, 17.4208738 ], [ 78.4170474, 17.4209041 ], [ 78.4170361, 17.4209437 ], [ 78.4170312, 17.4209652 ], [ 78.4170123, 17.4209771 ], [ 78.4169874, 17.4209959 ], [ 78.4169531, 17.4210108 ], [ 78.41691, 17.4210234 ], [ 78.4168752, 17.4210261 ] ] ] } },
{ "type": "Feature", "properties": { "cn": 92, "tags": { "landuse": "construction" } }, "geometry": { "type": "Polygon", "coordinates": [ [ [ 78.4144447, 17.4248767 ], [ 78.4142986, 17.4249665 ], [ 78.4150195, 17.4258683 ], [ 78.4153078, 17.4261392 ], [ 78.4154224, 17.4262339 ], [ 78.4155965, 17.426349 ], [ 78.4157971, 17.426414 ], [ 78.4161286, 17.4264372 ], [ 78.4165014, 17.4263838 ], [ 78.4168746, 17.4263231 ], [ 78.417362, 17.4261577 ], [ 78.4144447, 17.4248767 ] ] ] } },
{ "type": "Feature", "properties": { "cn": 82, "tags": { "landuse": "residential", "name": "Sairam Towers", "residential": "apartments" } }, "geometry": { "type": "Polygon", "coordinates": [ [ [ 78.3534487, 17.4874779 ], [ 78.3533495, 17.4872579 ], [ 78.3534796, 17.4871952 ], [ 78.3534662, 17.487153 ], [ 78.3533334, 17.487208 ], [ 78.3532489, 17.4869931 ], [ 78.3542467, 17.4865953 ], [ 78.3544465, 17.4870929 ], [ 78.3541622, 17.4872003 ], [ 78.3540831, 17.4869727 ], [ 78.3539315, 17.4870289 ], [ 78.3539061, 17.4869471 ], [ 78.3537733, 17.486997 ], [ 78.3537921, 17.4870891 ], [ 78.3536714, 17.4871364 ], [ 78.3537478, 17.4873577 ], [ 78.3534487, 17.4874779 ] ] ] } },
{ "type": "Feature", "properties": { "cn": 82, "tags": { "landuse": "residential", "name": "Vessella Woods" } }, "geometry": { "type": "Polygon", "coordinates": [ [ [ 78.3388642, 17.486642 ], [ 78.3399143, 17.486484 ], [ 78.3393631, 17.4836149 ], [ 78.3383331, 17.4838094 ], [ 78.3388642, 17.486642 ] ] ] } },
{ "type": "Feature", "properties": { "cn": 82, "tags": { "landuse": "residential", "name": "MyHome Mangala", "residential": "apartments" } }, "geometry": { "type": "Polygon", "coordinates": [ [ [ 78.3446984, 17.4762424 ], [ 78.3456495, 17.4761674 ], [ 78.3466435, 17.4759969 ], [ 78.3481488, 17.4756217 ], [ 78.348846, 17.4753864 ], [ 78.3486744, 17.4748612 ], [ 78.348045, 17.4737454 ], [ 78.3471337, 17.4738126 ], [ 78.3471384, 17.4742562 ], [ 78.3465278, 17.4742741 ], [ 78.3465137, 17.4744757 ], [ 78.3460252, 17.4745429 ], [ 78.3457856, 17.4746729 ], [ 78.3446066, 17.4752284 ], [ 78.3446984, 17.4762424 ] ] ] } },
{ "type": "Feature", "properties": { "cn": 82, "tags": { "landuse": "residential", "name": "Myscape Sanctuary", "residential": "apartments" } }, "geometry": { "type": "Polygon", "coordinates": [ [ [ 78.3761899, 17.4759277 ], [ 78.3760826, 17.4751959 ], [ 78.3776329, 17.4750169 ], [ 78.377928, 17.4757383 ], [ 78.3761899, 17.4759277 ] ] ] } },
{ "type": "Feature", "properties": { "cn": 82, "tags": { "landuse": "residential", "name": "The Sankalp", "residential": "apartments" } }, "geometry": { "type": "Polygon", "coordinates": [ [ [ 78.3765118, 17.4761681 ], [ 78.3772091, 17.4766542 ], [ 78.3775364, 17.476511 ], [ 78.3774935, 17.4759635 ], [ 78.3764796, 17.4760658 ], [ 78.3765118, 17.4761681 ] ] ] } },
{ "type": "Feature", "properties": { "cn": 92, "tags": { "building": "yes", "leisure": "fitness_centre" } }, "geometry": { "type": "Polygon", "coordinates": [ [ [ 78.3582666, 17.4191994 ], [ 78.3589754, 17.4215784 ], [ 78.3575494, 17.4222388 ], [ 78.3569656, 17.420186 ], [ 78.3570407, 17.4199155 ], [ 78.3572909, 17.4196927 ], [ 78.3576328, 17.4195335 ], [ 78.3582666, 17.4191994 ] ] ] } },
{ "type": "Feature", "properties": { "cn": 98, "tags": { "natural": "water", "water": "lake" } }, "geometry": { "type": "Polygon", "coordinates": [ [ [ 78.3297832, 17.5171351 ], [ 78.3297722, 17.5176226 ], [ 78.3300558, 17.5179839 ], [ 78.3305866, 17.5182709 ], [ 78.3313689, 17.5178139 ], [ 78.3317072, 17.5164832 ], [ 78.3345755, 17.5156633 ], [ 78.3346812, 17.5153743 ], [ 78.3326022, 17.5152264 ], [ 78.3311927, 17.5148501 ], [ 78.3303188, 17.5148837 ], [ 78.3298748, 17.5152399 ], [ 78.3298044, 17.5163017 ], [ 78.3297832, 17.5171351 ] ] ] } },
{ "type": "Feature", "properties": { "cn": 65, "tags": { "access": "yes", "addr:city": "Hyderabad", "addr:district": "Medchal Malkajgiri", "addr:postcode": "500072", "addr:street": "Bhashyam School Road", "leisure": "park", "name": "Sapthagiri Park", "opening_hours": "sunrise-sunset", "operator": "Residents", "operator:type": "private" } }, "geometry": { "type": "Polygon", "coordinates": [ [ [ 78.4162648, 17.4964504 ], [ 78.4165733, 17.4962901 ], [ 78.4163807, 17.4959772 ], [ 78.4160551, 17.4961521 ], [ 78.4162648, 17.4964504 ] ] ] } },
{ "type": "Feature", "properties": { "cn": 82, "tags": { "landuse": "residential", "residential": "apartments" } }, "geometry": { "type": "Polygon", "coordinates": [ [ [ 78.4237341, 17.4987208 ], [ 78.4236373, 17.4984378 ], [ 78.4238809, 17.4983901 ], [ 78.4239656, 17.4986609 ], [ 78.4237341, 17.4987208 ] ] ] } },
{ "type": "Feature", "properties": { "cn": 82, "tags": { "landuse": "residential", "residential": "apartments" } }, "geometry": { "type": "Polygon", "coordinates": [ [ [ 78.4235442, 17.498475 ], [ 78.4236241, 17.4984594 ], [ 78.4236041, 17.4983433 ], [ 78.4235096, 17.4983693 ], [ 78.4235442, 17.498475 ] ] ] } },
{ "type": "Feature", "properties": { "cn": 82, "tags": { "landuse": "residential", "residential": "apartments" } }, "geometry": { "type": "Polygon", "coordinates": [ [ [ 78.4235623, 17.4986706 ], [ 78.4236641, 17.4986115 ], [ 78.4237216, 17.4987367 ], [ 78.4236172, 17.4987755 ], [ 78.4235623, 17.4986706 ] ] ] } },
{ "type": "Feature", "properties": { "cn": 82, "tags": { "landuse": "residential", "residential": "apartments" } }, "geometry": { "type": "Polygon", "coordinates": [ [ [ 78.4230874, 17.4982007 ], [ 78.4232644, 17.4981487 ], [ 78.4233514, 17.4982978 ], [ 78.4231508, 17.4983625 ], [ 78.4230874, 17.4982007 ] ] ] } },
{ "type": "Feature", "properties": { "cn": 82, "tags": { "landuse": "residential", "residential": "apartments" } }, "geometry": { "type": "Polygon", "coordinates": [ [ [ 78.4236626, 17.4981894 ], [ 78.4236243, 17.4980727 ], [ 78.4237718, 17.4980277 ], [ 78.4238087, 17.4981655 ], [ 78.4236626, 17.4981894 ] ] ] } },
{ "type": "Feature", "properties": { "cn": 82, "tags": { "landuse": "residential" } }, "geometry": { "type": "Polygon", "coordinates": [ [ [ 78.4239158, 17.4989727 ], [ 78.4239047, 17.4989211 ], [ 78.42397, 17.4989044 ], [ 78.4239827, 17.498959 ], [ 78.4239206, 17.4989302 ], [ 78.4239158, 17.4989727 ] ] ] } },
{ "type": "Feature", "properties": { "cn": 82, "tags": { "landuse": "residential", "residential": "apartments" } }, "geometry": { "type": "Polygon", "coordinates": [ [ [ 78.4241881, 17.4988224 ], [ 78.4241658, 17.4987343 ], [ 78.4242517, 17.4987161 ], [ 78.4242613, 17.4988042 ], [ 78.4241881, 17.4988224 ] ] ] } },
{ "type": "Feature", "properties": { "cn": 82, "tags": { "landuse": "residential", "residential": "apartments" } }, "geometry": { "type": "Polygon", "coordinates": [ [ [ 78.4238856, 17.4981786 ], [ 78.4238554, 17.4981042 ], [ 78.4239652, 17.4980784 ], [ 78.4239986, 17.4981392 ], [ 78.4238856, 17.4981786 ] ] ] } },
{ "type": "Feature", "properties": { "cn": 82, "tags": { "landuse": "residential", "residential": "apartments" } }, "geometry": { "type": "Polygon", "coordinates": [ [ [ 78.4243345, 17.4982652 ], [ 78.424317, 17.4981893 ], [ 78.4244046, 17.4981589 ], [ 78.4244221, 17.4982242 ], [ 78.4243345, 17.4982652 ] ] ] } },
{ "type": "Feature", "properties": { "cn": 65, "tags": { "leisure": "park" } }, "geometry": { "type": "Polygon", "coordinates": [ [ [ 78.4240114, 17.4995511 ], [ 78.423927, 17.4993006 ], [ 78.4241355, 17.4992612 ], [ 78.4242326, 17.4994828 ], [ 78.4240114, 17.4995511 ] ] ] } },
{ "type": "Feature", "properties": { "cn": 65, "tags": { "leisure": "pitch", "sport": "volleyball" } }, "geometry": { "type": "Polygon", "coordinates": [ [ [ 78.3463578, 17.4455209 ], [ 78.3461351, 17.4457071 ], [ 78.3463321, 17.4459255 ], [ 78.3465465, 17.445745 ], [ 78.3463578, 17.4455209 ] ] ] } },
{ "type": "Feature", "properties": { "cn": 65, "tags": { "leisure": "pitch", "sport": "tennis" } }, "geometry": { "type": "Polygon", "coordinates": [ [ [ 78.3463321, 17.4459255 ], [ 78.3461351, 17.4457071 ], [ 78.3459625, 17.4458485 ], [ 78.3461622, 17.4460686 ], [ 78.3463321, 17.4459255 ] ] ] } },
{ "type": "Feature", "properties": { "cn": 65, "tags": { "leisure": "pitch", "sport": "cricket" } }, "geometry": { "type": "Polygon", "coordinates": [ [ [ 78.3459625, 17.4458485 ], [ 78.3458823, 17.4459159 ], [ 78.3460784, 17.4461392 ], [ 78.3461622, 17.4460686 ], [ 78.3459625, 17.4458485 ] ] ] } }
]
}
